{
  "resourceType" : "AllergyIntolerance",
  "id" : "example",
  "meta" : {
    "profile" : ["http://hl7.org/fhir/us/core/StructureDefinition/us-core-allergyintolerance|8.0.0"]
  },
  "text" : {
    "status" : "generated",
    "div" : "<div xmlns=\"http://www.w3.org/1999/xhtml\"><p class=\"res-header-id\"><b>Generated Narrative: AllergyIntolerance example</b></p><a name=\"example\"> </a><a name=\"hcexample\"> </a><a name=\"example-en-US\"> </a><div style=\"display: inline-block; background-color: #d9e0e7; padding: 6px; margin: 4px; border: 1px solid #8da1b4; border-radius: 5px; line-height: 60%\"><p style=\"margin-bottom: 0px\"/><p style=\"margin-bottom: 0px\">Profile: <a href=\"StructureDefinition-us-core-allergyintolerance.html\">US Core AllergyIntolerance Profileversion: null8.0.0)</a></p></div><p><b>clinicalStatus</b>: <span title=\"Codes:{http://terminology.hl7.org/CodeSystem/allergyintolerance-clinical active}\">Active</span></p><p><b>verificationStatus</b>: <span title=\"Codes:{http://terminology.hl7.org/CodeSystem/allergyintolerance-verification confirmed}\">Confirmed</span></p><p><b>category</b>: Medication</p><p><b>criticality</b>: High Risk</p><p><b>code</b>: <span title=\"Codes:{http://snomed.info/sct 763875007}\">sulfonamide antibacterial</span></p><p><b>patient</b>: <a href=\"Patient-example.html\">Amy V. Shaw</a></p><p><b>recorder</b>: <a href=\"Practitioner-practitioner-1.html\">Dr Ronald Bone</a></p><h3>Reactions</h3><table class=\"grid\"><tr><td style=\"display: none\">-</td><td><b>Manifestation</b></td><td><b>Severity</b></td></tr><tr><td style=\"display: none\">*</td><td><span title=\"Codes:{http://snomed.info/sct 271807003}\">skin rash</span></td><td>Mild</td></tr></table></div>"
  },
  "clinicalStatus" : {
    "coding" : [{
      "system" : "http://terminology.hl7.org/CodeSystem/allergyintolerance-clinical",
      "code" : "active"
    }]
  },
  "verificationStatus" : {
    "coding" : [{
      "system" : "http://terminology.hl7.org/CodeSystem/allergyintolerance-verification",
      "code" : "confirmed"
    }]
  },
  "category" : ["medication"],
  "criticality" : "high",
  "code" : {
    "coding" : [{
      "system" : "http://snomed.info/sct",
      "version" : "http://snomed.info/sct/731000124108",
      "code" : "763875007",
      "display" : "Product containing sulfonamide (product)"
    }],
    "text" : "sulfonamide antibacterial"
  },
  "patient" : {
    "reference" : "Patient/example",
    "display" : "Amy V. Shaw"
  },
  "recorder" : {
    "reference" : "Practitioner/practitioner-1",
    "display" : "Dr Ronald Bone"
  },
  "reaction" : [{
    "manifestation" : [{
      "coding" : [{
        "system" : "http://snomed.info/sct",
        "version" : "http://snomed.info/sct/731000124108",
        "code" : "271807003",
        "display" : "skin rash"
      }],
      "text" : "skin rash"
    }],
    "severity" : "mild"
  }]
}