{
  "resourceType" : "DiagnosticReport",
  "id" : "metabolic-panel",
  "meta" : {
    "lastUpdated" : "2005-07-06T15:29:58.597Z",
    "profile" : ["http://hl7.org/fhir/us/core/StructureDefinition/us-core-diagnosticreport-lab|8.0.0"]
  },
  "text" : {
    "status" : "generated",
    "div" : "<div xmlns=\"http://www.w3.org/1999/xhtml\"><p class=\"res-header-id\"><b>Generated Narrative: DiagnosticReport metabolic-panel</b></p><a name=\"metabolic-panel\"> </a><a name=\"hcmetabolic-panel\"> </a><a name=\"metabolic-panel-en-US\"> </a><div style=\"display: inline-block; background-color: #d9e0e7; padding: 6px; margin: 4px; border: 1px solid #8da1b4; border-radius: 5px; line-height: 60%\"><p style=\"margin-bottom: 0px\">Last updated: 2005-07-06 15:29:58+0000</p><p style=\"margin-bottom: 0px\">Profile: <a href=\"StructureDefinition-us-core-diagnosticreport-lab.html\">US Core DiagnosticReport Profile for Laboratory Results Reportingversion: null8.0.0)</a></p></div><h2><span title=\"Codes:{http://loinc.org 24321-2}\">Basic Metabolic Panel (BMP)</span> (<span title=\"Codes:{http://terminology.hl7.org/CodeSystem/v2-0074 LAB}\">Laboratory</span>) </h2><table class=\"grid\"><tr><td>Subject</td><td>Amy V. Baxter  (no stated gender), DoB: 1987-02-20 ( Medical Record Number:\u00a01032702\u00a0(use:\u00a0usual,\u00a0))</td></tr><tr><td>When For</td><td>2005-07-04</td></tr><tr><td>Reported</td><td>2005-07-06 11:45:33+0000</td></tr><tr><td>Performer</td><td> <a href=\"Organization-acme-lab.html\">Acme Laboratory, Inc</a></td></tr></table><p><b>Report Details</b></p><table class=\"grid\"><tr><td><b>Code</b></td><td><b>Value</b></td><td><b>Reference Range</b></td><td><b>Flags</b></td><td><b>When For</b></td></tr><tr><td><a href=\"Observation-serum-sodium.html\"><span title=\"Codes:{http://loinc.org 2951-2}\">Sodium, Blood</span></a></td><td>137 mmol/L<span style=\"background: LightGoldenRodYellow\"> (Details: UCUM  codemmol/L = 'mmol/L')</span></td><td><span title=\"Codes:{http://terminology.hl7.org/CodeSystem/referencerange-meaning normal}\">Normal Range</span>: 135 mmol/L<span style=\"background: LightGoldenRodYellow\"> (Details: UCUM  codemmol/L = 'mmol/L')</span> - 145 mmol/L<span style=\"background: LightGoldenRodYellow\"> (Details: UCUM  codemmol/L = 'mmol/L')</span></td><td>Final, <span title=\"Codes:{http://terminology.hl7.org/CodeSystem/v3-ObservationInterpretation N}\">Normal</span></td><td>2005-07-05</td></tr><tr><td><a href=\"Observation-serum-potassium.html\"><span title=\"Codes:{http://loinc.org 2823-3}\">Potassium, Blood</span></a></td><td>5.4 mmol/L<span style=\"background: LightGoldenRodYellow\"> (Details: UCUM  codemmol/L = 'mmol/L')</span></td><td><span title=\"Codes:{http://terminology.hl7.org/CodeSystem/referencerange-meaning normal}\">Normal Range</span>: 3.5 mmol/L<span style=\"background: LightGoldenRodYellow\"> (Details: UCUM  codemmol/L = 'mmol/L')</span> - 5.5 mmol/L<span style=\"background: LightGoldenRodYellow\"> (Details: UCUM  codemmol/L = 'mmol/L')</span></td><td>Final, <span title=\"Codes:{http://terminology.hl7.org/CodeSystem/v3-ObservationInterpretation N}\">Normal</span></td><td>2005-07-05</td></tr><tr><td><a href=\"Observation-serum-creatinine.html\"><span title=\"Codes:{http://loinc.org 2160-0}\">Creatinine, Blood</span></a></td><td>1 mg/dL<span style=\"background: LightGoldenRodYellow\"> (Details: UCUM  codemg/dL = 'mg/dL')</span></td><td><span title=\"Codes:{http://terminology.hl7.org/CodeSystem/referencerange-meaning normal}\">Normal Range</span>: 0.2 mg/dL<span style=\"background: LightGoldenRodYellow\"> (Details: UCUM  codemg/dL = 'mg/dL')</span> - 0.6 mg/dL<span style=\"background: LightGoldenRodYellow\"> (Details: UCUM  codemg/dL = 'mg/dL')</span></td><td>Final, <span title=\"Codes:{http://terminology.hl7.org/CodeSystem/v3-ObservationInterpretation H}\">High</span></td><td>2005-07-05</td></tr><tr><td><a href=\"Observation-serum-co2.html\"><span title=\"Codes:{http://loinc.org 2028-9}\">Carbon Dioxide (CO2), Blood</span></a></td><td>24 mmol/L<span style=\"background: LightGoldenRodYellow\"> (Details: UCUM  codemmol/L = 'mmol/L')</span></td><td><span title=\"Codes:{http://terminology.hl7.org/CodeSystem/referencerange-meaning normal}\">Normal Range</span>: 22 mmol/L<span style=\"background: LightGoldenRodYellow\"> (Details: UCUM  codemmol/L = 'mmol/L')</span> - 29 mmol/L<span style=\"background: LightGoldenRodYellow\"> (Details: UCUM  codemmol/L = 'mmol/L')</span></td><td>Final, <span title=\"Codes:{http://terminology.hl7.org/CodeSystem/v3-ObservationInterpretation N}\">Normal</span></td><td>2005-07-05</td></tr><tr><td><a href=\"Observation-serum-chloride.html\"><span title=\"Codes:{http://loinc.org 2075-0}\">Chloride, Blood</span></a></td><td>105 mmol/L<span style=\"background: LightGoldenRodYellow\"> (Details: UCUM  codemmol/L = 'mmol/L')</span></td><td><span title=\"Codes:{http://terminology.hl7.org/CodeSystem/referencerange-meaning normal}\">Normal Range</span>: 95 mmol/L<span style=\"background: LightGoldenRodYellow\"> (Details: UCUM  codemmol/L = 'mmol/L')</span> - 105 mmol/L<span style=\"background: LightGoldenRodYellow\"> (Details: UCUM  codemmol/L = 'mmol/L')</span></td><td>Final, <span title=\"Codes:{http://terminology.hl7.org/CodeSystem/v3-ObservationInterpretation N}\">Normal</span></td><td>2005-07-05</td></tr><tr><td><a href=\"Observation-serum-calcium.html\"><span title=\"Codes:{http://loinc.org 17861-6}\">Calcium, Blood</span></a></td><td>7.7 mg/dL</td><td><span title=\"Codes:{http://terminology.hl7.org/CodeSystem/referencerange-meaning normal}\">Normal Range</span>: 8.5 mg/dL<span style=\"background: LightGoldenRodYellow\"> (Details: UCUM  codemg/dL = 'mg/dL')</span> - 10.5 mg/dL<span style=\"background: LightGoldenRodYellow\"> (Details: UCUM  codemg/dL = 'mg/dL')</span></td><td>Final, <span title=\"Codes:{http://terminology.hl7.org/CodeSystem/v3-ObservationInterpretation L}\">Low</span></td><td>2005-07-05</td></tr><tr><td><a href=\"Observation-serum-bun.html\"><span title=\"Codes:{http://loinc.org 3094-0}\">Urea Nitrogen (BUN), Blood</span></a></td><td>10 mg/dL</td><td><span title=\"Codes:{http://terminology.hl7.org/CodeSystem/referencerange-meaning normal}\">Normal Range</span>: 5 mg/dL<span style=\"background: LightGoldenRodYellow\"> (Details: UCUM  codemg/dL = 'mg/dL')</span> - 20 mg/dL<span style=\"background: LightGoldenRodYellow\"> (Details: UCUM  codemg/dL = 'mg/dL')</span></td><td>Final, <span title=\"Codes:{http://terminology.hl7.org/CodeSystem/v3-ObservationInterpretation N}\">Normal</span></td><td>2005-07-05</td></tr><tr><td><a href=\"Observation-serum-glucose.html\"><span title=\"Codes:{http://loinc.org 2345-7}\">Glucose, Blood</span></a></td><td>76 mg/dL<span style=\"background: LightGoldenRodYellow\"> (Details: UCUM  codemg/dL = 'mg/dL')</span></td><td><span title=\"Codes:{http://terminology.hl7.org/CodeSystem/referencerange-meaning normal}\">Normal Range</span>: 40 mg/dL<span style=\"background: LightGoldenRodYellow\"> (Details: UCUM  codemg/dL = 'mg/dL')</span> - 109 mg/dL<span style=\"background: LightGoldenRodYellow\"> (Details: UCUM  codemg/dL = 'mg/dL')</span></td><td>Final, <span title=\"Codes:{http://terminology.hl7.org/CodeSystem/v3-ObservationInterpretation N}\">Normal</span></td><td>2005-07-05</td></tr></table></div>"
  },
  "basedOn" : [{
    "reference" : "ServiceRequest/bmp",
    "display" : "Basic Metabolic Panel (BMP) Order"
  }],
  "status" : "final",
  "category" : [{
    "coding" : [{
      "system" : "http://terminology.hl7.org/CodeSystem/v2-0074",
      "code" : "LAB",
      "display" : "Laboratory"
    }]
  }],
  "code" : {
    "coding" : [{
      "system" : "http://loinc.org",
      "code" : "24321-2",
      "display" : "Basic metabolic 2000 panel - Serum or Plasma"
    }],
    "text" : "Basic Metabolic Panel (BMP)"
  },
  "subject" : {
    "reference" : "Patient/example",
    "display" : "Amy Shaw"
  },
  "encounter" : {
    "reference" : "Encounter/example-1",
    "display" : "Office Visit"
  },
  "effectiveDateTime" : "2005-07-04",
  "issued" : "2005-07-06T11:45:33Z",
  "performer" : [{
    "reference" : "Organization/acme-lab",
    "display" : "Acme Laboratory, Inc"
  }],
  "result" : [{
    "reference" : "Observation/serum-sodium",
    "display" : "SODIUM"
  },
  {
    "reference" : "Observation/serum-potassium",
    "display" : "Potassium"
  },
  {
    "reference" : "Observation/serum-creatinine",
    "display" : "CREATININE"
  },
  {
    "reference" : "Observation/serum-co2",
    "display" : "TOTAL CO2"
  },
  {
    "reference" : "Observation/serum-chloride",
    "display" : "CHLORIDE"
  },
  {
    "reference" : "Observation/serum-calcium",
    "display" : "CALCIUM"
  },
  {
    "reference" : "Observation/serum-bun",
    "display" : "BUN"
  },
  {
    "reference" : "Observation/serum-glucose",
    "display" : "GLUCOSE"
  }]
}