{
  "resourceType" : "DocumentReference",
  "id" : "episode-summary",
  "meta" : {
    "profile" : ["http://hl7.org/fhir/us/core/StructureDefinition/us-core-documentreference|8.0.0"]
  },
  "text" : {
    "status" : "generated",
    "div" : "<div xmlns=\"http://www.w3.org/1999/xhtml\"><p class=\"res-header-id\"><b>Generated Narrative: DocumentReference episode-summary</b></p><a name=\"episode-summary\"> </a><a name=\"hcepisode-summary\"> </a><a name=\"episode-summary-en-US\"> </a><div style=\"display: inline-block; background-color: #d9e0e7; padding: 6px; margin: 4px; border: 1px solid #8da1b4; border-radius: 5px; line-height: 60%\"><p style=\"margin-bottom: 0px\"/><p style=\"margin-bottom: 0px\">Profile: <a href=\"StructureDefinition-us-core-documentreference.html\">US Core DocumentReference Profileversion: null8.0.0)</a></p></div><p><b>identifier</b>: <a href=\"http://terminology.hl7.org/5.5.0/NamingSystem-uri.html\" title=\"As defined by RFC 3986 (http://www.ietf.org/rfc/rfc3986.txt)(with many schemes defined in many RFCs). For OIDs and UUIDs, use the URN form (urn:oid:(note: lowercase) and urn:uuid:). See http://www.ietf.org/rfc/rfc3001.txt and http://www.ietf.org/rfc/rfc4122.txt \r\n\r\nThis oid is used as an identifier II.root to indicate the the extension is an absolute URI (technically, an IRI). Typically, this is used for OIDs and GUIDs. Note that when this OID is used with OIDs and GUIDs, the II.extension should start with urn:oid or urn:uuid: \r\n\r\nNote that this OID is created to aid with interconversion between CDA and FHIR - FHIR uses urn:ietf:rfc:3986 as equivalent to this OID. URIs as identifiers appear more commonly in FHIR.\r\n\r\nThis OID may also be used in CD.codeSystem.\">Uniform Resource Identifier (URI)</a>/urn:oid:2.16.840.1.113883.19.5.99999.1</p><p><b>status</b>: Current</p><p><b>type</b>: <span title=\"Codes:{http://loinc.org 34133-9}\">CCD Document</span></p><p><b>category</b>: <span title=\"Codes:{http://hl7.org/fhir/us/core/CodeSystem/us-core-documentreference-category clinical-note}\">Clinical Note</span></p><p><b>subject</b>: <a href=\"Patient-example.html\">Amy Shaw</a></p><p><b>date</b>: 2016-03-09 15:29:46+0000</p><p><b>author</b>: <a href=\"Practitioner-practitioner-1.html\">Ronald Bone, MD</a></p><p><b>description</b>: Pulmonology clinic acute visit</p><blockquote><p><b>content</b></p><h3>Attachments</h3><table class=\"grid\"><tr><td style=\"display: none\">-</td><td><b>ContentType</b></td><td><b>Url</b></td><td><b>Title</b></td></tr><tr><td style=\"display: none\">*</td><td>text/plain</td><td><a href=\"http://example.org/fhir/Binary/1-note\">http://example.org/fhir/Binary/1-note</a></td><td>URI where the data can be found: http://example.org/fhir/Binary/1-note</td></tr></table><p><b>format</b>: formatcode urn:hl7-org:sdwg:ccda-structuredBody:2.1: For documents following C-CDA 2.1 constraints using a structured body.</p></blockquote><h3>Contexts</h3><table class=\"grid\"><tr><td style=\"display: none\">-</td><td><b>Period</b></td></tr><tr><td style=\"display: none\">*</td><td>2004-12-23 08:00:00+1100 --&gt; 2004-12-23 08:01:00+1100</td></tr></table></div>"
  },
  "identifier" : [{
    "system" : "urn:ietf:rfc:3986",
    "value" : "urn:oid:2.16.840.1.113883.19.5.99999.1"
  }],
  "status" : "current",
  "type" : {
    "coding" : [{
      "system" : "http://loinc.org",
      "code" : "34133-9",
      "display" : "Summary of episode note"
    }],
    "text" : "CCD Document"
  },
  "category" : [{
    "coding" : [{
      "system" : "http://hl7.org/fhir/us/core/CodeSystem/us-core-documentreference-category",
      "code" : "clinical-note",
      "display" : "Clinical Note"
    }],
    "text" : "Clinical Note"
  }],
  "subject" : {
    "reference" : "Patient/example",
    "display" : "Amy Shaw"
  },
  "date" : "2016-03-09T15:29:46Z",
  "author" : [{
    "reference" : "Practitioner/practitioner-1",
    "display" : "Ronald Bone, MD"
  }],
  "description" : "Pulmonology clinic acute visit",
  "content" : [{
    "attachment" : {
      "contentType" : "text/plain",
      "url" : "http://example.org/fhir/Binary/1-note",
      "title" : "URI where the data can be found: http://example.org/fhir/Binary/1-note"
    },
    "format" : {
      "system" : "http://ihe.net/fhir/ihe.formatcode.fhir/CodeSystem/formatcode",
      "code" : "urn:hl7-org:sdwg:ccda-structuredBody:2.1",
      "display" : "For documents following C-CDA 2.1 constraints using a structured body."
    }
  }],
  "context" : {
    "period" : {
      "start" : "2004-12-23T08:00:00+11:00",
      "end" : "2004-12-23T08:01:00+11:00"
    }
  }
}