{
  "resourceType" : "Encounter",
  "id" : "1036",
  "meta" : {
    "lastUpdated" : "2024-01-28T16:06:21-08:00",
    "profile" : ["http://hl7.org/fhir/us/core/StructureDefinition/us-core-encounter|8.0.0"]
  },
  "text" : {
    "status" : "generated",
    "div" : "<div xmlns=\"http://www.w3.org/1999/xhtml\"><p class=\"res-header-id\"><b>Generated Narrative: Encounter 1036</b></p><a name=\"1036\"> </a><a name=\"hc1036\"> </a><a name=\"1036-en-US\"> </a><div style=\"display: inline-block; background-color: #d9e0e7; padding: 6px; margin: 4px; border: 1px solid #8da1b4; border-radius: 5px; line-height: 60%\"><p style=\"margin-bottom: 0px\">Last updated: 2024-01-28 16:06:21-0800</p><p style=\"margin-bottom: 0px\">Profile: <a href=\"StructureDefinition-us-core-encounter.html\">US Core Encounter Profileversion: null8.0.0)</a></p></div><p><b>status</b>: In Progress</p><p><b>class</b>: <a href=\"http://terminology.hl7.org/5.5.0/CodeSystem-v3-ActCode.html#v3-ActCode-IMP\">ActCode IMP</a>: inpatient encounter</p><p><b>type</b>: <span title=\"Codes:{http://snomed.info/sct 261665006}\">Unknown (qualifier value)</span></p><p><b>subject</b>: <a href=\"Patient-example.html\">Amy V. Baxter  (no stated gender), DoB: 1987-02-20 ( Medical Record Number:\u00a01032702\u00a0(use:\u00a0usual,\u00a0))</a></p><h3>Hospitalizations</h3><table class=\"grid\"><tr><td style=\"display: none\">-</td><td><b>DischargeDisposition</b></td></tr><tr><td style=\"display: none\">*</td><td><span title=\"Codes:{http://terminology.hl7.org/CodeSystem/nubc-UB92 01}\">Discharged to Home</span></td></tr></table><h3>Locations</h3><table class=\"grid\"><tr><td style=\"display: none\">-</td><td><b>Location</b></td></tr><tr><td style=\"display: none\">*</td><td><a href=\"Location-hospital.html\">Holy Family Hospital</a></td></tr></table></div>"
  },
  "status" : "in-progress",
  "class" : {
    "system" : "http://terminology.hl7.org/CodeSystem/v3-ActCode",
    "code" : "IMP",
    "display" : "inpatient encounter"
  },
  "type" : [{
    "coding" : [{
      "system" : "http://snomed.info/sct",
      "version" : "http://snomed.info/sct/731000124108",
      "code" : "261665006",
      "display" : "Unknown (qualifier value)"
    }],
    "text" : "Unknown (qualifier value)"
  }],
  "subject" : {
    "reference" : "Patient/example"
  },
  "hospitalization" : {
    "dischargeDisposition" : {
      "coding" : [{
        "system" : "http://terminology.hl7.org/CodeSystem/nubc-UB92",
        "code" : "01",
        "display" : "Discharged to Home"
      }]
    }
  },
  "location" : [{
    "location" : {
      "reference" : "Location/hospital",
      "display" : "Holy Family Hospital"
    }
  }]
}