{
  "resourceType" : "Goal",
  "id" : "goal-1",
  "meta" : {
    "profile" : ["http://hl7.org/fhir/us/core/StructureDefinition/us-core-goal|8.0.0"]
  },
  "text" : {
    "status" : "generated",
    "div" : "<div xmlns=\"http://www.w3.org/1999/xhtml\"><p class=\"res-header-id\"><b>Generated Narrative: Goal goal-1</b></p><a name=\"goal-1\"> </a><a name=\"hcgoal-1\"> </a><a name=\"goal-1-en-US\"> </a><div style=\"display: inline-block; background-color: #d9e0e7; padding: 6px; margin: 4px; border: 1px solid #8da1b4; border-radius: 5px; line-height: 60%\"><p style=\"margin-bottom: 0px\"/><p style=\"margin-bottom: 0px\">Profile: <a href=\"StructureDefinition-us-core-goal.html\">US Core Goal Profileversion: null8.0.0)</a></p></div><p><b>lifecycleStatus</b>: Active</p><p><b>description</b>: <span title=\"Codes:\">Patient is targeting a pulse oximetry of 92% and a weight of 195 lbs</span></p><p><b>subject</b>: <a href=\"Patient-example.html\">Amy Shaw</a></p><h3>Targets</h3><table class=\"grid\"><tr><td style=\"display: none\">-</td><td><b>Due[x]</b></td></tr><tr><td style=\"display: none\">*</td><td>2016-04-05</td></tr></table><p><b>expressedBy</b>: <a href=\"Practitioner-practitioner-1.html\">Dr Ronald Bone</a></p></div>"
  },
  "lifecycleStatus" : "active",
  "description" : {
    "text" : "Patient is targeting a pulse oximetry of 92% and a weight of 195 lbs"
  },
  "subject" : {
    "reference" : "Patient/example",
    "display" : "Amy Shaw"
  },
  "target" : [{
    "dueDate" : "2016-04-05"
  }],
  "expressedBy" : {
    "reference" : "Practitioner/practitioner-1",
    "display" : "Dr Ronald Bone"
  }
}