{
  "resourceType" : "Immunization",
  "id" : "imm-1",
  "meta" : {
    "profile" : ["http://hl7.org/fhir/us/core/StructureDefinition/us-core-immunization|8.0.0"]
  },
  "text" : {
    "status" : "generated",
    "div" : "<div xmlns=\"http://www.w3.org/1999/xhtml\"><p class=\"res-header-id\"><b>Generated Narrative: Immunization imm-1</b></p><a name=\"imm-1\"> </a><a name=\"hcimm-1\"> </a><a name=\"imm-1-en-US\"> </a><div style=\"display: inline-block; background-color: #d9e0e7; padding: 6px; margin: 4px; border: 1px solid #8da1b4; border-radius: 5px; line-height: 60%\"><p style=\"margin-bottom: 0px\"/><p style=\"margin-bottom: 0px\">Profile: <a href=\"StructureDefinition-us-core-immunization.html\">US Core Immunization Profileversion: null8.0.0)</a></p></div><p><b>status</b>: Completed</p><p><b>vaccineCode</b>: <span title=\"Codes:{http://hl7.org/fhir/sid/cvx 197}, {http://hl7.org/fhir/sid/ndc 49281012165}\">influenza, high-dose, quadrivalent</span></p><p><b>patient</b>: <a href=\"Patient-example.html\">Amy Shaw</a></p><p><b>encounter</b>: <a href=\"Encounter-example-1.html\">Office Visit</a></p><p><b>occurrence</b>: 2020-11-19 12:46:57-0800</p><p><b>primarySource</b>: false</p><p><b>location</b>: <a href=\"Location-hospital.html\">Holy Family Hospital</a></p><p><b>lotNumber</b>: AAJN11K</p><h3>Performers</h3><table class=\"grid\"><tr><td style=\"display: none\">-</td><td><b>Actor</b></td></tr><tr><td style=\"display: none\">*</td><td><a href=\"Practitioner-practitioner-1.html\">Dr Ronald Bone</a></td></tr></table></div>"
  },
  "status" : "completed",
  "vaccineCode" : {
    "coding" : [{
      "system" : "http://hl7.org/fhir/sid/cvx",
      "code" : "197",
      "display" : "influenza, high-dose, quadrivalent"
    },
    {
      "system" : "http://hl7.org/fhir/sid/ndc",
      "code" : "49281012165",
      "display" : "FLUZONE High-Dose Quadrivalent Northern Hemisphere, 10 SYRINGE, GLASS in 1 PACKAGE (49281-121-65) > .7 mL in 1 SYRINGE, GLASS (49281-121-88) (package)"
    }],
    "text" : "influenza, high-dose, quadrivalent"
  },
  "patient" : {
    "reference" : "Patient/example",
    "display" : "Amy Shaw"
  },
  "encounter" : {
    "reference" : "Encounter/example-1",
    "display" : "Office Visit"
  },
  "occurrenceDateTime" : "2020-11-19T12:46:57-08:00",
  "primarySource" : false,
  "location" : {
    "reference" : "Location/hospital",
    "display" : "Holy Family Hospital"
  },
  "lotNumber" : "AAJN11K",
  "performer" : [{
    "actor" : {
      "reference" : "Practitioner/practitioner-1",
      "display" : "Dr Ronald Bone"
    }
  }]
}