{
  "resourceType" : "Location",
  "id" : "hospital",
  "meta" : {
    "profile" : ["http://hl7.org/fhir/us/core/StructureDefinition/us-core-location|8.0.0"]
  },
  "text" : {
    "status" : "generated",
    "div" : "<div xmlns=\"http://www.w3.org/1999/xhtml\"><p class=\"res-header-id\"><b>Generated Narrative: Location hospital</b></p><a name=\"hospital\"> </a><a name=\"hchospital\"> </a><a name=\"hospital-en-US\"> </a><div style=\"display: inline-block; background-color: #d9e0e7; padding: 6px; margin: 4px; border: 1px solid #8da1b4; border-radius: 5px; line-height: 60%\"><p style=\"margin-bottom: 0px\"/><p style=\"margin-bottom: 0px\">Profile: <a href=\"StructureDefinition-us-core-location.html\">US Core Location Profileversion: null8.0.0)</a></p></div><p><b>identifier</b>: <a href=\"http://terminology.hl7.org/5.5.0/NamingSystem-npi.html\" title=\"National Provider Identifier\">United States National Provider Identifier</a>/1234567893</p><p><b>status</b>: Active</p><p><b>name</b>: Holy Family Hospital</p><p><b>type</b>: <span title=\"Codes:{http://terminology.hl7.org/CodeSystem/v3-RoleCode HOSP}, {http://snomed.info/sct 22232009}, {https://www.cdc.gov/nhsn/cdaportal/terminology/codesystem/hsloc.html 1120-5}\">Hospital</span></p><p><b>telecom</b>: ph: 9786870156</p><p><b>address</b>: 70 EAST ST METHUEN MA 01844 US </p><p><b>managingOrganization</b>: <a href=\"Organization-holy-healthcare.html\">Holy Healthcare</a></p></div>"
  },
  "identifier" : [{
    "system" : "http://hl7.org/fhir/sid/us-npi",
    "value" : "1234567893"
  }],
  "status" : "active",
  "name" : "Holy Family Hospital",
  "type" : [{
    "coding" : [{
      "system" : "http://terminology.hl7.org/CodeSystem/v3-RoleCode",
      "code" : "HOSP",
      "display" : "Hospital"
    },
    {
      "system" : "http://snomed.info/sct",
      "version" : "http://snomed.info/sct/731000124108",
      "code" : "22232009",
      "display" : "Hospital"
    },
    {
      "system" : "https://www.cdc.gov/nhsn/cdaportal/terminology/codesystem/hsloc.html",
      "code" : "1120-5",
      "display" : "Medical Clinic"
    }],
    "text" : "Hospital"
  }],
  "telecom" : [{
    "system" : "phone",
    "value" : "9786870156"
  }],
  "address" : {
    "line" : ["70 EAST ST"],
    "city" : "METHUEN",
    "state" : "MA",
    "postalCode" : "01844",
    "country" : "US"
  },
  "managingOrganization" : {
    "reference" : "Organization/holy-healthcare",
    "display" : "Holy Healthcare"
  }
}