{
  "resourceType" : "MedicationRequest",
  "id" : "self-tylenol",
  "meta" : {
    "profile" : ["http://hl7.org/fhir/us/core/StructureDefinition/us-core-medicationrequest|8.0.0"]
  },
  "text" : {
    "status" : "extensions",
    "div" : "<div xmlns=\"http://www.w3.org/1999/xhtml\"><p class=\"res-header-id\"><b>Generated Narrative: MedicationRequest self-tylenol</b></p><a name=\"self-tylenol\"> </a><a name=\"hcself-tylenol\"> </a><a name=\"self-tylenol-en-US\"> </a><div style=\"display: inline-block; background-color: #d9e0e7; padding: 6px; margin: 4px; border: 1px solid #8da1b4; border-radius: 5px; line-height: 60%\"><p style=\"margin-bottom: 0px\"/><p style=\"margin-bottom: 0px\">Profile: <a href=\"StructureDefinition-us-core-medicationrequest.html\">US Core MedicationRequest Profileversion: null8.0.0)</a></p></div><blockquote><p><b>US Core Medication Adherence Extension</b></p><ul><li>medicationAdherence: <span title=\"Codes:{http://snomed.info/sct 275928001}\">Drugs - partial non-compliance (finding)</span></li><li>dateAsserted: 2023-08-11 08:15:49+0000</li><li>informationSource: <span title=\"Codes:{http://terminology.hl7.org/CodeSystem/v3-RoleCode SPS}\">Spouse</span></li></ul></blockquote><p><b>identifier</b>: <code>http://acme.org/prescriptions</code>/12345689\u00a0(use:\u00a0official,\u00a0)</p><p><b>status</b>: Active</p><p><b>intent</b>: Plan</p><p><b>reported</b>: true</p><p><b>medication</b>: <span title=\"Codes:{http://www.nlm.nih.gov/research/umls/rxnorm 1187314}\">Tylenol PM Pill</span></p><p><b>subject</b>: <a href=\"Patient-example.html\">Amy V. Shaw</a></p><p><b>encounter</b>: <a href=\"Encounter-example-1.html\">Office Visit</a></p><p><b>authoredOn</b>: 2019-06-24</p><p><b>requester</b>: <a href=\"Patient-example.html\">**self-prescribed**</a></p><p><b>reasonCode</b>: <span title=\"Codes:{http://snomed.info/sct 25064002}\">Headache</span></p><h3>DosageInstructions</h3><table class=\"grid\"><tr><td style=\"display: none\">-</td><td><b>Text</b></td></tr><tr><td style=\"display: none\">*</td><td>Takes 1-2 tablets once daily at bedtime as needed for restless legs</td></tr></table></div>"
  },
  "extension" : [{
    "extension" : [{
      "url" : "medicationAdherence",
      "valueCodeableConcept" : {
        "coding" : [{
          "system" : "http://snomed.info/sct",
          "code" : "275928001",
          "display" : "Drugs - partial non-compliance (finding)"
        }]
      }
    },
    {
      "url" : "dateAsserted",
      "valueDateTime" : "2023-08-11T08:15:49.449Z"
    },
    {
      "url" : "informationSource",
      "valueCodeableConcept" : {
        "coding" : [{
          "system" : "http://terminology.hl7.org/CodeSystem/v3-RoleCode",
          "code" : "SPS",
          "display" : "Spouse"
        }]
      }
    }],
    "url" : "http://hl7.org/fhir/us/core/StructureDefinition/us-core-medication-adherence"
  }],
  "identifier" : [{
    "use" : "official",
    "system" : "http://acme.org/prescriptions",
    "value" : "12345689"
  }],
  "status" : "active",
  "intent" : "plan",
  "reportedBoolean" : true,
  "medicationCodeableConcept" : {
    "coding" : [{
      "system" : "http://www.nlm.nih.gov/research/umls/rxnorm",
      "code" : "1187314",
      "display" : "Tylenol PM Pill"
    }],
    "text" : "Tylenol PM Pill"
  },
  "subject" : {
    "reference" : "Patient/example",
    "display" : "Amy V. Shaw"
  },
  "encounter" : {
    "reference" : "Encounter/example-1",
    "display" : "Office Visit"
  },
  "authoredOn" : "2019-06-24",
  "requester" : {
    "reference" : "Patient/example",
    "display" : "**self-prescribed**"
  },
  "reasonCode" : [{
    "coding" : [{
      "system" : "http://snomed.info/sct",
      "version" : "http://snomed.info/sct/731000124108",
      "code" : "25064002",
      "display" : "Headache (finding)"
    }],
    "text" : "Headache"
  }],
  "dosageInstruction" : [{
    "text" : "Takes 1-2 tablets once daily at bedtime as needed for restless legs"
  }]
}