{
  "resourceType" : "MedicationRequest",
  "id" : "medicationrequest-contained-oral-axid",
  "meta" : {
    "profile" : ["http://hl7.org/fhir/us/core/StructureDefinition/us-core-medicationrequest|8.0.0"]
  },
  "text" : {
    "status" : "generated",
    "div" : "<div xmlns=\"http://www.w3.org/1999/xhtml\"><p class=\"res-header-id\"><b>Generated Narrative: MedicationRequest medicationrequest-contained-oral-axid</b></p><a name=\"medicationrequest-contained-oral-axid\"> </a><a name=\"hcmedicationrequest-contained-oral-axid\"> </a><a name=\"medicationrequest-contained-oral-axid-en-US\"> </a><div style=\"display: inline-block; background-color: #d9e0e7; padding: 6px; margin: 4px; border: 1px solid #8da1b4; border-radius: 5px; line-height: 60%\"><p style=\"margin-bottom: 0px\"/><p style=\"margin-bottom: 0px\">Profile: <a href=\"StructureDefinition-us-core-medicationrequest.html\">US Core MedicationRequest Profileversion: null8.0.0)</a></p></div><p><b>status</b>: Active</p><p><b>intent</b>: Order</p><p><b>medication</b>: <a href=\"#hcmedicationrequest-contained-oral-axid/med2\">Nizatidine 15 MG/ML Oral Solution [Axid]</a></p><p><b>subject</b>: <a href=\"Patient-example.html\">Amy Shaw</a></p><p><b>authoredOn</b>: 2008-04-05</p><p><b>requester</b>: <a href=\"Practitioner-practitioner-1.html\">Ronald Bone, MD</a></p><p><b>reasonCode</b>: <span title=\"Codes:{http://snomed.info/sct 51868009}\">Active Duodenal Ulcer</span></p><blockquote><p><b>dosageInstruction</b></p><p><b>text</b>: 10 mL bid</p><p><b>timing</b>: 2 per 1 day</p><p><b>route</b>: <span title=\"Codes:{http://snomed.info/sct 26643006}\">Oral route</span></p><h3>DoseAndRates</h3><table class=\"grid\"><tr><td style=\"display: none\">-</td><td><b>Dose[x]</b></td></tr><tr><td style=\"display: none\">*</td><td>10 ml<span style=\"background: LightGoldenRodYellow\"> (Details: UCUM  codemL = 'mL')</span></td></tr></table></blockquote><blockquote><p><b>dispenseRequest</b></p><p><b>numberOfRepeatsAllowed</b>: 1</p><p><b>quantity</b>: 480 mL<span style=\"background: LightGoldenRodYellow\"> (Details: UCUM  codemL = 'mL')</span></p><h3>ExpectedSupplyDurations</h3><table class=\"grid\"><tr><td style=\"display: none\">-</td><td><b>Value</b></td><td><b>Unit</b></td><td><b>System</b></td><td><b>Code</b></td></tr><tr><td style=\"display: none\">*</td><td>30</td><td>days</td><td><a href=\"http://terminology.hl7.org/5.5.0/CodeSystem-v3-ucum.html\">http://unitsofmeasure.org</a></td><td>d</td></tr></table></blockquote><hr/><blockquote><p class=\"res-header-id\"><b>Generated Narrative: Medication #med2</b></p><a name=\"medicationrequest-contained-oral-axid/med2\"> </a><a name=\"hcmedicationrequest-contained-oral-axid/med2\"> </a><a name=\"medicationrequest-contained-oral-axid/med2-en-US\"> </a><p><b>code</b>: <span title=\"Codes:{http://www.nlm.nih.gov/research/umls/rxnorm 582620}\">Nizatidine 15 MG/ML Oral Solution [Axid]</span></p></blockquote></div>"
  },
  "contained" : [{
    "resourceType" : "Medication",
    "id" : "med2",
    "code" : {
      "coding" : [{
        "system" : "http://www.nlm.nih.gov/research/umls/rxnorm",
        "code" : "582620",
        "display" : "Nizatidine 15 MG/ML Oral Solution [Axid]"
      }],
      "text" : "Nizatidine 15 MG/ML Oral Solution [Axid]"
    }
  }],
  "status" : "active",
  "intent" : "order",
  "medicationReference" : {
    "reference" : "#med2",
    "display" : "Nizatidine 15 MG/ML Oral Solution [Axid]"
  },
  "subject" : {
    "reference" : "Patient/example",
    "display" : "Amy Shaw"
  },
  "authoredOn" : "2008-04-05",
  "requester" : {
    "reference" : "Practitioner/practitioner-1",
    "display" : "Ronald Bone, MD"
  },
  "reasonCode" : [{
    "coding" : [{
      "system" : "http://snomed.info/sct",
      "version" : "http://snomed.info/sct/731000124108",
      "code" : "51868009",
      "display" : "Ulcer of duodenum (disorder)"
    }],
    "text" : "Active Duodenal Ulcer"
  }],
  "dosageInstruction" : [{
    "text" : "10 mL bid",
    "timing" : {
      "repeat" : {
        "boundsPeriod" : {
          "start" : "2008-04-05"
        },
        "frequency" : 2,
        "period" : 1,
        "periodUnit" : "d"
      }
    },
    "route" : {
      "coding" : [{
        "system" : "http://snomed.info/sct",
        "version" : "http://snomed.info/sct/731000124108",
        "code" : "26643006",
        "display" : "Oral route"
      }]
    },
    "doseAndRate" : [{
      "doseQuantity" : {
        "value" : 10,
        "unit" : "ml",
        "system" : "http://unitsofmeasure.org",
        "code" : "mL"
      }
    }]
  }],
  "dispenseRequest" : {
    "numberOfRepeatsAllowed" : 1,
    "quantity" : {
      "value" : 480,
      "unit" : "mL",
      "system" : "http://unitsofmeasure.org",
      "code" : "mL"
    },
    "expectedSupplyDuration" : {
      "value" : 30,
      "unit" : "days",
      "system" : "http://unitsofmeasure.org",
      "code" : "d"
    }
  }
}