{
  "resourceType" : "Medication",
  "id" : "uscore-med2",
  "meta" : {
    "profile" : ["http://hl7.org/fhir/us/core/StructureDefinition/us-core-medication|8.0.0"]
  },
  "text" : {
    "status" : "generated",
    "div" : "<div xmlns=\"http://www.w3.org/1999/xhtml\"><p class=\"res-header-id\"><b>Generated Narrative: Medication uscore-med2</b></p><a name=\"uscore-med2\"> </a><a name=\"hcuscore-med2\"> </a><a name=\"uscore-med2-en-US\"> </a><div style=\"display: inline-block; background-color: #d9e0e7; padding: 6px; margin: 4px; border: 1px solid #8da1b4; border-radius: 5px; line-height: 60%\"><p style=\"margin-bottom: 0px\"/><p style=\"margin-bottom: 0px\">Profile: <a href=\"StructureDefinition-us-core-medication.html\">US Core Medication Profileversion: null8.0.0)</a></p></div><p><b>code</b>: <span title=\"Codes:{http://www.nlm.nih.gov/research/umls/rxnorm 582620}\">Nizatidine 15 MG/ML Oral Solution [Axid]</span></p></div>"
  },
  "code" : {
    "coding" : [{
      "system" : "http://www.nlm.nih.gov/research/umls/rxnorm",
      "code" : "582620",
      "display" : "Nizatidine 15 MG/ML Oral Solution [Axid]"
    }],
    "text" : "Nizatidine 15 MG/ML Oral Solution [Axid]"
  }
}