{
  "resourceType" : "Observation",
  "id" : "simple-observation-sdoh",
  "meta" : {
    "profile" : ["http://hl7.org/fhir/us/core/StructureDefinition/us-core-simple-observation|8.0.0"]
  },
  "text" : {
    "status" : "generated",
    "div" : "<div xmlns=\"http://www.w3.org/1999/xhtml\"><p class=\"res-header-id\"><b>Generated Narrative: Observation simple-observation-sdoh</b></p><a name=\"simple-observation-sdoh\"> </a><a name=\"hcsimple-observation-sdoh\"> </a><a name=\"simple-observation-sdoh-en-US\"> </a><div style=\"display: inline-block; background-color: #d9e0e7; padding: 6px; margin: 4px; border: 1px solid #8da1b4; border-radius: 5px; line-height: 60%\"><p style=\"margin-bottom: 0px\"/><p style=\"margin-bottom: 0px\">Profile: <a href=\"StructureDefinition-us-core-simple-observation.html\">US Core Simple Observation Profileversion: null8.0.0)</a></p></div><p><b>status</b>: Final</p><p><b>category</b>: <span title=\"Codes:{http://hl7.org/fhir/us/core/CodeSystem/us-core-category sdoh}\">SDOH</span></p><p><b>code</b>: <span title=\"Codes:{http://snomed.info/sct 160695008}\">Transport too expensive</span></p><p><b>subject</b>: <a href=\"Patient-example.html\">Amy V. Baxter  (no stated gender), DoB: 1987-02-20 ( Medical Record Number:\u00a01032702\u00a0(use:\u00a0usual,\u00a0))</a></p><p><b>effective</b>: 2021-05-10 21:56:54+0000</p><p><b>performer</b>: <a href=\"Practitioner-practitioner-1.html\">Dr. Ronald Bone</a></p><p><b>value</b>: true</p></div>"
  },
  "status" : "final",
  "category" : [{
    "coding" : [{
      "system" : "http://hl7.org/fhir/us/core/CodeSystem/us-core-category",
      "code" : "sdoh",
      "display" : "SDOH"
    }]
  }],
  "code" : {
    "coding" : [{
      "system" : "http://snomed.info/sct",
      "version" : "http://snomed.info/sct/731000124108",
      "code" : "160695008",
      "display" : "Transport too expensive"
    }]
  },
  "subject" : {
    "reference" : "Patient/example"
  },
  "effectiveDateTime" : "2021-05-10T21:56:54.671Z",
  "performer" : [{
    "reference" : "Practitioner/practitioner-1",
    "display" : "Dr. Ronald Bone"
  }],
  "valueBoolean" : true
}