{
  "resourceType" : "Observation",
  "id" : "cbc-mcv",
  "meta" : {
    "lastUpdated" : "2005-07-05T15:29:58.597000+00:00",
    "profile" : ["http://hl7.org/fhir/us/core/StructureDefinition/us-core-observation-lab|8.0.0"]
  },
  "text" : {
    "status" : "generated",
    "div" : "<div xmlns=\"http://www.w3.org/1999/xhtml\"><p class=\"res-header-id\"><b>Generated Narrative: Observation cbc-mcv</b></p><a name=\"cbc-mcv\"> </a><a name=\"hccbc-mcv\"> </a><a name=\"cbc-mcv-en-US\"> </a><div style=\"display: inline-block; background-color: #d9e0e7; padding: 6px; margin: 4px; border: 1px solid #8da1b4; border-radius: 5px; line-height: 60%\"><p style=\"margin-bottom: 0px\">Last updated: 2005-07-05 15:29:58+0000</p><p style=\"margin-bottom: 0px\">Profile: <a href=\"StructureDefinition-us-core-observation-lab.html\">US Core Laboratory Result Observation Profileversion: null8.0.0)</a></p></div><p><b>status</b>: Final</p><p><b>category</b>: <span title=\"Codes:{http://terminology.hl7.org/CodeSystem/observation-category laboratory}\">Laboratory</span></p><p><b>code</b>: <span title=\"Codes:{http://loinc.org 787-2}\">Mean Corpuscular Volume (MCV), Red blood cells</span></p><p><b>subject</b>: <a href=\"Patient-example.html\">Amy Shaw</a></p><p><b>effective</b>: 2005-07-05</p><p><b>performer</b>: <a href=\"Practitioner-practitioner-1.html\">Dr Ronald Bone</a></p><p><b>value</b>: 85 fL<span style=\"background: LightGoldenRodYellow\"> (Details: UCUM  codefL = 'fL')</span></p><p><b>interpretation</b>: <span title=\"Codes:{http://terminology.hl7.org/CodeSystem/v3-ObservationInterpretation N}\">Normal</span></p><p><b>specimen</b>: <a href=\"Specimen-specimen-example-whole-blood.html\">Whole Blood Specimen Example</a></p><h3>ReferenceRanges</h3><table class=\"grid\"><tr><td style=\"display: none\">-</td><td><b>Low</b></td><td><b>High</b></td><td><b>Type</b></td></tr><tr><td style=\"display: none\">*</td><td>87.3 fL<span style=\"background: LightGoldenRodYellow\"> (Details: UCUM  codefL = 'fL')</span></td><td>82.4 fL<span style=\"background: LightGoldenRodYellow\"> (Details: UCUM  codefL = 'fL')</span></td><td><span title=\"Codes:{http://terminology.hl7.org/CodeSystem/referencerange-meaning normal}\">Normal Range</span></td></tr></table></div>"
  },
  "status" : "final",
  "category" : [{
    "coding" : [{
      "system" : "http://terminology.hl7.org/CodeSystem/observation-category",
      "code" : "laboratory",
      "display" : "Laboratory"
    }],
    "text" : "Laboratory"
  }],
  "code" : {
    "coding" : [{
      "system" : "http://loinc.org",
      "code" : "787-2",
      "display" : "Mean Corpuscular Volume (MCV), Red blood cells"
    }],
    "text" : "Mean Corpuscular Volume (MCV), Red blood cells"
  },
  "subject" : {
    "reference" : "Patient/example",
    "display" : "Amy Shaw"
  },
  "effectiveDateTime" : "2005-07-05",
  "performer" : [{
    "reference" : "Practitioner/practitioner-1",
    "display" : "Dr Ronald Bone"
  }],
  "valueQuantity" : {
    "value" : 85,
    "unit" : "fL",
    "system" : "http://unitsofmeasure.org",
    "code" : "fL"
  },
  "interpretation" : [{
    "coding" : [{
      "system" : "http://terminology.hl7.org/CodeSystem/v3-ObservationInterpretation",
      "code" : "N",
      "display" : "Normal"
    }],
    "text" : "Normal"
  }],
  "specimen" : {
    "reference" : "Specimen/specimen-example-whole-blood",
    "display" : "Whole Blood Specimen Example"
  },
  "referenceRange" : [{
    "low" : {
      "value" : 87.3,
      "unit" : "fL",
      "system" : "http://unitsofmeasure.org",
      "code" : "fL"
    },
    "high" : {
      "value" : 82.4,
      "unit" : "fL",
      "system" : "http://unitsofmeasure.org",
      "code" : "fL"
    },
    "type" : {
      "coding" : [{
        "system" : "http://terminology.hl7.org/CodeSystem/referencerange-meaning",
        "code" : "normal",
        "display" : "Normal Range"
      }],
      "text" : "Normal Range"
    }
  }]
}