{
  "resourceType" : "Observation",
  "id" : "10-minute-apgar-score",
  "meta" : {
    "profile" : ["http://hl7.org/fhir/us/core/StructureDefinition/us-core-observation-screening-assessment|8.0.0"]
  },
  "text" : {
    "status" : "generated",
    "div" : "<div xmlns=\"http://www.w3.org/1999/xhtml\"><p class=\"res-header-id\"><b>Generated Narrative: Observation 10-minute-apgar-score</b></p><a name=\"10-minute-apgar-score\"> </a><a name=\"hc10-minute-apgar-score\"> </a><a name=\"10-minute-apgar-score-en-US\"> </a><div style=\"display: inline-block; background-color: #d9e0e7; padding: 6px; margin: 4px; border: 1px solid #8da1b4; border-radius: 5px; line-height: 60%\"><p style=\"margin-bottom: 0px\"/><p style=\"margin-bottom: 0px\">Profile: <a href=\"StructureDefinition-us-core-observation-screening-assessment.html\">US Core Observation Screening Assessment Profileversion: null8.0.0)</a></p></div><p><b>status</b>: Final</p><p><b>category</b>: <span title=\"Codes:{http://terminology.hl7.org/CodeSystem/observation-category survey}\">Survey</span></p><p><b>code</b>: <span title=\"Codes:{http://loinc.org 9271-8}\">10 minute Apgar Score</span></p><p><b>subject</b>: <a href=\"Patient-infant-example.html\">Infant Example  (no stated gender), DoB: 2020-06-02 ( Medical Record Number:\u00a01032703\u00a0(use:\u00a0usual,\u00a0))</a></p><p><b>effective</b>: 2016-05-18 22:33:22+0000</p><p><b>performer</b>: <a href=\"Practitioner-practitioner-1.html\">Ronald Bone</a></p><p><b>value</b>: 10 score<span style=\"background: LightGoldenRodYellow\"> (Details: UCUM  code1 = '1')</span></p><p><b>derivedFrom</b>: </p><ul><li><a href=\"Observation-10-minute-apgar-heart-rate.html\">10 minute Apgar Heart Rate Example</a></li><li><a href=\"Observation-10-minute-apgar-muscle-tone.html\">10 minute Apgar Muscle Tone Example</a></li><li><a href=\"Observation-10-minute-apgar-reflex-irritability.html\">10 minute Apgar Reflex Irritability Example</a></li><li><a href=\"Observation-10-minute-apgar-respiratory-effort.html\">10 minute Apgar Respiratory Effort Example</a></li><li><a href=\"Observation-10-minute-apgar-color.html\">10 minute Apgar Color Example</a></li></ul></div>"
  },
  "status" : "final",
  "category" : [{
    "coding" : [{
      "system" : "http://terminology.hl7.org/CodeSystem/observation-category",
      "code" : "survey",
      "display" : "Survey"
    }],
    "text" : "Survey"
  }],
  "code" : {
    "coding" : [{
      "system" : "http://loinc.org",
      "code" : "9271-8",
      "display" : "10 minute Apgar Score"
    }],
    "text" : "10 minute Apgar Score"
  },
  "subject" : {
    "reference" : "Patient/infant-example"
  },
  "effectiveDateTime" : "2016-05-18T22:33:22Z",
  "performer" : [{
    "reference" : "Practitioner/practitioner-1",
    "display" : "Ronald Bone"
  }],
  "valueQuantity" : {
    "value" : 10,
    "unit" : "score",
    "system" : "http://unitsofmeasure.org",
    "code" : "1"
  },
  "derivedFrom" : [{
    "reference" : "Observation/10-minute-apgar-heart-rate",
    "display" : "10 minute Apgar Heart Rate Example"
  },
  {
    "reference" : "Observation/10-minute-apgar-muscle-tone",
    "display" : "10 minute Apgar Muscle Tone Example"
  },
  {
    "reference" : "Observation/10-minute-apgar-reflex-irritability",
    "display" : "10 minute Apgar Reflex Irritability Example"
  },
  {
    "reference" : "Observation/10-minute-apgar-respiratory-effort",
    "display" : "10 minute Apgar Respiratory Effort Example"
  },
  {
    "reference" : "Observation/10-minute-apgar-color",
    "display" : "10 minute Apgar Color Example"
  }]
}