{
  "resourceType" : "Observation",
  "id" : "observation-occupation-unknown",
  "meta" : {
    "profile" : ["http://hl7.org/fhir/us/core/StructureDefinition/us-core-observation-occupation|8.0.0"]
  },
  "text" : {
    "status" : "generated",
    "div" : "<div xmlns=\"http://www.w3.org/1999/xhtml\"><p class=\"res-header-id\"><b>Generated Narrative: Observation observation-occupation-unknown</b></p><a name=\"observation-occupation-unknown\"> </a><a name=\"hcobservation-occupation-unknown\"> </a><a name=\"observation-occupation-unknown-en-US\"> </a><div style=\"display: inline-block; background-color: #d9e0e7; padding: 6px; margin: 4px; border: 1px solid #8da1b4; border-radius: 5px; line-height: 60%\"><p style=\"margin-bottom: 0px\"/><p style=\"margin-bottom: 0px\">Profile: <a href=\"StructureDefinition-us-core-observation-occupation.html\">US Core Observation Occupation Profileversion: null8.0.0)</a></p></div><p><b>status</b>: Final</p><p><b>category</b>: <span title=\"Codes:{http://terminology.hl7.org/CodeSystem/observation-category social-history}\">Social History</span></p><p><b>code</b>: <span title=\"Codes:{http://loinc.org 11341-5}\">History of Occupation</span></p><p><b>subject</b>: <a href=\"Patient-example.html\">Amy V. Baxter  (no stated gender), DoB: 1987-02-20 ( Medical Record Number:\u00a01032702\u00a0(use:\u00a0usual,\u00a0))</a></p><p><b>effective</b>: 2022-04-10 --&gt; (ongoing)</p><p><b>performer</b>: <a href=\"Practitioner-practitioner-1.html\">Dr Ronald Bone</a></p><p><b>value</b>: <span title=\"Codes:{http://terminology.hl7.org/CodeSystem/data-absent-reason unknown}\">Unknown</span></p><h3>Components</h3><table class=\"grid\"><tr><td style=\"display: none\">-</td><td><b>Code</b></td><td><b>Value[x]</b></td></tr><tr><td style=\"display: none\">*</td><td><span title=\"Codes:{http://loinc.org 86188-0}\">History of Occupation Industry</span></td><td><span title=\"Codes:{http://terminology.hl7.org/CodeSystem/PHOccupationalDataForHealthODH 621610.008495}\">Home nursing services</span></td></tr></table></div>"
  },
  "status" : "final",
  "category" : [{
    "coding" : [{
      "system" : "http://terminology.hl7.org/CodeSystem/observation-category",
      "code" : "social-history"
    }]
  }],
  "code" : {
    "coding" : [{
      "system" : "http://loinc.org",
      "code" : "11341-5",
      "display" : "History of Occupation"
    }]
  },
  "subject" : {
    "reference" : "Patient/example"
  },
  "effectivePeriod" : {
    "start" : "2022-04-10"
  },
  "performer" : [{
    "reference" : "Practitioner/practitioner-1",
    "display" : "Dr Ronald Bone"
  }],
  "valueCodeableConcept" : {
    "coding" : [{
      "system" : "http://terminology.hl7.org/CodeSystem/data-absent-reason",
      "code" : "unknown"
    }]
  },
  "component" : [{
    "code" : {
      "coding" : [{
        "system" : "http://loinc.org",
        "code" : "86188-0",
        "display" : "History of Occupation Industry"
      }]
    },
    "valueCodeableConcept" : {
      "coding" : [{
        "system" : "http://terminology.hl7.org/CodeSystem/PHOccupationalDataForHealthODH",
        "code" : "621610.008495",
        "display" : "Home nursing services"
      }]
    }
  }]
}