{
  "resourceType" : "Observation",
  "id" : "PHQ9-item-example-44261-6",
  "meta" : {
    "profile" : ["http://hl7.org/fhir/us/core/StructureDefinition/us-core-observation-screening-assessment|8.0.0"]
  },
  "text" : {
    "status" : "generated",
    "div" : "<div xmlns=\"http://www.w3.org/1999/xhtml\"><p class=\"res-header-id\"><b>Generated Narrative: Observation PHQ9-item-example-44261-6</b></p><a name=\"PHQ9-item-example-44261-6\"> </a><a name=\"hcPHQ9-item-example-44261-6\"> </a><a name=\"PHQ9-item-example-44261-6-en-US\"> </a><div style=\"display: inline-block; background-color: #d9e0e7; padding: 6px; margin: 4px; border: 1px solid #8da1b4; border-radius: 5px; line-height: 60%\"><p style=\"margin-bottom: 0px\"/><p style=\"margin-bottom: 0px\">Profile: <a href=\"StructureDefinition-us-core-observation-screening-assessment.html\">US Core Observation Screening Assessment Profileversion: null8.0.0)</a></p></div><p><b>status</b>: Final</p><p><b>category</b>: <span title=\"Codes:{http://terminology.hl7.org/CodeSystem/observation-category survey}\">Survey</span>, <span title=\"Codes:{http://hl7.org/fhir/us/core/CodeSystem/us-core-category disability-status}\">Disability Status</span></p><p><b>code</b>: <span title=\"Codes:{http://loinc.org 44261-6}\">Patient Health Questionnaire 9 item (PHQ-9) total score [Reported]</span></p><p><b>subject</b>: <a href=\"Patient-example.html\">Amy V. Baxter  (no stated gender), DoB: 1987-02-20 ( Medical Record Number:\u00a01032702\u00a0(use:\u00a0usual,\u00a0))</a></p><p><b>effective</b>: 2022-11-29 20:50:32+0000</p><p><b>performer</b>: <a href=\"Practitioner-practitioner-1.html\">Practitioner Ronald Bone </a></p><p><b>value</b>: 12</p><p><b>derivedFrom</b>: <a href=\"QuestionnaireResponse-phq-9-example.html\">Response to Questionnaire '-&gt;PHQ-9 Example' about '-&gt;Amy V. Baxter  (no stated gender), DoB: 1987-02-20 ( Medical Record Number:\u00a01032702\u00a0(use:\u00a0usual,\u00a0))'</a></p></div>"
  },
  "status" : "final",
  "category" : [{
    "coding" : [{
      "system" : "http://terminology.hl7.org/CodeSystem/observation-category",
      "code" : "survey",
      "display" : "Survey"
    }]
  },
  {
    "coding" : [{
      "system" : "http://hl7.org/fhir/us/core/CodeSystem/us-core-category",
      "code" : "disability-status",
      "display" : "Disability Status"
    }]
  }],
  "code" : {
    "coding" : [{
      "system" : "http://loinc.org",
      "code" : "44261-6",
      "display" : "Patient Health Questionnaire 9 item (PHQ-9) total score [Reported]"
    }],
    "text" : "Patient Health Questionnaire 9 item (PHQ-9) total score [Reported]"
  },
  "subject" : {
    "reference" : "Patient/example"
  },
  "effectiveDateTime" : "2022-11-29T20:50:32.718000+00:00",
  "performer" : [{
    "reference" : "Practitioner/practitioner-1"
  }],
  "valueString" : "12",
  "derivedFrom" : [{
    "reference" : "QuestionnaireResponse/phq-9-example"
  }]
}