{
  "resourceType" : "Observation",
  "id" : "pack-years-example",
  "meta" : {
    "profile" : ["http://hl7.org/fhir/us/core/StructureDefinition/us-core-smokingstatus|8.0.0"]
  },
  "text" : {
    "status" : "generated",
    "div" : "<div xmlns=\"http://www.w3.org/1999/xhtml\"><p class=\"res-header-id\"><b>Generated Narrative: Observation pack-years-example</b></p><a name=\"pack-years-example\"> </a><a name=\"hcpack-years-example\"> </a><a name=\"pack-years-example-en-US\"> </a><div style=\"display: inline-block; background-color: #d9e0e7; padding: 6px; margin: 4px; border: 1px solid #8da1b4; border-radius: 5px; line-height: 60%\"><p style=\"margin-bottom: 0px\"/><p style=\"margin-bottom: 0px\">Profile: <a href=\"StructureDefinition-us-core-smokingstatus.html\">US Core Smoking Status Observation Profileversion: null8.0.0)</a></p></div><p><b>status</b>: Final</p><p><b>category</b>: <span title=\"Codes:{http://terminology.hl7.org/CodeSystem/observation-category social-history}\">Social History</span></p><p><b>code</b>: <span title=\"Codes:{http://snomed.info/sct 401201003}\">Cigarette pack-years</span></p><p><b>subject</b>: <a href=\"Patient-example.html\">Amy Shaw</a></p><p><b>effective</b>: 2016-03-18 05:27:04+0000</p><p><b>performer</b>: <a href=\"Practitioner-practitioner-1.html\">Dr Ronald Bone</a></p><p><b>value</b>: 26 pack-years<span style=\"background: LightGoldenRodYellow\"> (Details: UCUM  code{pack-years} = '{pack-years}')</span></p></div>"
  },
  "status" : "final",
  "category" : [{
    "coding" : [{
      "system" : "http://terminology.hl7.org/CodeSystem/observation-category",
      "code" : "social-history",
      "display" : "Social History"
    }],
    "text" : "Social History"
  }],
  "code" : {
    "coding" : [{
      "system" : "http://snomed.info/sct",
      "code" : "401201003",
      "display" : "Cigarette pack-years (observable entity)"
    }],
    "text" : "Cigarette pack-years"
  },
  "subject" : {
    "reference" : "Patient/example",
    "display" : "Amy Shaw"
  },
  "effectiveDateTime" : "2016-03-18T05:27:04+00:00",
  "performer" : [{
    "reference" : "Practitioner/practitioner-1",
    "display" : "Dr Ronald Bone"
  }],
  "valueQuantity" : {
    "value" : 26,
    "unit" : "pack-years",
    "system" : "http://unitsofmeasure.org",
    "code" : "{pack-years}"
  }
}