{
  "resourceType" : "Observation",
  "id" : "AUDIT-C-item-example-68517-2",
  "meta" : {
    "profile" : ["http://hl7.org/fhir/us/core/StructureDefinition/us-core-observation-screening-assessment|8.0.0"]
  },
  "text" : {
    "status" : "generated",
    "div" : "<div xmlns=\"http://www.w3.org/1999/xhtml\"><p class=\"res-header-id\"><b>Generated Narrative: Observation AUDIT-C-item-example-68517-2</b></p><a name=\"AUDIT-C-item-example-68517-2\"> </a><a name=\"hcAUDIT-C-item-example-68517-2\"> </a><a name=\"AUDIT-C-item-example-68517-2-en-US\"> </a><div style=\"display: inline-block; background-color: #d9e0e7; padding: 6px; margin: 4px; border: 1px solid #8da1b4; border-radius: 5px; line-height: 60%\"><p style=\"margin-bottom: 0px\"/><p style=\"margin-bottom: 0px\">Profile: <a href=\"StructureDefinition-us-core-observation-screening-assessment.html\">US Core Observation Screening Assessment Profileversion: null8.0.0)</a></p></div><p><b>status</b>: Final</p><p><b>category</b>: <span title=\"Codes:{http://terminology.hl7.org/CodeSystem/observation-category survey}\">Survey</span></p><p><b>code</b>: <span title=\"Codes:{http://loinc.org 68517-2}\">How many times in the past year have you have X or more drinks in a day?</span></p><p><b>subject</b>: <a href=\"Patient-example.html\">Amy V. Baxter  (no stated gender), DoB: 1987-02-20 ( Medical Record Number:\u00a01032702\u00a0(use:\u00a0usual,\u00a0))</a></p><p><b>effective</b>: 2023-08-14 20:40:49+0000</p><p><b>performer</b>: <a href=\"Practitioner-practitioner-1.html\">Practitioner Ronald Bone </a></p><p><b>value</b>: 0 # per year<span style=\"background: LightGoldenRodYellow\"> (Details: UCUM  code/a = '/a')</span></p><p><b>note</b>: Where X is 5 for men and 4 for women, and a response of  greater than, or equal to, 1 is positive.</p><p><b>derivedFrom</b>: <a href=\"QuestionnaireResponse-AUDIT-C.html\">Alcohol Use Disorder Identification Test - Consumption [AUDIT-C] QuestionnaireResponse Example</a></p></div>"
  },
  "status" : "final",
  "category" : [{
    "coding" : [{
      "system" : "http://terminology.hl7.org/CodeSystem/observation-category",
      "code" : "survey",
      "display" : "Survey"
    }]
  }],
  "code" : {
    "coding" : [{
      "system" : "http://loinc.org",
      "code" : "68517-2",
      "display" : "How many times in the past year have you have X or more drinks in a day"
    }],
    "text" : "How many times in the past year have you have X or more drinks in a day?"
  },
  "subject" : {
    "reference" : "Patient/example"
  },
  "effectiveDateTime" : "2023-08-14T20:40:49.675000+00:00",
  "performer" : [{
    "reference" : "Practitioner/practitioner-1"
  }],
  "valueQuantity" : {
    "value" : 0,
    "unit" : "# per year",
    "system" : "http://unitsofmeasure.org",
    "code" : "/a"
  },
  "note" : [{
    "text" : "Where X is 5 for men and 4 for women, and a response of  greater than, or equal to, 1 is positive."
  }],
  "derivedFrom" : [{
    "reference" : "QuestionnaireResponse/AUDIT-C",
    "display" : "Alcohol Use Disorder Identification Test - Consumption [AUDIT-C] QuestionnaireResponse Example"
  }]
}