{
  "resourceType" : "Observation",
  "id" : "HVS-panel-example-88121-9",
  "meta" : {
    "profile" : ["http://hl7.org/fhir/us/core/StructureDefinition/us-core-observation-screening-assessment|8.0.0"]
  },
  "text" : {
    "status" : "generated",
    "div" : "<div xmlns=\"http://www.w3.org/1999/xhtml\"><p class=\"res-header-id\"><b>Generated Narrative: Observation HVS-panel-example-88121-9</b></p><a name=\"HVS-panel-example-88121-9\"> </a><a name=\"hcHVS-panel-example-88121-9\"> </a><a name=\"HVS-panel-example-88121-9-en-US\"> </a><div style=\"display: inline-block; background-color: #d9e0e7; padding: 6px; margin: 4px; border: 1px solid #8da1b4; border-radius: 5px; line-height: 60%\"><p style=\"margin-bottom: 0px\"/><p style=\"margin-bottom: 0px\">Profile: <a href=\"StructureDefinition-us-core-observation-screening-assessment.html\">US Core Observation Screening Assessment Profileversion: null8.0.0)</a></p></div><p><b>status</b>: Final</p><p><b>category</b>: <span title=\"Codes:{http://hl7.org/fhir/us/core/CodeSystem/us-core-category sdoh}\">SDOH</span>, <span title=\"Codes:{http://terminology.hl7.org/CodeSystem/observation-category survey}\">Survey</span></p><p><b>code</b>: <span title=\"Codes:{http://loinc.org 88121-9}\">Hunger Vital Sign [HVS]</span></p><p><b>subject</b>: <a href=\"Patient-example.html\">Amy V. Baxter  (no stated gender), DoB: 1987-02-20 ( Medical Record Number:\u00a01032702\u00a0(use:\u00a0usual,\u00a0))</a></p><p><b>effective</b>: 2020-09-10 21:56:54+0000</p><p><b>performer</b>: <a href=\"Patient-example.html\">Amy V. Baxter  (no stated gender), DoB: 1987-02-20 ( Medical Record Number:\u00a01032702\u00a0(use:\u00a0usual,\u00a0))</a></p><p><b>value</b>: 2 score</p><p><b>hasMember</b>: </p><ul><li><a href=\"Observation-HVS-item-example-88122-7.html\">Observation Within the past 12 months we worried whether our food would run out before we got money to buy more [U.S. FSS]</a></li><li><a href=\"Observation-HVS-item-example-88123-5.html\">Observation Within the past 12 months the food we bought just didn't last and we didn't have money to get more [U.S. FSS]</a></li><li><a href=\"Observation-HVS-item-example-88124-3.html\">Observation Food insecurity risk [HVS]</a></li></ul><p><b>derivedFrom</b>: <a href=\"QuestionnaireResponse-hunger-vital-sign-example.html\">Response to Questionnaire '-&gt;Hunger Vital Sign Example' about '-&gt;Amy V. Shaw'</a></p></div>"
  },
  "status" : "final",
  "category" : [{
    "coding" : [{
      "system" : "http://hl7.org/fhir/us/core/CodeSystem/us-core-category",
      "code" : "sdoh",
      "display" : "SDOH"
    }]
  },
  {
    "coding" : [{
      "system" : "http://terminology.hl7.org/CodeSystem/observation-category",
      "code" : "survey",
      "display" : "Survey"
    }]
  }],
  "code" : {
    "coding" : [{
      "system" : "http://loinc.org",
      "code" : "88121-9",
      "display" : "Hunger Vital Sign [HVS]"
    }],
    "text" : "Hunger Vital Sign [HVS]"
  },
  "subject" : {
    "reference" : "Patient/example"
  },
  "effectiveDateTime" : "2020-09-10T21:56:54.671000+00:00",
  "performer" : [{
    "reference" : "Patient/example"
  }],
  "valueQuantity" : {
    "value" : 2,
    "unit" : "score"
  },
  "hasMember" : [{
    "reference" : "Observation/HVS-item-example-88122-7"
  },
  {
    "reference" : "Observation/HVS-item-example-88123-5"
  },
  {
    "reference" : "Observation/HVS-item-example-88124-3"
  }],
  "derivedFrom" : [{
    "reference" : "QuestionnaireResponse/hunger-vital-sign-example"
  }]
}