{
  "resourceType" : "Observation",
  "id" : "pediatric-bmi-example",
  "meta" : {
    "profile" : ["http://hl7.org/fhir/us/core/StructureDefinition/pediatric-bmi-for-age|8.0.0"]
  },
  "text" : {
    "status" : "generated",
    "div" : "<div xmlns=\"http://www.w3.org/1999/xhtml\"><p class=\"res-header-id\"><b>Generated Narrative: Observation pediatric-bmi-example</b></p><a name=\"pediatric-bmi-example\"> </a><a name=\"hcpediatric-bmi-example\"> </a><a name=\"pediatric-bmi-example-en-US\"> </a><div style=\"display: inline-block; background-color: #d9e0e7; padding: 6px; margin: 4px; border: 1px solid #8da1b4; border-radius: 5px; line-height: 60%\"><p style=\"margin-bottom: 0px\"/><p style=\"margin-bottom: 0px\">Profile: <a href=\"StructureDefinition-pediatric-bmi-for-age.html\">US Core Pediatric BMI for Age Observation Profileversion: null8.0.0)</a></p></div><p><b>status</b>: Final</p><p><b>category</b>: <span title=\"Codes:{http://terminology.hl7.org/CodeSystem/observation-category vital-signs}\">Vital Signs</span></p><p><b>code</b>: <span title=\"Codes:{http://loinc.org 59576-9}\">BMI</span></p><p><b>subject</b>: <a href=\"Patient-child-example.html\">Child Example</a></p><p><b>encounter</b>: GP Visit</p><p><b>effective</b>: 2019-05-04 12:12:29-0700</p><p><b>performer</b>: <a href=\"Practitioner-practitioner-1.html\">Dr Ronald Bone</a></p><p><b>value</b>: 65 %<span style=\"background: LightGoldenRodYellow\"> (Details: UCUM  code% = '%')</span></p><p><b>note</b>: CDC Males, 2-20 years Chart</p></div>"
  },
  "status" : "final",
  "category" : [{
    "coding" : [{
      "system" : "http://terminology.hl7.org/CodeSystem/observation-category",
      "code" : "vital-signs",
      "display" : "Vital Signs"
    }],
    "text" : "Vital Signs"
  }],
  "code" : {
    "coding" : [{
      "system" : "http://loinc.org",
      "code" : "59576-9",
      "display" : "Body mass index (BMI) [Percentile] Per age and sex"
    }],
    "text" : "BMI"
  },
  "subject" : {
    "reference" : "Patient/child-example",
    "display" : "Child Example"
  },
  "encounter" : {
    "display" : "GP Visit"
  },
  "effectiveDateTime" : "2019-05-04T12:12:29-07:00",
  "performer" : [{
    "reference" : "Practitioner/practitioner-1",
    "display" : "Dr Ronald Bone"
  }],
  "valueQuantity" : {
    "value" : 65,
    "unit" : "%",
    "system" : "http://unitsofmeasure.org",
    "code" : "%"
  },
  "note" : [{
    "text" : "CDC Males, 2-20 years Chart"
  }]
}