{
  "resourceType" : "Observation",
  "id" : "treatment-intervention-preference",
  "meta" : {
    "profile" : ["http://hl7.org/fhir/us/core/StructureDefinition/us-core-treatment-intervention-preference|8.0.0"]
  },
  "text" : {
    "status" : "generated",
    "div" : "<div xmlns=\"http://www.w3.org/1999/xhtml\"><p class=\"res-header-id\"><b>Generated Narrative: Observation treatment-intervention-preference</b></p><a name=\"treatment-intervention-preference\"> </a><a name=\"hctreatment-intervention-preference\"> </a><a name=\"treatment-intervention-preference-en-US\"> </a><div style=\"display: inline-block; background-color: #d9e0e7; padding: 6px; margin: 4px; border: 1px solid #8da1b4; border-radius: 5px; line-height: 60%\"><p style=\"margin-bottom: 0px\"/><p style=\"margin-bottom: 0px\">Profile: <a href=\"StructureDefinition-us-core-treatment-intervention-preference.html\">US Core Treatment Intervention Preference Profileversion: null8.0.0)</a></p></div><p><b>status</b>: Final</p><p><b>category</b>: <span title=\"Codes:{http://hl7.org/fhir/us/core/CodeSystem/us-core-category treatment-intervention-preference}\">Treatment Intervention Preference</span></p><p><b>code</b>: <span title=\"Codes:{http://loinc.org 75773-2}\">preferences for medical treatment</span></p><p><b>subject</b>: <a href=\"Patient-example.html\">Amy Shaw</a></p><p><b>effective</b>: 2023-08-30</p><p><b>performer</b>: <a href=\"Patient-example.html\">Amy Shaw</a></p><p><b>value</b>: If I am having significant pain or suffering, I would like my doctors to consult a Supportive and Palliative Care Team to help treat my physical, emotional and spiritual discomfort, and to support my family.</p></div>"
  },
  "status" : "final",
  "category" : [{
    "coding" : [{
      "system" : "http://hl7.org/fhir/us/core/CodeSystem/us-core-category",
      "code" : "treatment-intervention-preference",
      "display" : "Treatment Intervention preference"
    }],
    "text" : "Treatment Intervention Preference"
  }],
  "code" : {
    "coding" : [{
      "system" : "http://loinc.org",
      "code" : "75773-2",
      "display" : "Goals, preferences, and priorities for medical treatment Narrative - Reported"
    }],
    "text" : "preferences for medical treatment"
  },
  "subject" : {
    "reference" : "Patient/example",
    "display" : "Amy Shaw"
  },
  "effectiveDateTime" : "2023-08-30",
  "performer" : [{
    "reference" : "Patient/example",
    "display" : "Amy Shaw"
  }],
  "valueString" : "If I am having significant pain or suffering, I would like my doctors to consult a Supportive and Palliative Care Team to help treat my physical, emotional and spiritual discomfort, and to support my family."
}