{
  "resourceType" : "Observation",
  "id" : "PRAPARE-panel-example-93025-5",
  "meta" : {
    "profile" : ["http://hl7.org/fhir/us/core/StructureDefinition/us-core-observation-screening-assessment|8.0.0"]
  },
  "text" : {
    "status" : "generated",
    "div" : "<div xmlns=\"http://www.w3.org/1999/xhtml\"><p class=\"res-header-id\"><b>Generated Narrative: Observation PRAPARE-panel-example-93025-5</b></p><a name=\"PRAPARE-panel-example-93025-5\"> </a><a name=\"hcPRAPARE-panel-example-93025-5\"> </a><a name=\"PRAPARE-panel-example-93025-5-en-US\"> </a><div style=\"display: inline-block; background-color: #d9e0e7; padding: 6px; margin: 4px; border: 1px solid #8da1b4; border-radius: 5px; line-height: 60%\"><p style=\"margin-bottom: 0px\"/><p style=\"margin-bottom: 0px\">Profile: <a href=\"StructureDefinition-us-core-observation-screening-assessment.html\">US Core Observation Screening Assessment Profileversion: null8.0.0)</a></p></div><p><b>status</b>: Final</p><p><b>category</b>: <span title=\"Codes:{http://hl7.org/fhir/us/core/CodeSystem/us-core-category sdoh}\">SDOH</span>, <span title=\"Codes:{http://terminology.hl7.org/CodeSystem/observation-category survey}\">Survey</span></p><p><b>code</b>: <span title=\"Codes:{http://loinc.org 93025-5}\">Protocol for Responding to and Assessing Patients' Assets, Risks, and Experiences</span></p><p><b>subject</b>: <a href=\"Patient-example.html\">Amy V. Baxter  (no stated gender), DoB: 1987-02-20 ( Medical Record Number:\u00a01032702\u00a0(use:\u00a0usual,\u00a0))</a></p><p><b>effective</b>: 2022-03-28 18:30:40-0700</p><p><b>performer</b>: <a href=\"Patient-example.html\">Amy V. Baxter  (no stated gender), DoB: 1987-02-20 ( Medical Record Number:\u00a01032702\u00a0(use:\u00a0usual,\u00a0))</a></p><p><b>hasMember</b>: </p><ul><li><a href=\"Observation-PRAPARE-panel-example-93043-8.html\">Observation Personal characteristics [PRAPARE]</a></li><li><a href=\"Observation-PRAPARE-panel-example-93042-0.html\">Observation Family and home [PRAPARE]</a></li><li><a href=\"Observation-PRAPARE-panel-example-93041-2.html\">Observation Money and resources [PRAPARE]</a></li><li><a href=\"Observation-PRAPARE-panel-example-93040-4.html\">Observation Social and emotional health [PRAPARE]</a></li><li><a href=\"Observation-PRAPARE-panel-example-93039-6.html\">Observation Optional additional questions [PRAPARE]</a></li></ul><p><b>derivedFrom</b>: <a href=\"QuestionnaireResponse-prapare-example.html\">Response to Questionnaire '-&gt;Protocol for Responding to and Assessing Patients' Assets, Risks, and Experiences [PRAPARE]' about '-&gt;Amy V. Shaw'</a></p></div>"
  },
  "status" : "final",
  "category" : [{
    "coding" : [{
      "system" : "http://hl7.org/fhir/us/core/CodeSystem/us-core-category",
      "code" : "sdoh",
      "display" : "SDOH"
    }]
  },
  {
    "coding" : [{
      "system" : "http://terminology.hl7.org/CodeSystem/observation-category",
      "code" : "survey",
      "display" : "Survey"
    }]
  }],
  "code" : {
    "coding" : [{
      "system" : "http://loinc.org",
      "code" : "93025-5",
      "display" : "Protocol for Responding to and Assessing Patients' Assets, Risks, and Experiences [PRAPARE]"
    }],
    "text" : "Protocol for Responding to and Assessing Patients' Assets, Risks, and Experiences"
  },
  "subject" : {
    "reference" : "Patient/example"
  },
  "effectiveDateTime" : "2022-03-28T18:30:40-07:00",
  "performer" : [{
    "reference" : "Patient/example"
  }],
  "hasMember" : [{
    "reference" : "Observation/PRAPARE-panel-example-93043-8"
  },
  {
    "reference" : "Observation/PRAPARE-panel-example-93042-0"
  },
  {
    "reference" : "Observation/PRAPARE-panel-example-93041-2"
  },
  {
    "reference" : "Observation/PRAPARE-panel-example-93040-4"
  },
  {
    "reference" : "Observation/PRAPARE-panel-example-93039-6"
  }],
  "derivedFrom" : [{
    "reference" : "QuestionnaireResponse/prapare-example"
  }]
}