{
  "resourceType" : "Observation",
  "id" : "10-minute-apgar-muscle-tone",
  "meta" : {
    "profile" : ["http://hl7.org/fhir/us/core/StructureDefinition/us-core-observation-screening-assessment|8.0.0"]
  },
  "text" : {
    "status" : "generated",
    "div" : "<div xmlns=\"http://www.w3.org/1999/xhtml\"><p class=\"res-header-id\"><b>Generated Narrative: Observation 10-minute-apgar-muscle-tone</b></p><a name=\"10-minute-apgar-muscle-tone\"> </a><a name=\"hc10-minute-apgar-muscle-tone\"> </a><a name=\"10-minute-apgar-muscle-tone-en-US\"> </a><div style=\"display: inline-block; background-color: #d9e0e7; padding: 6px; margin: 4px; border: 1px solid #8da1b4; border-radius: 5px; line-height: 60%\"><p style=\"margin-bottom: 0px\"/><p style=\"margin-bottom: 0px\">Profile: <a href=\"StructureDefinition-us-core-observation-screening-assessment.html\">US Core Observation Screening Assessment Profileversion: null8.0.0)</a></p></div><p><b>status</b>: Final</p><p><b>category</b>: <span title=\"Codes:{http://terminology.hl7.org/CodeSystem/observation-category survey}\">Survey</span></p><p><b>code</b>: <span title=\"Codes:{http://loinc.org 32403-8}\">Apgar muscle tone score</span></p><p><b>subject</b>: <a href=\"Patient-infant-example.html\">Infant Example  (no stated gender), DoB: 2020-06-02 ( Medical Record Number:\u00a01032703\u00a0(use:\u00a0usual,\u00a0))</a></p><p><b>effective</b>: 2016-05-18 22:33:22+0000</p><p><b>performer</b>: <a href=\"Practitioner-practitioner-1.html\">Ronald Bone</a></p><p><b>value</b>: <span title=\"Codes:{http://loinc.org LA6715-2}\">2. Active motion</span></p></div>"
  },
  "status" : "final",
  "category" : [{
    "coding" : [{
      "system" : "http://terminology.hl7.org/CodeSystem/observation-category",
      "code" : "survey",
      "display" : "Survey"
    }],
    "text" : "Survey"
  }],
  "code" : {
    "coding" : [{
      "system" : "http://loinc.org",
      "code" : "32403-8",
      "display" : "10 minute Apgar Muscle Tone"
    }],
    "text" : "Apgar muscle tone score"
  },
  "subject" : {
    "reference" : "Patient/infant-example"
  },
  "effectiveDateTime" : "2016-05-18T22:33:22Z",
  "performer" : [{
    "reference" : "Practitioner/practitioner-1",
    "display" : "Ronald Bone"
  }],
  "valueCodeableConcept" : {
    "coding" : [{
      "extension" : [{
        "url" : "http://hl7.org/fhir/StructureDefinition/ordinalValue",
        "valueDecimal" : 2
      }],
      "system" : "http://loinc.org",
      "code" : "LA6715-2",
      "display" : "Active motion"
    }],
    "text" : "2. Active motion"
  }
}