{
  "resourceType" : "Observation",
  "id" : "pregnancy-status",
  "meta" : {
    "profile" : ["http://hl7.org/fhir/us/core/StructureDefinition/us-core-observation-pregnancystatus|8.0.0"]
  },
  "text" : {
    "status" : "generated",
    "div" : "<div xmlns=\"http://www.w3.org/1999/xhtml\"><p class=\"res-header-id\"><b>Generated Narrative: Observation pregnancy-status</b></p><a name=\"pregnancy-status\"> </a><a name=\"hcpregnancy-status\"> </a><a name=\"pregnancy-status-en-US\"> </a><div style=\"display: inline-block; background-color: #d9e0e7; padding: 6px; margin: 4px; border: 1px solid #8da1b4; border-radius: 5px; line-height: 60%\"><p style=\"margin-bottom: 0px\"/><p style=\"margin-bottom: 0px\">Profile: <a href=\"StructureDefinition-us-core-observation-pregnancystatus.html\">US Core Observation Pregnancy Status Profileversion: null8.0.0)</a></p></div><p><b>status</b>: Final</p><p><b>category</b>: <span title=\"Codes:{http://terminology.hl7.org/CodeSystem/observation-category social-history}\">Social History</span></p><p><b>code</b>: <span title=\"Codes:{http://loinc.org 82810-3}\">Pregnancy Status</span></p><p><b>subject</b>: <a href=\"Patient-example.html\">Amy Shaw</a></p><p><b>effective</b>: 2022-08-24 10:39:52+0000</p><p><b>performer</b>: <a href=\"Practitioner-practitioner-1.html\">Dr Ronald Bone</a></p><p><b>value</b>: <span title=\"Codes:{http://snomed.info/sct 77386006}\">Pregnant</span></p></div>"
  },
  "status" : "final",
  "category" : [{
    "coding" : [{
      "system" : "http://terminology.hl7.org/CodeSystem/observation-category",
      "code" : "social-history",
      "display" : "Social History"
    }],
    "text" : "Social History"
  }],
  "code" : {
    "coding" : [{
      "system" : "http://loinc.org",
      "code" : "82810-3",
      "display" : "Pregnancy status"
    }],
    "text" : "Pregnancy Status"
  },
  "subject" : {
    "reference" : "Patient/example",
    "display" : "Amy Shaw"
  },
  "effectiveDateTime" : "2022-08-24T10:39:52+00:00",
  "performer" : [{
    "reference" : "Practitioner/practitioner-1",
    "display" : "Dr Ronald Bone"
  }],
  "valueCodeableConcept" : {
    "coding" : [{
      "system" : "http://snomed.info/sct",
      "version" : "http://snomed.info/sct/731000124108",
      "code" : "77386006",
      "display" : "Pregnant"
    }],
    "text" : "Pregnant"
  }
}