{
  "resourceType" : "Observation",
  "id" : "EVS-item-example-68516-4",
  "meta" : {
    "profile" : ["http://hl7.org/fhir/us/core/StructureDefinition/us-core-observation-screening-assessment|8.0.0"]
  },
  "text" : {
    "status" : "generated",
    "div" : "<div xmlns=\"http://www.w3.org/1999/xhtml\"><p class=\"res-header-id\"><b>Generated Narrative: Observation EVS-item-example-68516-4</b></p><a name=\"EVS-item-example-68516-4\"> </a><a name=\"hcEVS-item-example-68516-4\"> </a><a name=\"EVS-item-example-68516-4-en-US\"> </a><div style=\"display: inline-block; background-color: #d9e0e7; padding: 6px; margin: 4px; border: 1px solid #8da1b4; border-radius: 5px; line-height: 60%\"><p style=\"margin-bottom: 0px\"/><p style=\"margin-bottom: 0px\">Profile: <a href=\"StructureDefinition-us-core-observation-screening-assessment.html\">US Core Observation Screening Assessment Profileversion: null8.0.0)</a></p></div><p><b>status</b>: Final</p><p><b>category</b>: <span title=\"Codes:{http://terminology.hl7.org/CodeSystem/observation-category survey}\">Survey</span></p><p><b>code</b>: <span title=\"Codes:{http://loinc.org 68516-4}\">On those days that you engage in moderate to strenuous exercise, how many minutes, on average, do you exercise</span></p><p><b>subject</b>: <a href=\"Patient-example.html\">Amy V. Baxter  (no stated gender), DoB: 1987-02-20 ( Medical Record Number:\u00a01032702\u00a0(use:\u00a0usual,\u00a0))</a></p><p><b>effective</b>: 2023-08-04 03:52:52+0000</p><p><b>performer</b>: <a href=\"Practitioner-practitioner-1.html\">Practitioner Ronald Bone </a></p><p><b>value</b>: 60</p><p><b>derivedFrom</b>: <a href=\"QuestionnaireResponse-exercise-vital-sign.html\">Exercise Vital Sign QuestionnaireResponse Example</a></p></div>"
  },
  "status" : "final",
  "category" : [{
    "coding" : [{
      "system" : "http://terminology.hl7.org/CodeSystem/observation-category",
      "code" : "survey",
      "display" : "Survey"
    }]
  }],
  "code" : {
    "coding" : [{
      "system" : "http://loinc.org",
      "code" : "68516-4",
      "display" : "On those days that you engage in moderate to strenuous exercise, how many minutes, on average, do you exercise"
    }],
    "text" : "On those days that you engage in moderate to strenuous exercise, how many minutes, on average, do you exercise"
  },
  "subject" : {
    "reference" : "Patient/example"
  },
  "effectiveDateTime" : "2023-08-04T03:52:52.685000+00:00",
  "performer" : [{
    "reference" : "Practitioner/practitioner-1"
  }],
  "valueString" : "60",
  "derivedFrom" : [{
    "reference" : "QuestionnaireResponse/exercise-vital-sign",
    "display" : "Exercise Vital Sign QuestionnaireResponse Example"
  }]
}