{
  "resourceType" : "Observation",
  "id" : "dxa-hip-l-z-score-bmd",
  "meta" : {
    "profile" : ["http://hl7.org/fhir/us/core/StructureDefinition/us-core-observation-clinical-result|8.0.0"]
  },
  "text" : {
    "status" : "generated",
    "div" : "<div xmlns=\"http://www.w3.org/1999/xhtml\"><p class=\"res-header-id\"><b>Generated Narrative: Observation dxa-hip-l-z-score-bmd</b></p><a name=\"dxa-hip-l-z-score-bmd\"> </a><a name=\"hcdxa-hip-l-z-score-bmd\"> </a><a name=\"dxa-hip-l-z-score-bmd-en-US\"> </a><div style=\"display: inline-block; background-color: #d9e0e7; padding: 6px; margin: 4px; border: 1px solid #8da1b4; border-radius: 5px; line-height: 60%\"><p style=\"margin-bottom: 0px\"/><p style=\"margin-bottom: 0px\">Profile: <a href=\"StructureDefinition-us-core-observation-clinical-result.html\">US Core Observation Clinical Result Profileversion: null8.0.0)</a></p></div><p><b>status</b>: Final</p><p><b>category</b>: <span title=\"Codes:{http://terminology.hl7.org/CodeSystem/observation-category imaging}\">Imaging</span></p><p><b>code</b>: <span title=\"Codes:{http://loinc.org 80938-4}\">DXA Hip-L Z-score BMD</span></p><p><b>subject</b>: <a href=\"Patient-example.html\">Amy Shaw</a></p><p><b>encounter</b>: Bone Scan</p><p><b>effective</b>: 2021-11-10 19:14:41-0800</p><p><b>performer</b>: <a href=\"Practitioner-practitioner-1.html\">Dr Ronald Bone</a></p><p><b>value</b>: -0.19 Z-Score<span style=\"background: LightGoldenRodYellow\"> (Details: UCUM  code1 = '1')</span></p></div>"
  },
  "status" : "final",
  "category" : [{
    "coding" : [{
      "system" : "http://terminology.hl7.org/CodeSystem/observation-category",
      "code" : "imaging",
      "display" : "Imaging"
    }],
    "text" : "Imaging"
  }],
  "code" : {
    "coding" : [{
      "system" : "http://loinc.org",
      "code" : "80938-4",
      "display" : "DXA Hip-L Z-score BMD"
    }],
    "text" : "DXA Hip-L Z-score BMD"
  },
  "subject" : {
    "reference" : "Patient/example",
    "display" : "Amy Shaw"
  },
  "encounter" : {
    "display" : "Bone Scan"
  },
  "effectiveDateTime" : "2021-11-10T19:14:41.088720-08:00",
  "performer" : [{
    "reference" : "Practitioner/practitioner-1",
    "display" : "Dr Ronald Bone"
  }],
  "valueQuantity" : {
    "value" : -0.19,
    "unit" : "Z-Score",
    "system" : "http://unitsofmeasure.org",
    "code" : "1"
  }
}