{
  "resourceType" : "Observation",
  "id" : "exercise-per-week",
  "meta" : {
    "profile" : ["http://hl7.org/fhir/us/core/StructureDefinition/us-core-simple-observation|8.0.0"]
  },
  "text" : {
    "status" : "generated",
    "div" : "<div xmlns=\"http://www.w3.org/1999/xhtml\"><p class=\"res-header-id\"><b>Generated Narrative: Observation exercise-per-week</b></p><a name=\"exercise-per-week\"> </a><a name=\"hcexercise-per-week\"> </a><a name=\"exercise-per-week-en-US\"> </a><div style=\"display: inline-block; background-color: #d9e0e7; padding: 6px; margin: 4px; border: 1px solid #8da1b4; border-radius: 5px; line-height: 60%\"><p style=\"margin-bottom: 0px\"/><p style=\"margin-bottom: 0px\">Profile: <a href=\"StructureDefinition-us-core-simple-observation.html\">US Core Simple Observation Profileversion: null8.0.0)</a></p></div><p><b>status</b>: Final</p><p><b>category</b>: <span title=\"Codes:{http://terminology.hl7.org/CodeSystem/observation-category social-history}\">Social History</span>, <span title=\"Codes:{http://terminology.hl7.org/CodeSystem/observation-category activity}\">Physical Activity</span></p><p><b>code</b>: <span title=\"Codes:{http://loinc.org 89555-7}\">Exercise Days Per Week</span></p><p><b>subject</b>: <a href=\"Patient-example.html\">Amy Shaw</a></p><p><b>effective</b>: 2023-08-03</p><p><b>performer</b>: <a href=\"Patient-example.html\">Amy Shaw</a></p><p><b>value</b>: 3 days per week<span style=\"background: LightGoldenRodYellow\"> (Details: UCUM  coded/wk = 'd/wk')</span></p></div>"
  },
  "status" : "final",
  "category" : [{
    "coding" : [{
      "system" : "http://terminology.hl7.org/CodeSystem/observation-category",
      "code" : "social-history",
      "display" : "Social History"
    }],
    "text" : "Social History"
  },
  {
    "coding" : [{
      "system" : "http://terminology.hl7.org/CodeSystem/observation-category",
      "code" : "activity",
      "display" : "Activity"
    }],
    "text" : "Physical Activity"
  }],
  "code" : {
    "coding" : [{
      "system" : "http://loinc.org",
      "code" : "89555-7",
      "display" : "How many days per week did you engage in moderate to strenuous physical activity in the last 30 days"
    }],
    "text" : "Exercise Days Per Week"
  },
  "subject" : {
    "reference" : "Patient/example",
    "display" : "Amy Shaw"
  },
  "effectiveDateTime" : "2023-08-03",
  "performer" : [{
    "reference" : "Patient/example",
    "display" : "Amy Shaw"
  }],
  "valueQuantity" : {
    "value" : 3,
    "unit" : "days per week",
    "system" : "http://unitsofmeasure.org",
    "code" : "d/wk"
  }
}