{
  "resourceType" : "Observation",
  "id" : "pediatric-wt-example",
  "meta" : {
    "profile" : ["http://hl7.org/fhir/us/core/StructureDefinition/pediatric-weight-for-height|8.0.0"]
  },
  "text" : {
    "status" : "generated",
    "div" : "<div xmlns=\"http://www.w3.org/1999/xhtml\"><p class=\"res-header-id\"><b>Generated Narrative: Observation pediatric-wt-example</b></p><a name=\"pediatric-wt-example\"> </a><a name=\"hcpediatric-wt-example\"> </a><a name=\"pediatric-wt-example-en-US\"> </a><div style=\"display: inline-block; background-color: #d9e0e7; padding: 6px; margin: 4px; border: 1px solid #8da1b4; border-radius: 5px; line-height: 60%\"><p style=\"margin-bottom: 0px\"/><p style=\"margin-bottom: 0px\">Profile: <a href=\"StructureDefinition-pediatric-weight-for-height.html\">US Core Pediatric Weight for Height Observation Profileversion: null8.0.0)</a></p></div><p><b>status</b>: Final</p><p><b>category</b>: <span title=\"Codes:{http://terminology.hl7.org/CodeSystem/observation-category vital-signs}\">Vital Signs</span></p><p><b>code</b>: <span title=\"Codes:{http://loinc.org 77606-2}\">BMI</span></p><p><b>subject</b>: <a href=\"Patient-infant-example.html\">Infant Example</a></p><p><b>encounter</b>: GP Visit</p><p><b>effective</b>: 2020-07-02</p><p><b>performer</b>: <a href=\"Practitioner-practitioner-1.html\">Dr Ronald Bone</a></p><p><b>value</b>: 65 %<span style=\"background: LightGoldenRodYellow\"> (Details: UCUM  code% = '%')</span></p><p><b>note</b>: WHO Males, 0-2 years Chart</p></div>"
  },
  "status" : "final",
  "category" : [{
    "coding" : [{
      "system" : "http://terminology.hl7.org/CodeSystem/observation-category",
      "code" : "vital-signs",
      "display" : "Vital Signs"
    }],
    "text" : "Vital Signs"
  }],
  "code" : {
    "coding" : [{
      "system" : "http://loinc.org",
      "code" : "77606-2",
      "display" : "Weight-for-length Per age and sex"
    }],
    "text" : "BMI"
  },
  "subject" : {
    "reference" : "Patient/infant-example",
    "display" : "Infant Example"
  },
  "encounter" : {
    "display" : "GP Visit"
  },
  "effectiveDateTime" : "2020-07-02",
  "performer" : [{
    "reference" : "Practitioner/practitioner-1",
    "display" : "Dr Ronald Bone"
  }],
  "valueQuantity" : {
    "value" : 65,
    "unit" : "%",
    "system" : "http://unitsofmeasure.org",
    "code" : "%"
  },
  "note" : [{
    "text" : "WHO Males, 0-2 years Chart"
  }]
}