{
  "resourceType" : "Observation",
  "id" : "AUDIT-C-panel-example-72109-2",
  "meta" : {
    "profile" : ["http://hl7.org/fhir/us/core/StructureDefinition/us-core-observation-screening-assessment|8.0.0"]
  },
  "text" : {
    "status" : "generated",
    "div" : "<div xmlns=\"http://www.w3.org/1999/xhtml\"><p class=\"res-header-id\"><b>Generated Narrative: Observation AUDIT-C-panel-example-72109-2</b></p><a name=\"AUDIT-C-panel-example-72109-2\"> </a><a name=\"hcAUDIT-C-panel-example-72109-2\"> </a><a name=\"AUDIT-C-panel-example-72109-2-en-US\"> </a><div style=\"display: inline-block; background-color: #d9e0e7; padding: 6px; margin: 4px; border: 1px solid #8da1b4; border-radius: 5px; line-height: 60%\"><p style=\"margin-bottom: 0px\"/><p style=\"margin-bottom: 0px\">Profile: <a href=\"StructureDefinition-us-core-observation-screening-assessment.html\">US Core Observation Screening Assessment Profileversion: null8.0.0)</a></p></div><p><b>status</b>: Final</p><p><b>category</b>: <span title=\"Codes:{http://terminology.hl7.org/CodeSystem/observation-category survey}\">Survey</span></p><p><b>code</b>: <span title=\"Codes:{http://loinc.org 72109-2}\">Alcohol Use Disorder Identification Test - Consumption [AUDIT-C]</span></p><p><b>subject</b>: <a href=\"Patient-example.html\">Amy V. Baxter  (no stated gender), DoB: 1987-02-20 ( Medical Record Number:\u00a01032702\u00a0(use:\u00a0usual,\u00a0))</a></p><p><b>effective</b>: 2023-08-14 20:40:49+0000</p><p><b>performer</b>: <a href=\"Practitioner-practitioner-1.html\">Practitioner Ronald Bone </a></p><p><b>hasMember</b>: </p><ul><li><a href=\"Observation-AUDIT-C-item-example-68517-2.html\">Observation How many times in the past year have you have X or more drinks in a day</a></li><li><a href=\"Observation-AUDIT-C-item-example-68519-8.html\">Observation How many standard drinks containing alcohol do you have on a typical day</a></li><li><a href=\"Observation-AUDIT-C-item-example-68520-6.html\">Observation How often do you have 6 or more drinks on 1 occasion</a></li><li><a href=\"Observation-AUDIT-C-item-example-75626-2.html\">Observation Total score [AUDIT-C]</a></li></ul><p><b>derivedFrom</b>: <a href=\"QuestionnaireResponse-AUDIT-C.html\">Alcohol Use Disorder Identification Test - Consumption [AUDIT-C] QuestionnaireResponse Example</a></p></div>"
  },
  "status" : "final",
  "category" : [{
    "coding" : [{
      "system" : "http://terminology.hl7.org/CodeSystem/observation-category",
      "code" : "survey",
      "display" : "Survey"
    }]
  }],
  "code" : {
    "coding" : [{
      "system" : "http://loinc.org",
      "code" : "72109-2",
      "display" : "Alcohol Use Disorder Identification Test - Consumption [AUDIT-C]"
    }],
    "text" : "Alcohol Use Disorder Identification Test - Consumption [AUDIT-C]"
  },
  "subject" : {
    "reference" : "Patient/example"
  },
  "effectiveDateTime" : "2023-08-14T20:40:49.675000+00:00",
  "performer" : [{
    "reference" : "Practitioner/practitioner-1"
  }],
  "hasMember" : [{
    "reference" : "Observation/AUDIT-C-item-example-68517-2"
  },
  {
    "reference" : "Observation/AUDIT-C-item-example-68519-8"
  },
  {
    "reference" : "Observation/AUDIT-C-item-example-68520-6"
  },
  {
    "reference" : "Observation/AUDIT-C-item-example-75626-2"
  }],
  "derivedFrom" : [{
    "reference" : "QuestionnaireResponse/AUDIT-C",
    "display" : "Alcohol Use Disorder Identification Test - Consumption [AUDIT-C] QuestionnaireResponse Example"
  }]
}