{
  "resourceType" : "Observation",
  "id" : "alcohol-use-status",
  "meta" : {
    "profile" : ["http://hl7.org/fhir/us/core/StructureDefinition/us-core-simple-observation|8.0.0"]
  },
  "text" : {
    "status" : "generated",
    "div" : "<div xmlns=\"http://www.w3.org/1999/xhtml\"><p class=\"res-header-id\"><b>Generated Narrative: Observation alcohol-use-status</b></p><a name=\"alcohol-use-status\"> </a><a name=\"hcalcohol-use-status\"> </a><a name=\"alcohol-use-status-en-US\"> </a><div style=\"display: inline-block; background-color: #d9e0e7; padding: 6px; margin: 4px; border: 1px solid #8da1b4; border-radius: 5px; line-height: 60%\"><p style=\"margin-bottom: 0px\"/><p style=\"margin-bottom: 0px\">Profile: <a href=\"StructureDefinition-us-core-simple-observation.html\">US Core Simple Observation Profileversion: null8.0.0)</a></p></div><p><b>status</b>: Final</p><p><b>category</b>: <span title=\"Codes:{http://terminology.hl7.org/CodeSystem/observation-category social-history}\">Social History</span></p><p><b>code</b>: <span title=\"Codes:{http://loinc.org 11331-6}\">Alcohol use status</span></p><p><b>subject</b>: <a href=\"Patient-example.html\">Amy Shaw</a></p><p><b>effective</b>: 2023-08-03</p><p><b>performer</b>: <a href=\"Patient-example.html\">Amy Shaw</a></p><p><b>value</b>: <span title=\"Codes:{http://snomed.info/sct 228276006}\">other choices - non-drinker, former drinker, current drinker</span></p></div>"
  },
  "status" : "final",
  "category" : [{
    "coding" : [{
      "system" : "http://terminology.hl7.org/CodeSystem/observation-category",
      "code" : "social-history",
      "display" : "Social History"
    }],
    "text" : "Social History"
  }],
  "code" : {
    "coding" : [{
      "system" : "http://loinc.org",
      "code" : "11331-6",
      "display" : "History of Alcohol use"
    }],
    "text" : "Alcohol use status"
  },
  "subject" : {
    "reference" : "Patient/example",
    "display" : "Amy Shaw"
  },
  "effectiveDateTime" : "2023-08-03",
  "performer" : [{
    "reference" : "Patient/example",
    "display" : "Amy Shaw"
  }],
  "valueCodeableConcept" : {
    "coding" : [{
      "system" : "http://snomed.info/sct",
      "code" : "228276006",
      "display" : "Occasional drinker"
    }],
    "text" : "other choices - non-drinker, former drinker, current drinker"
  }
}