{
  "resourceType" : "Observation",
  "id" : "ekg-impression",
  "meta" : {
    "profile" : ["http://hl7.org/fhir/us/core/StructureDefinition/us-core-observation-clinical-result|8.0.0"]
  },
  "text" : {
    "status" : "generated",
    "div" : "<div xmlns=\"http://www.w3.org/1999/xhtml\"><p class=\"res-header-id\"><b>Generated Narrative: Observation ekg-impression</b></p><a name=\"ekg-impression\"> </a><a name=\"hcekg-impression\"> </a><a name=\"ekg-impression-en-US\"> </a><div style=\"display: inline-block; background-color: #d9e0e7; padding: 6px; margin: 4px; border: 1px solid #8da1b4; border-radius: 5px; line-height: 60%\"><p style=\"margin-bottom: 0px\"/><p style=\"margin-bottom: 0px\">Profile: <a href=\"StructureDefinition-us-core-observation-clinical-result.html\">US Core Observation Clinical Result Profileversion: null8.0.0)</a></p></div><p><b>status</b>: Final</p><p><b>category</b>: <span title=\"Codes:{http://terminology.hl7.org/CodeSystem/observation-category procedure}\">Procedure</span></p><p><b>code</b>: <span title=\"Codes:{http://loinc.org 8601-7}\">EKG impression</span></p><p><b>subject</b>: <a href=\"Patient-example.html\">Amy Shaw</a></p><p><b>encounter</b>: Cardiology Consult</p><p><b>effective</b>: 2021-11-10 16:48:57-0800</p><p><b>performer</b>: <a href=\"Practitioner-practitioner-1.html\">Dr Ronald Bone</a></p><p><b>value</b>: Normal Sinus Rhythm (NSR)</p></div>"
  },
  "status" : "final",
  "category" : [{
    "coding" : [{
      "system" : "http://terminology.hl7.org/CodeSystem/observation-category",
      "code" : "procedure",
      "display" : "Procedure"
    }],
    "text" : "Procedure"
  }],
  "code" : {
    "coding" : [{
      "system" : "http://loinc.org",
      "code" : "8601-7",
      "display" : "EKG impression"
    }],
    "text" : "EKG impression"
  },
  "subject" : {
    "reference" : "Patient/example",
    "display" : "Amy Shaw"
  },
  "encounter" : {
    "display" : "Cardiology Consult"
  },
  "effectiveDateTime" : "2021-11-10T16:48:57.246958-08:00",
  "performer" : [{
    "reference" : "Practitioner/practitioner-1",
    "display" : "Dr Ronald Bone"
  }],
  "valueString" : "Normal Sinus Rhythm (NSR)"
}