{
  "resourceType" : "Observation",
  "id" : "pregnancy-intent",
  "meta" : {
    "profile" : ["http://hl7.org/fhir/us/core/StructureDefinition/us-core-observation-pregnancyintent|8.0.0"]
  },
  "text" : {
    "status" : "generated",
    "div" : "<div xmlns=\"http://www.w3.org/1999/xhtml\"><p class=\"res-header-id\"><b>Generated Narrative: Observation pregnancy-intent</b></p><a name=\"pregnancy-intent\"> </a><a name=\"hcpregnancy-intent\"> </a><a name=\"pregnancy-intent-en-US\"> </a><div style=\"display: inline-block; background-color: #d9e0e7; padding: 6px; margin: 4px; border: 1px solid #8da1b4; border-radius: 5px; line-height: 60%\"><p style=\"margin-bottom: 0px\"/><p style=\"margin-bottom: 0px\">Profile: <a href=\"StructureDefinition-us-core-observation-pregnancyintent.html\">US Core Observation Pregnancy Intent Profileversion: null8.0.0)</a></p></div><p><b>status</b>: Final</p><p><b>category</b>: <span title=\"Codes:{http://terminology.hl7.org/CodeSystem/observation-category social-history}\">Social History</span></p><p><b>code</b>: <span title=\"Codes:{http://loinc.org 86645-9}\">Pregnancy Intent</span></p><p><b>subject</b>: <a href=\"Patient-example.html\">Amy Shaw</a></p><p><b>effective</b>: 2022-09-23 22:39:43+0000</p><p><b>performer</b>: <a href=\"Practitioner-practitioner-1.html\">Dr Ronald Bone</a></p><p><b>value</b>: <span title=\"Codes:{http://snomed.info/sct 454381000124105}\">Pregnant</span></p></div>"
  },
  "status" : "final",
  "category" : [{
    "coding" : [{
      "system" : "http://terminology.hl7.org/CodeSystem/observation-category",
      "code" : "social-history",
      "display" : "Social History"
    }],
    "text" : "Social History"
  }],
  "code" : {
    "coding" : [{
      "system" : "http://loinc.org",
      "code" : "86645-9",
      "display" : "Pregnancy intention in the next year - Reported"
    }],
    "text" : "Pregnancy Intent"
  },
  "subject" : {
    "reference" : "Patient/example",
    "display" : "Amy Shaw"
  },
  "effectiveDateTime" : "2022-09-23T22:39:43+00:00",
  "performer" : [{
    "reference" : "Practitioner/practitioner-1",
    "display" : "Dr Ronald Bone"
  }],
  "valueCodeableConcept" : {
    "coding" : [{
      "system" : "http://snomed.info/sct",
      "version" : "http://snomed.info/sct/731000124108",
      "code" : "454381000124105",
      "display" : "Not sure of desire to become pregnant (finding)"
    }],
    "text" : "Pregnant"
  }
}