{
  "resourceType" : "Observation",
  "id" : "PRAPARE-panel-example-93043-8",
  "meta" : {
    "profile" : ["http://hl7.org/fhir/us/core/StructureDefinition/us-core-observation-screening-assessment|8.0.0"]
  },
  "text" : {
    "status" : "generated",
    "div" : "<div xmlns=\"http://www.w3.org/1999/xhtml\"><p class=\"res-header-id\"><b>Generated Narrative: Observation PRAPARE-panel-example-93043-8</b></p><a name=\"PRAPARE-panel-example-93043-8\"> </a><a name=\"hcPRAPARE-panel-example-93043-8\"> </a><a name=\"PRAPARE-panel-example-93043-8-en-US\"> </a><div style=\"display: inline-block; background-color: #d9e0e7; padding: 6px; margin: 4px; border: 1px solid #8da1b4; border-radius: 5px; line-height: 60%\"><p style=\"margin-bottom: 0px\"/><p style=\"margin-bottom: 0px\">Profile: <a href=\"StructureDefinition-us-core-observation-screening-assessment.html\">US Core Observation Screening Assessment Profileversion: null8.0.0)</a></p></div><p><b>status</b>: Final</p><p><b>category</b>: <span title=\"Codes:{http://hl7.org/fhir/us/core/CodeSystem/us-core-category sdoh}\">SDOH</span>, <span title=\"Codes:{http://terminology.hl7.org/CodeSystem/observation-category survey}\">Survey</span></p><p><b>code</b>: <span title=\"Codes:{http://loinc.org 93043-8}\">Personal characteristics</span></p><p><b>subject</b>: <a href=\"Patient-example.html\">Amy V. Baxter  (no stated gender), DoB: 1987-02-20 ( Medical Record Number:\u00a01032702\u00a0(use:\u00a0usual,\u00a0))</a></p><p><b>effective</b>: 2022-03-28 18:30:40-0700</p><p><b>performer</b>: <a href=\"Patient-example.html\">Amy V. Baxter  (no stated gender), DoB: 1987-02-20 ( Medical Record Number:\u00a01032702\u00a0(use:\u00a0usual,\u00a0))</a></p><p><b>hasMember</b>: </p><ul><li><a href=\"Observation-PRAPARE-item-example-56051-6.html\">Observation Hispanic or Latino</a></li><li><a href=\"Observation-PRAPARE-multiselect-item-example-32624-9-answer0.html\">Observation Race</a></li><li><a href=\"Observation-PRAPARE-multiselect-item-example-32624-9-answer1.html\">Observation Race</a></li><li><a href=\"Observation-PRAPARE-item-example-93035-4.html\">Observation Has season or migrant farm work been your or your family's main source of income at any point in past 2 years [PRAPARE]</a></li><li><a href=\"Observation-PRAPARE-item-example-93034-7.html\">Observation Discharged from the U.S. Armed Forces</a></li><li><a href=\"Observation-PRAPARE-item-example-54899-0.html\">Observation Preferred language</a></li></ul><p><b>derivedFrom</b>: <a href=\"QuestionnaireResponse-prapare-example.html\">Response to Questionnaire '-&gt;Protocol for Responding to and Assessing Patients' Assets, Risks, and Experiences [PRAPARE]' about '-&gt;Amy V. Shaw'</a></p></div>"
  },
  "status" : "final",
  "category" : [{
    "coding" : [{
      "system" : "http://hl7.org/fhir/us/core/CodeSystem/us-core-category",
      "code" : "sdoh",
      "display" : "SDOH"
    }]
  },
  {
    "coding" : [{
      "system" : "http://terminology.hl7.org/CodeSystem/observation-category",
      "code" : "survey",
      "display" : "Survey"
    }]
  }],
  "code" : {
    "coding" : [{
      "system" : "http://loinc.org",
      "code" : "93043-8",
      "display" : "Personal characteristics [PRAPARE]"
    }],
    "text" : "Personal characteristics"
  },
  "subject" : {
    "reference" : "Patient/example"
  },
  "effectiveDateTime" : "2022-03-28T18:30:40-07:00",
  "performer" : [{
    "reference" : "Patient/example"
  }],
  "hasMember" : [{
    "reference" : "Observation/PRAPARE-item-example-56051-6"
  },
  {
    "reference" : "Observation/PRAPARE-multiselect-item-example-32624-9-answer0"
  },
  {
    "reference" : "Observation/PRAPARE-multiselect-item-example-32624-9-answer1"
  },
  {
    "reference" : "Observation/PRAPARE-item-example-93035-4"
  },
  {
    "reference" : "Observation/PRAPARE-item-example-93034-7"
  },
  {
    "reference" : "Observation/PRAPARE-item-example-54899-0"
  }],
  "derivedFrom" : [{
    "reference" : "QuestionnaireResponse/prapare-example"
  }]
}