{
  "resourceType" : "Observation",
  "id" : "PHQ9-panel-example-44249-1",
  "meta" : {
    "profile" : ["http://hl7.org/fhir/us/core/StructureDefinition/us-core-observation-screening-assessment|8.0.0"]
  },
  "text" : {
    "status" : "generated",
    "div" : "<div xmlns=\"http://www.w3.org/1999/xhtml\"><p class=\"res-header-id\"><b>Generated Narrative: Observation PHQ9-panel-example-44249-1</b></p><a name=\"PHQ9-panel-example-44249-1\"> </a><a name=\"hcPHQ9-panel-example-44249-1\"> </a><a name=\"PHQ9-panel-example-44249-1-en-US\"> </a><div style=\"display: inline-block; background-color: #d9e0e7; padding: 6px; margin: 4px; border: 1px solid #8da1b4; border-radius: 5px; line-height: 60%\"><p style=\"margin-bottom: 0px\"/><p style=\"margin-bottom: 0px\">Profile: <a href=\"StructureDefinition-us-core-observation-screening-assessment.html\">US Core Observation Screening Assessment Profileversion: null8.0.0)</a></p></div><p><b>status</b>: Final</p><p><b>category</b>: <span title=\"Codes:{http://terminology.hl7.org/CodeSystem/observation-category survey}\">Survey</span>, <span title=\"Codes:{http://hl7.org/fhir/us/core/CodeSystem/us-core-category disability-status}\">Disability Status</span></p><p><b>code</b>: <span title=\"Codes:{http://loinc.org 44249-1}\">PHQ-9 quick depression assessment panel [Reported.PHQ]</span></p><p><b>subject</b>: <a href=\"Patient-example.html\">Amy V. Baxter  (no stated gender), DoB: 1987-02-20 ( Medical Record Number:\u00a01032702\u00a0(use:\u00a0usual,\u00a0))</a></p><p><b>effective</b>: 2022-11-29 20:50:32+0000</p><p><b>performer</b>: <a href=\"Practitioner-practitioner-1.html\">Practitioner Ronald Bone </a></p><p><b>hasMember</b>: </p><ul><li><a href=\"Observation-PHQ9-item-example-44250-9.html\">Observation Little interest or pleasure in doing things in last 2 weeks</a></li><li><a href=\"Observation-PHQ9-item-example-44255-8.html\">Observation Feeling down, depressed, or hopeless in last 2 weeks</a></li><li><a href=\"Observation-PHQ9-item-example-44259-0.html\">Observation Trouble falling or staying asleep, or sleeping too much in last 2 weeks [Reported.PHQ]</a></li><li><a href=\"Observation-PHQ9-item-example-44254-1.html\">Observation Feeling tired or having little energy in last 2 weeks [Reported.PHQ]</a></li><li><a href=\"Observation-PHQ9-item-example-44251-7.html\">Observation Poor appetite or overeating in last 2 weeks [Reported.PHQ]</a></li><li><a href=\"Observation-PHQ9-item-example-44258-2.html\">Observation Feeling bad about yourself - or that you are a failure or have let yourself or your family down in last 2 weeks [Reported.PHQ]</a></li><li><a href=\"Observation-PHQ9-item-example-44252-5.html\">Observation Trouble concentrating on things, such as reading the newspaper or watching television in last 2 weeks [Reported.PHQ]</a></li><li><a href=\"Observation-PHQ9-item-example-44253-3.html\">Observation Moving or speaking so slowly that other people could have noticed. Or the opposite - being so fidgety or restless that you have been moving around a lot more than usual in last 2 weeks [Reported.PHQ]</a></li><li><a href=\"Observation-PHQ9-item-example-44260-8.html\">Observation Thoughts that you would be better off dead, or of hurting yourself in some way in last 2 weeks [Reported.PHQ]</a></li><li><a href=\"Observation-PHQ9-item-example-44261-6.html\">Observation Patient Health Questionnaire 9 item (PHQ-9) total score [Reported]</a></li><li><a href=\"Observation-PHQ9-item-example-69722-7.html\">Observation How difficult have these made it for you to do your work, take care of things at home, or get along with other people [Reported.PHQ]</a></li></ul><p><b>derivedFrom</b>: <a href=\"QuestionnaireResponse-phq-9-example.html\">Response to Questionnaire '-&gt;PHQ-9 Example' about '-&gt;Amy V. Baxter  (no stated gender), DoB: 1987-02-20 ( Medical Record Number:\u00a01032702\u00a0(use:\u00a0usual,\u00a0))'</a></p></div>"
  },
  "status" : "final",
  "category" : [{
    "coding" : [{
      "system" : "http://terminology.hl7.org/CodeSystem/observation-category",
      "code" : "survey",
      "display" : "Survey"
    }]
  },
  {
    "coding" : [{
      "system" : "http://hl7.org/fhir/us/core/CodeSystem/us-core-category",
      "code" : "disability-status",
      "display" : "Disability Status"
    }]
  }],
  "code" : {
    "coding" : [{
      "system" : "http://loinc.org",
      "code" : "44249-1",
      "display" : "PHQ-9 quick depression assessment panel [Reported.PHQ]"
    }],
    "text" : "PHQ-9 quick depression assessment panel [Reported.PHQ]"
  },
  "subject" : {
    "reference" : "Patient/example"
  },
  "effectiveDateTime" : "2022-11-29T20:50:32.718000+00:00",
  "performer" : [{
    "reference" : "Practitioner/practitioner-1"
  }],
  "hasMember" : [{
    "reference" : "Observation/PHQ9-item-example-44250-9"
  },
  {
    "reference" : "Observation/PHQ9-item-example-44255-8"
  },
  {
    "reference" : "Observation/PHQ9-item-example-44259-0"
  },
  {
    "reference" : "Observation/PHQ9-item-example-44254-1"
  },
  {
    "reference" : "Observation/PHQ9-item-example-44251-7"
  },
  {
    "reference" : "Observation/PHQ9-item-example-44258-2"
  },
  {
    "reference" : "Observation/PHQ9-item-example-44252-5"
  },
  {
    "reference" : "Observation/PHQ9-item-example-44253-3"
  },
  {
    "reference" : "Observation/PHQ9-item-example-44260-8"
  },
  {
    "reference" : "Observation/PHQ9-item-example-44261-6"
  },
  {
    "reference" : "Observation/PHQ9-item-example-69722-7"
  }],
  "derivedFrom" : [{
    "reference" : "QuestionnaireResponse/phq-9-example"
  }]
}