{
  "resourceType" : "Observation",
  "id" : "urobilinogen",
  "meta" : {
    "lastUpdated" : "2005-07-05T15:29:58.597000+00:00",
    "profile" : ["http://hl7.org/fhir/us/core/StructureDefinition/us-core-observation-lab|8.0.0"]
  },
  "text" : {
    "status" : "generated",
    "div" : "<div xmlns=\"http://www.w3.org/1999/xhtml\"><p class=\"res-header-id\"><b>Generated Narrative: Observation urobilinogen</b></p><a name=\"urobilinogen\"> </a><a name=\"hcurobilinogen\"> </a><a name=\"urobilinogen-en-US\"> </a><div style=\"display: inline-block; background-color: #d9e0e7; padding: 6px; margin: 4px; border: 1px solid #8da1b4; border-radius: 5px; line-height: 60%\"><p style=\"margin-bottom: 0px\">Last updated: 2005-07-05 15:29:58+0000</p><p style=\"margin-bottom: 0px\">Profile: <a href=\"StructureDefinition-us-core-observation-lab.html\">US Core Laboratory Result Observation Profileversion: null8.0.0)</a></p></div><p><b>status</b>: Final</p><p><b>category</b>: <span title=\"Codes:{http://terminology.hl7.org/CodeSystem/observation-category laboratory}\">Laboratory</span></p><p><b>code</b>: <span title=\"Codes:{http://loinc.org 20405-7}\">Urobilinogen, Urine</span></p><p><b>subject</b>: <a href=\"Patient-example.html\">Amy Shaw</a></p><p><b>effective</b>: 2005-07-05</p><p><b>performer</b>: <a href=\"Practitioner-practitioner-1.html\">Dr Ronald Bone</a></p><p><b>value</b>: 0.3 mg/dL<span style=\"background: LightGoldenRodYellow\"> (Details: UCUM  codemg/dL = 'mg/dL')</span></p><p><b>interpretation</b>: <span title=\"Codes:{http://terminology.hl7.org/CodeSystem/v3-ObservationInterpretation N}\">Normal</span></p><p><b>specimen</b>: <a href=\"Specimen-specimen-example-urine.html\">Urine Specimen Example</a></p><h3>ReferenceRanges</h3><table class=\"grid\"><tr><td style=\"display: none\">-</td><td><b>Low</b></td><td><b>High</b></td></tr><tr><td style=\"display: none\">*</td><td>0.1 mg/dL<span style=\"background: LightGoldenRodYellow\"> (Details: UCUM  codemg/dL = 'mg/dL')</span></td><td>1 mg/dL<span style=\"background: LightGoldenRodYellow\"> (Details: UCUM  codemg/dL = 'mg/dL')</span></td></tr></table></div>"
  },
  "status" : "final",
  "category" : [{
    "coding" : [{
      "system" : "http://terminology.hl7.org/CodeSystem/observation-category",
      "code" : "laboratory",
      "display" : "Laboratory"
    }],
    "text" : "Laboratory"
  }],
  "code" : {
    "coding" : [{
      "system" : "http://loinc.org",
      "code" : "20405-7",
      "display" : "Urobilinogen [Mass/volume] in Urine by Test strip"
    }],
    "text" : "Urobilinogen, Urine"
  },
  "subject" : {
    "reference" : "Patient/example",
    "display" : "Amy Shaw"
  },
  "effectiveDateTime" : "2005-07-05",
  "performer" : [{
    "reference" : "Practitioner/practitioner-1",
    "display" : "Dr Ronald Bone"
  }],
  "valueQuantity" : {
    "value" : 0.3,
    "unit" : "mg/dL",
    "system" : "http://unitsofmeasure.org",
    "code" : "mg/dL"
  },
  "interpretation" : [{
    "coding" : [{
      "system" : "http://terminology.hl7.org/CodeSystem/v3-ObservationInterpretation",
      "code" : "N",
      "display" : "Normal"
    }],
    "text" : "Normal"
  }],
  "specimen" : {
    "reference" : "Specimen/specimen-example-urine",
    "display" : "Urine Specimen Example"
  },
  "referenceRange" : [{
    "low" : {
      "value" : 0.1,
      "unit" : "mg/dL",
      "system" : "http://unitsofmeasure.org",
      "code" : "mg/dL"
    },
    "high" : {
      "value" : 1,
      "unit" : "mg/dL",
      "system" : "http://unitsofmeasure.org",
      "code" : "mg/dL"
    }
  }]
}