{
  "resourceType" : "Observation",
  "id" : "HVS-item-example-88122-7",
  "meta" : {
    "profile" : ["http://hl7.org/fhir/us/core/StructureDefinition/us-core-observation-screening-assessment|8.0.0"]
  },
  "text" : {
    "status" : "generated",
    "div" : "<div xmlns=\"http://www.w3.org/1999/xhtml\"><p class=\"res-header-id\"><b>Generated Narrative: Observation HVS-item-example-88122-7</b></p><a name=\"HVS-item-example-88122-7\"> </a><a name=\"hcHVS-item-example-88122-7\"> </a><a name=\"HVS-item-example-88122-7-en-US\"> </a><div style=\"display: inline-block; background-color: #d9e0e7; padding: 6px; margin: 4px; border: 1px solid #8da1b4; border-radius: 5px; line-height: 60%\"><p style=\"margin-bottom: 0px\"/><p style=\"margin-bottom: 0px\">Profile: <a href=\"StructureDefinition-us-core-observation-screening-assessment.html\">US Core Observation Screening Assessment Profileversion: null8.0.0)</a></p></div><p><b>status</b>: Final</p><p><b>category</b>: <span title=\"Codes:{http://hl7.org/fhir/us/core/CodeSystem/us-core-category sdoh}\">SDOH</span>, <span title=\"Codes:{http://terminology.hl7.org/CodeSystem/observation-category survey}\">Survey</span></p><p><b>code</b>: <span title=\"Codes:{http://loinc.org 88122-7}\">Within the past 12 months we worried whether our food would run out before we got money to buy more [U.S. FSS]</span></p><p><b>subject</b>: <a href=\"Patient-example.html\">Amy V. Baxter  (no stated gender), DoB: 1987-02-20 ( Medical Record Number:\u00a01032702\u00a0(use:\u00a0usual,\u00a0))</a></p><p><b>effective</b>: 2020-09-10 21:56:54+0000</p><p><b>performer</b>: <a href=\"Patient-example.html\">Amy V. Baxter  (no stated gender), DoB: 1987-02-20 ( Medical Record Number:\u00a01032702\u00a0(use:\u00a0usual,\u00a0))</a></p><p><b>value</b>: <span title=\"Codes:{http://loinc.org LA28397-0}\">Often true</span></p><p><b>derivedFrom</b>: <a href=\"QuestionnaireResponse-hunger-vital-sign-example.html\">Response to Questionnaire '-&gt;Hunger Vital Sign Example' about '-&gt;Amy V. Shaw'</a></p></div>"
  },
  "status" : "final",
  "category" : [{
    "coding" : [{
      "system" : "http://hl7.org/fhir/us/core/CodeSystem/us-core-category",
      "code" : "sdoh",
      "display" : "SDOH"
    }]
  },
  {
    "coding" : [{
      "system" : "http://terminology.hl7.org/CodeSystem/observation-category",
      "code" : "survey",
      "display" : "Survey"
    }]
  }],
  "code" : {
    "coding" : [{
      "system" : "http://loinc.org",
      "code" : "88122-7",
      "display" : "Within the past 12 months we worried whether our food would run out before we got money to buy more [U.S. FSS]"
    }],
    "text" : "Within the past 12 months we worried whether our food would run out before we got money to buy more [U.S. FSS]"
  },
  "subject" : {
    "reference" : "Patient/example"
  },
  "effectiveDateTime" : "2020-09-10T21:56:54.671000+00:00",
  "performer" : [{
    "reference" : "Patient/example"
  }],
  "valueCodeableConcept" : {
    "coding" : [{
      "extension" : [{
        "url" : "http://hl7.org/fhir/StructureDefinition/itemWeight",
        "valueDecimal" : 1
      }],
      "system" : "http://loinc.org",
      "code" : "LA28397-0",
      "display" : "Often true"
    }],
    "text" : "Often true"
  },
  "derivedFrom" : [{
    "reference" : "QuestionnaireResponse/hunger-vital-sign-example"
  }]
}