{
  "resourceType" : "Observation",
  "id" : "ofc-percentile",
  "meta" : {
    "profile" : ["http://hl7.org/fhir/us/core/StructureDefinition/head-occipital-frontal-circumference-percentile|8.0.0"]
  },
  "text" : {
    "status" : "generated",
    "div" : "<div xmlns=\"http://www.w3.org/1999/xhtml\"><p class=\"res-header-id\"><b>Generated Narrative: Observation ofc-percentile</b></p><a name=\"ofc-percentile\"> </a><a name=\"hcofc-percentile\"> </a><a name=\"ofc-percentile-en-US\"> </a><div style=\"display: inline-block; background-color: #d9e0e7; padding: 6px; margin: 4px; border: 1px solid #8da1b4; border-radius: 5px; line-height: 60%\"><p style=\"margin-bottom: 0px\"/><p style=\"margin-bottom: 0px\">Profile: <a href=\"StructureDefinition-head-occipital-frontal-circumference-percentile.html\">US Core Pediatric Head Occipital Frontal Circumference Percentile Profileversion: null8.0.0)</a></p></div><p><b>status</b>: Final</p><p><b>category</b>: <span title=\"Codes:{http://terminology.hl7.org/CodeSystem/observation-category vital-signs}\">Vital Signs</span></p><p><b>code</b>: <span title=\"Codes:{http://loinc.org 8289-1}\">Head Occipital-frontal circumference Percentile</span></p><p><b>subject</b>: <a href=\"Patient-infant-example.html\">Infant Example</a></p><p><b>effective</b>: 2020-07-01</p><p><b>performer</b>: <a href=\"Practitioner-practitioner-1.html\">Dr Ronald Bone</a></p><p><b>value</b>: 82 %<span style=\"background: LightGoldenRodYellow\"> (Details: UCUM  code% = '%')</span></p><p><b>note</b>: WHO Males, 0-2 years Chart</p></div>"
  },
  "status" : "final",
  "category" : [{
    "coding" : [{
      "system" : "http://terminology.hl7.org/CodeSystem/observation-category",
      "code" : "vital-signs",
      "display" : "Vital Signs"
    }],
    "text" : "Vital Signs"
  }],
  "code" : {
    "coding" : [{
      "system" : "http://loinc.org",
      "code" : "8289-1",
      "display" : "Head Occipital-frontal circumference Percentile"
    }],
    "text" : "Head Occipital-frontal circumference Percentile"
  },
  "subject" : {
    "reference" : "Patient/infant-example",
    "display" : "Infant Example"
  },
  "effectiveDateTime" : "2020-07-01",
  "performer" : [{
    "reference" : "Practitioner/practitioner-1",
    "display" : "Dr Ronald Bone"
  }],
  "valueQuantity" : {
    "value" : 82,
    "unit" : "%",
    "system" : "http://unitsofmeasure.org",
    "code" : "%"
  },
  "note" : [{
    "text" : "WHO Males, 0-2 years Chart"
  }]
}