{
  "resourceType" : "Observation",
  "id" : "q-t-interval-ekg-lead",
  "meta" : {
    "profile" : ["http://hl7.org/fhir/us/core/StructureDefinition/us-core-observation-clinical-result|8.0.0"]
  },
  "text" : {
    "status" : "generated",
    "div" : "<div xmlns=\"http://www.w3.org/1999/xhtml\"><p class=\"res-header-id\"><b>Generated Narrative: Observation q-t-interval-ekg-lead</b></p><a name=\"q-t-interval-ekg-lead\"> </a><a name=\"hcq-t-interval-ekg-lead\"> </a><a name=\"q-t-interval-ekg-lead-en-US\"> </a><div style=\"display: inline-block; background-color: #d9e0e7; padding: 6px; margin: 4px; border: 1px solid #8da1b4; border-radius: 5px; line-height: 60%\"><p style=\"margin-bottom: 0px\"/><p style=\"margin-bottom: 0px\">Profile: <a href=\"StructureDefinition-us-core-observation-clinical-result.html\">US Core Observation Clinical Result Profileversion: null8.0.0)</a></p></div><p><b>status</b>: Final</p><p><b>category</b>: <span title=\"Codes:{http://terminology.hl7.org/CodeSystem/observation-category procedure}\">Procedure</span></p><p><b>code</b>: <span title=\"Codes:{http://loinc.org 44975-1}\">Q-T interval {EKG lead}</span></p><p><b>subject</b>: <a href=\"Patient-example.html\">Amy Shaw</a></p><p><b>encounter</b>: Cardiology Consult</p><p><b>effective</b>: 2021-11-10 16:48:57-0800</p><p><b>performer</b>: <a href=\"Practitioner-practitioner-1.html\">Dr Ronald Bone</a></p><p><b>value</b>: 0.4 s<span style=\"background: LightGoldenRodYellow\"> (Details: UCUM  codes = 's')</span></p></div>"
  },
  "status" : "final",
  "category" : [{
    "coding" : [{
      "system" : "http://terminology.hl7.org/CodeSystem/observation-category",
      "code" : "procedure",
      "display" : "Procedure"
    }],
    "text" : "Procedure"
  }],
  "code" : {
    "coding" : [{
      "system" : "http://loinc.org",
      "code" : "44975-1",
      "display" : "Q-T interval {EKG lead}"
    }],
    "text" : "Q-T interval {EKG lead}"
  },
  "subject" : {
    "reference" : "Patient/example",
    "display" : "Amy Shaw"
  },
  "encounter" : {
    "display" : "Cardiology Consult"
  },
  "effectiveDateTime" : "2021-11-10T16:48:57.246958-08:00",
  "performer" : [{
    "reference" : "Practitioner/practitioner-1",
    "display" : "Dr Ronald Bone"
  }],
  "valueQuantity" : {
    "value" : 0.4,
    "unit" : "s",
    "system" : "http://unitsofmeasure.org",
    "code" : "s"
  }
}