{
  "resourceType" : "Observation",
  "id" : "TAPS-item-example-75889-6",
  "meta" : {
    "profile" : ["http://hl7.org/fhir/us/core/StructureDefinition/us-core-observation-screening-assessment|8.0.0"]
  },
  "text" : {
    "status" : "generated",
    "div" : "<div xmlns=\"http://www.w3.org/1999/xhtml\"><p class=\"res-header-id\"><b>Generated Narrative: Observation TAPS-item-example-75889-6</b></p><a name=\"TAPS-item-example-75889-6\"> </a><a name=\"hcTAPS-item-example-75889-6\"> </a><a name=\"TAPS-item-example-75889-6-en-US\"> </a><div style=\"display: inline-block; background-color: #d9e0e7; padding: 6px; margin: 4px; border: 1px solid #8da1b4; border-radius: 5px; line-height: 60%\"><p style=\"margin-bottom: 0px\"/><p style=\"margin-bottom: 0px\">Profile: <a href=\"StructureDefinition-us-core-observation-screening-assessment.html\">US Core Observation Screening Assessment Profileversion: null8.0.0)</a></p></div><p><b>status</b>: Final</p><p><b>category</b>: <span title=\"Codes:{http://terminology.hl7.org/CodeSystem/observation-category survey}\">Survey</span></p><p><b>code</b>: <span title=\"Codes:{http://loinc.org 75889-6}\">How often have you had four or more drinks in one day during the past year [Reported]</span></p><p><b>subject</b>: <a href=\"Patient-example.html\">Amy V. Baxter  (no stated gender), DoB: 1987-02-20 ( Medical Record Number:\u00a01032702\u00a0(use:\u00a0usual,\u00a0))</a></p><p><b>effective</b>: 2023-08-14 20:40:49+0000</p><p><b>performer</b>: <a href=\"Practitioner-practitioner-1.html\">Practitioner Ronald Bone </a></p><p><b>value</b>: <span title=\"Codes:{http://loinc.org LA6270-8}\">Never</span></p><p><b>note</b>: A question asked to determine if the patient is considered a 'risky drinker'. This term was created for, but not limited in use to, an electronic Clinical Quality Measure (eCQM) to be used in the CMS EHR Incentive Program for Meaningful Use. The eCQM allows for multiple ways to screen for alcohol misuse, including AUDIT-C [LOINC: 75626-2] or one of two questions that assess whether the patient consumes alcohol [LOINC: 75855-7] and the frequency of heavy drinking days (this LOINC). The LOINC for five (5) or more drinks per day is [LOINC: 88037-7].</p><p><b>derivedFrom</b>: <a href=\"QuestionnaireResponse-TAPS.html\">Tobacco, Alcohol, Prescription medications, and other Substance use screen [TAPS] QuestionnaireResponse Example</a></p></div>"
  },
  "status" : "final",
  "category" : [{
    "coding" : [{
      "system" : "http://terminology.hl7.org/CodeSystem/observation-category",
      "code" : "survey",
      "display" : "Survey"
    }]
  }],
  "code" : {
    "coding" : [{
      "system" : "http://loinc.org",
      "code" : "75889-6",
      "display" : "How often have you had four or more drinks in one day during the past year [Reported]"
    }],
    "text" : "How often have you had four or more drinks in one day during the past year [Reported]"
  },
  "subject" : {
    "reference" : "Patient/example"
  },
  "effectiveDateTime" : "2023-08-14T20:40:49.675000+00:00",
  "performer" : [{
    "reference" : "Practitioner/practitioner-1"
  }],
  "valueCodeableConcept" : {
    "coding" : [{
      "system" : "http://loinc.org",
      "code" : "LA6270-8",
      "display" : "Never"
    }],
    "text" : "Never"
  },
  "note" : [{
    "text" : "A question asked to determine if the patient is considered a 'risky drinker'. This term was created for, but not limited in use to, an electronic Clinical Quality Measure (eCQM) to be used in the CMS EHR Incentive Program for Meaningful Use. The eCQM allows for multiple ways to screen for alcohol misuse, including AUDIT-C [LOINC: 75626-2] or one of two questions that assess whether the patient consumes alcohol [LOINC: 75855-7] and the frequency of heavy drinking days (this LOINC). The LOINC for five (5) or more drinks per day is [LOINC: 88037-7]."
  }],
  "derivedFrom" : [{
    "reference" : "QuestionnaireResponse/TAPS",
    "display" : "Tobacco, Alcohol, Prescription medications, and other Substance use screen [TAPS] QuestionnaireResponse Example"
  }]
}