{
  "resourceType" : "Organization",
  "id" : "holy-healthcare",
  "meta" : {
    "profile" : ["http://hl7.org/fhir/us/core/StructureDefinition/us-core-organization|8.0.0"]
  },
  "text" : {
    "status" : "generated",
    "div" : "<div xmlns=\"http://www.w3.org/1999/xhtml\"><p class=\"res-header-id\"><b>Generated Narrative: Organization holy-healthcare</b></p><a name=\"holy-healthcare\"> </a><a name=\"hcholy-healthcare\"> </a><a name=\"holy-healthcare-en-US\"> </a><div style=\"display: inline-block; background-color: #d9e0e7; padding: 6px; margin: 4px; border: 1px solid #8da1b4; border-radius: 5px; line-height: 60%\"><p style=\"margin-bottom: 0px\"/><p style=\"margin-bottom: 0px\">Profile: <a href=\"StructureDefinition-us-core-organization.html\">US Core Organization Profileversion: null8.0.0)</a></p></div><p><b>identifier</b>: <a href=\"http://terminology.hl7.org/5.5.0/NamingSystem-npi.html\" title=\"National Provider Identifier\">United States National Provider Identifier</a>/1234567893</p><p><b>active</b>: true</p><p><b>type</b>: <span title=\"Codes:{http://terminology.hl7.org/CodeSystem/organization-type prov}\">Provider</span></p><p><b>name</b>: Holy Healthcare</p><p><b>telecom</b>: ph: (+1) 555-555-5555, <a href=\"mailto:hq@holyhealthcare.org\">hq@holyhealthcare.org</a></p><p><b>address</b>: 100 MANAGING ORGANIZATION AVE Amherst MA 01002 USA </p></div>"
  },
  "identifier" : [{
    "system" : "http://hl7.org/fhir/sid/us-npi",
    "value" : "1234567893"
  }],
  "active" : true,
  "type" : [{
    "coding" : [{
      "system" : "http://terminology.hl7.org/CodeSystem/organization-type",
      "code" : "prov"
    }],
    "text" : "Provider"
  }],
  "name" : "Holy Healthcare",
  "telecom" : [{
    "system" : "phone",
    "value" : "(+1) 555-555-5555"
  },
  {
    "system" : "email",
    "value" : "hq@holyhealthcare.org"
  }],
  "address" : [{
    "line" : ["100 MANAGING ORGANIZATION AVE"],
    "city" : "Amherst",
    "state" : "MA",
    "postalCode" : "01002",
    "country" : "USA"
  }]
}