{
  "resourceType" : "Practitioner",
  "id" : "practitioner-2",
  "meta" : {
    "profile" : ["http://hl7.org/fhir/us/core/StructureDefinition/us-core-practitioner|8.0.0"]
  },
  "text" : {
    "status" : "generated",
    "div" : "<div xmlns=\"http://www.w3.org/1999/xhtml\"><p class=\"res-header-id\"><b>Generated Narrative: Practitioner practitioner-2</b></p><a name=\"practitioner-2\"> </a><a name=\"hcpractitioner-2\"> </a><a name=\"practitioner-2-en-US\"> </a><div style=\"display: inline-block; background-color: #d9e0e7; padding: 6px; margin: 4px; border: 1px solid #8da1b4; border-radius: 5px; line-height: 60%\"><p style=\"margin-bottom: 0px\"/><p style=\"margin-bottom: 0px\">Profile: <a href=\"StructureDefinition-us-core-practitioner.html\">US Core Practitioner Profileversion: null8.0.0)</a></p></div><p><b>identifier</b>: <a href=\"http://terminology.hl7.org/5.5.0/NamingSystem-npi.html\" title=\"National Provider Identifier\">United States National Provider Identifier</a>/1245319599, <code>http://www.acme.org/practitioners</code>/456789</p><p><b>name</b>: Fielding Kathy </p><p><b>telecom</b>: <a href=\"mailto:Kathy.Fielding@direct.ExampleMedicalPractice.net\">Kathy.Fielding@direct.ExampleMedicalPractice.net</a></p><p><b>address</b>: 1080 FIRST COLONIAL RD VIRGINIA BEACH VA 21454-2406 (work)</p></div>"
  },
  "identifier" : [{
    "system" : "http://hl7.org/fhir/sid/us-npi",
    "value" : "1245319599"
  },
  {
    "system" : "http://www.acme.org/practitioners",
    "value" : "456789"
  }],
  "name" : [{
    "family" : "Kathy",
    "given" : ["Fielding"],
    "prefix" : ["Dr"]
  }],
  "telecom" : [{
    "extension" : [{
      "url" : "http://hl7.org/fhir/us/core/StructureDefinition/us-core-direct",
      "valueBoolean" : true
    }],
    "system" : "email",
    "value" : "Kathy.Fielding@direct.ExampleMedicalPractice.net",
    "use" : "work"
  }],
  "address" : [{
    "use" : "work",
    "line" : ["1080 FIRST COLONIAL RD"],
    "city" : "VIRGINIA BEACH",
    "state" : "VA",
    "postalCode" : "21454-2406"
  }]
}