{
  "resourceType" : "Practitioner",
  "id" : "practitioner-1",
  "meta" : {
    "profile" : ["http://hl7.org/fhir/us/core/StructureDefinition/us-core-practitioner|8.0.0"]
  },
  "text" : {
    "status" : "generated",
    "div" : "<div xmlns=\"http://www.w3.org/1999/xhtml\"><p class=\"res-header-id\"><b>Generated Narrative: Practitioner practitioner-1</b></p><a name=\"practitioner-1\"> </a><a name=\"hcpractitioner-1\"> </a><a name=\"practitioner-1-en-US\"> </a><div style=\"display: inline-block; background-color: #d9e0e7; padding: 6px; margin: 4px; border: 1px solid #8da1b4; border-radius: 5px; line-height: 60%\"><p style=\"margin-bottom: 0px\"/><p style=\"margin-bottom: 0px\">Profile: <a href=\"StructureDefinition-us-core-practitioner.html\">US Core Practitioner Profileversion: null8.0.0)</a></p></div><p><b>identifier</b>: <a href=\"http://terminology.hl7.org/5.5.0/NamingSystem-npi.html\" title=\"National Provider Identifier\">United States National Provider Identifier</a>/9941339100, <code>http://www.acme.org/practitioners</code>/25456</p><p><b>name</b>: Ronald Bone </p><p><b>address</b>: 1003 HEALTHCARE DR AMHERST MA 01002 (work)</p></div>"
  },
  "identifier" : [{
    "system" : "http://hl7.org/fhir/sid/us-npi",
    "value" : "9941339100"
  },
  {
    "extension" : [{
      "url" : "http://hl7.org/fhir/us/core/StructureDefinition/us-core-jurisdiction",
      "valueCodeableConcept" : {
        "coding" : [{
          "system" : "https://www.usps.com/",
          "code" : "MA"
        }],
        "text" : "Massachusetts"
      }
    }],
    "system" : "http://www.acme.org/practitioners",
    "value" : "25456"
  }],
  "name" : [{
    "family" : "Bone",
    "given" : ["Ronald"],
    "prefix" : ["Dr"]
  }],
  "address" : [{
    "use" : "work",
    "line" : ["1003 HEALTHCARE DR"],
    "city" : "AMHERST",
    "state" : "MA",
    "postalCode" : "01002"
  }]
}