{
  "resourceType" : "ServiceRequest",
  "id" : "rehab",
  "meta" : {
    "profile" : ["http://hl7.org/fhir/us/core/StructureDefinition/us-core-servicerequest|8.0.0"]
  },
  "text" : {
    "status" : "generated",
    "div" : "<div xmlns=\"http://www.w3.org/1999/xhtml\"><p class=\"res-header-id\"><b>Generated Narrative: ServiceRequest rehab</b></p><a name=\"rehab\"> </a><a name=\"hcrehab\"> </a><a name=\"rehab-en-US\"> </a><div style=\"display: inline-block; background-color: #d9e0e7; padding: 6px; margin: 4px; border: 1px solid #8da1b4; border-radius: 5px; line-height: 60%\"><p style=\"margin-bottom: 0px\"/><p style=\"margin-bottom: 0px\">Profile: <a href=\"StructureDefinition-us-core-servicerequest.html\">US Core ServiceRequest Profileversion: null8.0.0)</a></p></div><p><b>status</b>: Active</p><p><b>intent</b>: Order</p><p><b>category</b>: <span title=\"Codes:{http://hl7.org/fhir/us/core/CodeSystem/us-core-category sdoh}, {http://snomed.info/sct 410606002}\">Social Determinants Of Health/Social Service Procedure</span></p><p><b>code</b>: <span title=\"Codes:{http://snomed.info/sct 24165007}, {http://www.cms.gov/Medicare/Coding/ICD10 HZ30ZZZ}\">Alcohol rehabilitation</span></p><p><b>subject</b>: <a href=\"Patient-example.html\">Amy Shaw</a></p><p><b>encounter</b>: <a href=\"Encounter-example-1.html\">Office Visit</a></p><p><b>occurrence</b>: 2021-11-20</p><p><b>authoredOn</b>: 2021-11-12 10:59:38-0800</p><p><b>requester</b>: <a href=\"Practitioner-practitioner-1.html\">Practitioner Ronald Bone </a></p><p><b>reasonReference</b>: <a href=\"Observation-AHC-HRSN-item-example-68517-2.html\">Alcohol use disorder (disorder)</a></p></div>"
  },
  "status" : "active",
  "intent" : "order",
  "category" : [{
    "coding" : [{
      "system" : "http://hl7.org/fhir/us/core/CodeSystem/us-core-category",
      "code" : "sdoh",
      "display" : "SDOH"
    },
    {
      "system" : "http://snomed.info/sct",
      "version" : "http://snomed.info/sct/731000124108",
      "code" : "410606002",
      "display" : "Social service procedure"
    }],
    "text" : "Social Determinants Of Health/Social Service Procedure"
  }],
  "code" : {
    "coding" : [{
      "system" : "http://snomed.info/sct",
      "version" : "http://snomed.info/sct/731000124108",
      "code" : "24165007",
      "display" : "Alcoholism counseling"
    },
    {
      "system" : "http://www.cms.gov/Medicare/Coding/ICD10",
      "code" : "HZ30ZZZ",
      "display" : "Individual Counseling for Substance Abuse Treatment, Cognitive"
    }],
    "text" : "Alcohol rehabilitation"
  },
  "subject" : {
    "reference" : "Patient/example",
    "display" : "Amy Shaw"
  },
  "encounter" : {
    "reference" : "Encounter/example-1",
    "display" : "Office Visit"
  },
  "occurrenceDateTime" : "2021-11-20",
  "authoredOn" : "2021-11-12T10:59:38-08:00",
  "requester" : {
    "reference" : "Practitioner/practitioner-1"
  },
  "reasonReference" : [{
    "reference" : "Observation/AHC-HRSN-item-example-68517-2",
    "display" : "Alcohol use disorder (disorder)"
  }]
}