{
  "resourceType" : "ServiceRequest",
  "id" : "foodpantry-referral",
  "meta" : {
    "profile" : ["http://hl7.org/fhir/us/core/StructureDefinition/us-core-servicerequest|8.0.0"]
  },
  "text" : {
    "status" : "generated",
    "div" : "<div xmlns=\"http://www.w3.org/1999/xhtml\"><p class=\"res-header-id\"><b>Generated Narrative: ServiceRequest foodpantry-referral</b></p><a name=\"foodpantry-referral\"> </a><a name=\"hcfoodpantry-referral\"> </a><a name=\"foodpantry-referral-en-US\"> </a><div style=\"display: inline-block; background-color: #d9e0e7; padding: 6px; margin: 4px; border: 1px solid #8da1b4; border-radius: 5px; line-height: 60%\"><p style=\"margin-bottom: 0px\"/><p style=\"margin-bottom: 0px\">Profile: <a href=\"StructureDefinition-us-core-servicerequest.html\">US Core ServiceRequest Profileversion: null8.0.0)</a></p></div><p><b>status</b>: Active</p><p><b>intent</b>: Order</p><p><b>category</b>: <span title=\"Codes:{http://hl7.org/fhir/us/core/CodeSystem/us-core-category sdoh}, {http://snomed.info/sct 410606002}\">Social Determinants Of Health/Social Service Procedure</span></p><p><b>code</b>: <span title=\"Codes:{http://snomed.info/sct 467771000124109}\">Food Pantry Referral</span></p><p><b>subject</b>: <a href=\"Patient-example.html\">Amy V. Baxter  (no stated gender), DoB: 1987-02-20 ( Medical Record Number:\u00a01032702\u00a0(use:\u00a0usual,\u00a0))</a></p><p><b>occurrence</b>: 2021-11-20</p><p><b>authoredOn</b>: 2021-11-12 10:59:38-0800</p><p><b>requester</b>: <a href=\"Practitioner-practitioner-1.html\">Practitioner Ronald Bone </a></p></div>"
  },
  "status" : "active",
  "intent" : "order",
  "category" : [{
    "coding" : [{
      "system" : "http://hl7.org/fhir/us/core/CodeSystem/us-core-category",
      "code" : "sdoh",
      "display" : "SDOH"
    },
    {
      "system" : "http://snomed.info/sct",
      "version" : "http://snomed.info/sct/731000124108",
      "code" : "410606002",
      "display" : "Social service procedure"
    }],
    "text" : "Social Determinants Of Health/Social Service Procedure"
  }],
  "code" : {
    "coding" : [{
      "system" : "http://snomed.info/sct",
      "version" : "http://snomed.info/sct/731000124108",
      "code" : "467771000124109",
      "display" : "Assistance with application for food pantry program"
    }],
    "text" : "Food Pantry Referral"
  },
  "subject" : {
    "reference" : "Patient/example"
  },
  "occurrenceDateTime" : "2021-11-20",
  "authoredOn" : "2021-11-12T10:59:38-08:00",
  "requester" : {
    "reference" : "Practitioner/practitioner-1"
  }
}