{
  "resourceType" : "Specimen",
  "id" : "specimen-example-urine",
  "meta" : {
    "profile" : ["http://hl7.org/fhir/us/core/StructureDefinition/us-core-specimen|8.0.0"]
  },
  "text" : {
    "status" : "generated",
    "div" : "<div xmlns=\"http://www.w3.org/1999/xhtml\"><p class=\"res-header-id\"><b>Generated Narrative: Specimen specimen-example-urine</b></p><a name=\"specimen-example-urine\"> </a><a name=\"hcspecimen-example-urine\"> </a><a name=\"specimen-example-urine-en-US\"> </a><div style=\"display: inline-block; background-color: #d9e0e7; padding: 6px; margin: 4px; border: 1px solid #8da1b4; border-radius: 5px; line-height: 60%\"><p style=\"margin-bottom: 0px\"/><p style=\"margin-bottom: 0px\">Profile: <a href=\"StructureDefinition-us-core-specimen.html\">US Core Specimen Profileversion: null8.0.0)</a></p></div><p><b>accessionIdentifier</b>: <code>http://acme.com/labs/accession-ids</code>/20220927-00125</p><p><b>type</b>: <span title=\"Codes:{http://snomed.info/sct 122575003}, {http://terminology.hl7.org/CodeSystem/v2-0487 UR}\">Urine specimen</span></p><p><b>subject</b>: <a href=\"Patient-example.html\">Amy V. Baxter  (no stated gender), DoB: 1987-02-20 ( Medical Record Number:\u00a01032702\u00a0(use:\u00a0usual,\u00a0))</a></p><h3>Collections</h3><table class=\"grid\"><tr><td style=\"display: none\">-</td><td><b>Collected[x]</b></td></tr><tr><td style=\"display: none\">*</td><td>2022-09-27 18:07:12+0000</td></tr></table><h3>Containers</h3><table class=\"grid\"><tr><td style=\"display: none\">-</td><td><b>Type</b></td></tr><tr><td style=\"display: none\">*</td><td><span title=\"Codes:\">100mL Sterile Polycup</span></td></tr></table></div>"
  },
  "accessionIdentifier" : {
    "system" : "http://acme.com/labs/accession-ids",
    "value" : "20220927-00125"
  },
  "type" : {
    "coding" : [{
      "system" : "http://snomed.info/sct",
      "version" : "http://snomed.info/sct/731000124108",
      "code" : "122575003",
      "display" : "Urine specimen"
    },
    {
      "system" : "http://terminology.hl7.org/CodeSystem/v2-0487",
      "code" : "UR",
      "display" : "Urine"
    }]
  },
  "subject" : {
    "reference" : "Patient/example"
  },
  "collection" : {
    "collectedDateTime" : "2022-09-27T18:07:12Z"
  },
  "container" : [{
    "type" : {
      "text" : "100mL Sterile Polycup"
    }
  }]
}