{
  "resourceType" : "Specimen",
  "id" : "example-serum-lipemic",
  "meta" : {
    "profile" : ["http://hl7.org/fhir/us/core/StructureDefinition/us-core-specimen|8.0.0"]
  },
  "text" : {
    "status" : "generated",
    "div" : "<div xmlns=\"http://www.w3.org/1999/xhtml\"><p class=\"res-header-id\"><b>Generated Narrative: Specimen example-serum-lipemic</b></p><a name=\"example-serum-lipemic\"> </a><a name=\"hcexample-serum-lipemic\"> </a><a name=\"example-serum-lipemic-en-US\"> </a><div style=\"display: inline-block; background-color: #d9e0e7; padding: 6px; margin: 4px; border: 1px solid #8da1b4; border-radius: 5px; line-height: 60%\"><p style=\"margin-bottom: 0px\"/><p style=\"margin-bottom: 0px\">Profile: <a href=\"StructureDefinition-us-core-specimen.html\">US Core Specimen Profileversion: null8.0.0)</a></p></div><p><b>identifier</b>: <code>http://acme.com/labs/accession-ids</code>/20241105-00124</p><p><b>accessionIdentifier</b>: <code>http://acme.com/labs/accession-ids</code>/20241105-00124</p><p><b>type</b>: <span title=\"Codes:{http://snomed.info/sct 119364003}, {http://terminology.hl7.org/CodeSystem/v2-0487 SER}\">Serum sample</span></p><p><b>subject</b>: <a href=\"Patient-example.html\">Amy V. Baxter  (no stated gender), DoB: 1987-02-20 ( Medical Record Number:\u00a01032702\u00a0(use:\u00a0usual,\u00a0))</a></p><h3>Containers</h3><table class=\"grid\"><tr><td style=\"display: none\">-</td><td><b>Type</b></td></tr><tr><td style=\"display: none\">*</td><td><span title=\"Codes:\">Serum Separator Tube</span></td></tr></table><p><b>condition</b>: <span title=\"Codes:{http://snomed.info/sct 118127007}\">Lipemic</span></p></div>"
  },
  "identifier" : [{
    "system" : "http://acme.com/labs/accession-ids",
    "value" : "20241105-00124"
  }],
  "accessionIdentifier" : {
    "system" : "http://acme.com/labs/accession-ids",
    "value" : "20241105-00124"
  },
  "type" : {
    "coding" : [{
      "system" : "http://snomed.info/sct",
      "version" : "http://snomed.info/sct/731000124108",
      "code" : "119364003",
      "display" : "Serum sample"
    },
    {
      "system" : "http://terminology.hl7.org/CodeSystem/v2-0487",
      "code" : "SER",
      "display" : "Serum"
    }]
  },
  "subject" : {
    "reference" : "Patient/example"
  },
  "container" : [{
    "type" : {
      "text" : "Serum Separator Tube"
    }
  }],
  "condition" : [{
    "coding" : [{
      "system" : "http://snomed.info/sct",
      "code" : "118127007",
      "display" : "Specimen lipemic"
    }],
    "text" : "Lipemic"
  }]
}