{"resourceType":"CodeSystem","id":"us-core-category","text":{"status":"generated","div":"<div xmlns=\"http://www.w3.org/1999/xhtml\"><p class=\"res-header-id\"><b>Generated Narrative: CodeSystem us-core-category</b></p><a name=\"us-core-category\"> </a><a name=\"hcus-core-category\"> </a><a name=\"us-core-category-en-US\"> </a><p>This case-sensitive code system <code>http://hl7.org/fhir/us/core/CodeSystem/us-core-category</code> defines the following codes:</p><table class=\"codes\"><tr><td style=\"white-space:nowrap\"><b>Code</b></td><td><b>Display</b></td><td><b>Definition</b></td></tr><tr><td style=\"white-space:nowrap\">sdoh<a name=\"us-core-category-sdoh\"> </a></td><td>SDOH</td><td>Social Determinants of Health category</td></tr><tr><td style=\"white-space:nowrap\">functional-status<a name=\"us-core-category-functional-status\"> </a></td><td>Functional Status</td><td>Functional Status category</td></tr><tr><td style=\"white-space:nowrap\">disability-status<a name=\"us-core-category-disability-status\"> </a></td><td>Disability Status</td><td>Disability Status category</td></tr><tr><td style=\"white-space:nowrap\">cognitive-status<a name=\"us-core-category-cognitive-status\"> </a></td><td>Cognitive Status</td><td>Cognitive Status category</td></tr><tr><td style=\"white-space:nowrap\">treatment-intervention-preference<a name=\"us-core-category-treatment-intervention-preference\"> </a></td><td>Treatment Intervention Preference</td><td>A personal preference for a type of medical intervention (treatment) request under certain conditions.</td></tr><tr><td style=\"white-space:nowrap\">care-experience-preference<a name=\"us-core-category-care-experience-preference\"> </a></td><td>Care Experience Preference</td><td>Personal thoughts about something a person feels is relevant to their care experience and may be pertinent when planning their care.</td></tr><tr><td style=\"white-space:nowrap\">observation-adi-documentation<a name=\"us-core-category-observation-adi-documentation\"> </a></td><td>Observation ADI Documentation</td><td>Statement of presence and properties of patient or provider authored documents that record a patient's goals, preferences and priorities should a patient be unable to communicate them to a provider.</td></tr></table></div>"},"extension":[{"url":"http://hl7.org/fhir/StructureDefinition/structuredefinition-wg","valueCode":"cgp"},{"url":"http://hl7.org/fhir/StructureDefinition/structuredefinition-fmm","valueInteger":3,"_valueInteger":{"extension":[{"url":"http://hl7.org/fhir/StructureDefinition/structuredefinition-conformance-derivedFrom","valueCanonical":"http://hl7.org/fhir/us/core/ImplementationGuide/hl7.fhir.us.core"}]}},{"url":"http://hl7.org/fhir/StructureDefinition/structuredefinition-standards-status","valueCode":"trial-use","_valueCode":{"extension":[{"url":"http://hl7.org/fhir/StructureDefinition/structuredefinition-conformance-derivedFrom","valueCanonical":"http://hl7.org/fhir/us/core/ImplementationGuide/hl7.fhir.us.core"}]}}],"url":"http://hl7.org/fhir/us/core/CodeSystem/us-core-category","identifier":[{"system":"urn:ietf:rfc:3986","value":"urn:oid:2.16.840.1.113883.4.642.40.2.16.3"}],"version":"8.0.0","name":"USCoreCategory","title":"US Core Category","status":"active","experimental":false,"date":"2022-04-20","publisher":"HL7 International / Cross-Group Projects","contact":[{"name":"HL7 International / Cross-Group Projects","telecom":[{"system":"url","value":"http://www.hl7.org/Special/committees/cgp"},{"system":"email","value":"cgp@lists.HL7.org"}]}],"description":"Category codes used across US Core Profiles and resource types. They are typically used when there is a need for categorization for searching and finding resources or workflow hints.","jurisdiction":[{"coding":[{"system":"urn:iso:std:iso:3166","code":"US"}]}],"copyright":"Used by permission of HL7 International, all rights reserved Creative Commons License","caseSensitive":true,"content":"complete","concept":[{"code":"sdoh","display":"SDOH","definition":"Social Determinants of Health category","designation":[{"use":{"system":"http://terminology.hl7.org/CodeSystem/designation-usage","code":"display"},"value":"SDOH"},{"use":{"system":"http://terminology.hl7.org/CodeSystem/designation-usage","code":"display"},"value":"SDOH"},{"use":{"system":"http://terminology.hl7.org/CodeSystem/designation-usage","code":"display"},"value":"SDOH"},{"use":{"system":"http://terminology.hl7.org/CodeSystem/designation-usage","code":"display"},"value":"SDOH"},{"use":{"system":"http://terminology.hl7.org/CodeSystem/designation-usage","code":"display"},"value":"SDOH"}]},{"code":"functional-status","display":"Functional Status","definition":"Functional Status category","designation":[{"use":{"system":"http://terminology.hl7.org/CodeSystem/designation-usage","code":"display"},"value":"Functional Status"},{"use":{"system":"http://terminology.hl7.org/CodeSystem/designation-usage","code":"display"},"value":"Functional Status"},{"use":{"system":"http://terminology.hl7.org/CodeSystem/designation-usage","code":"display"},"value":"Functional Status"},{"use":{"system":"http://terminology.hl7.org/CodeSystem/designation-usage","code":"display"},"value":"Functional Status"},{"use":{"system":"http://terminology.hl7.org/CodeSystem/designation-usage","code":"display"},"value":"Functional Status"}]},{"code":"disability-status","display":"Disability Status","definition":"Disability Status category","designation":[{"use":{"system":"http://terminology.hl7.org/CodeSystem/designation-usage","code":"display"},"value":"Disability Status"},{"use":{"system":"http://terminology.hl7.org/CodeSystem/designation-usage","code":"display"},"value":"Disability Status"},{"use":{"system":"http://terminology.hl7.org/CodeSystem/designation-usage","code":"display"},"value":"Disability Status"},{"use":{"system":"http://terminology.hl7.org/CodeSystem/designation-usage","code":"display"},"value":"Disability Status"},{"use":{"system":"http://terminology.hl7.org/CodeSystem/designation-usage","code":"display"},"value":"Disability Status"}]},{"code":"cognitive-status","display":"Cognitive Status","definition":"Cognitive Status category","designation":[{"use":{"system":"http://terminology.hl7.org/CodeSystem/designation-usage","code":"display"},"value":"Cognitive Status"},{"use":{"system":"http://terminology.hl7.org/CodeSystem/designation-usage","code":"display"},"value":"Cognitive Status"},{"use":{"system":"http://terminology.hl7.org/CodeSystem/designation-usage","code":"display"},"value":"Cognitive Status"},{"use":{"system":"http://terminology.hl7.org/CodeSystem/designation-usage","code":"display"},"value":"Cognitive Status"},{"use":{"system":"http://terminology.hl7.org/CodeSystem/designation-usage","code":"display"},"value":"Cognitive Status"}]},{"code":"treatment-intervention-preference","display":"Treatment Intervention Preference","definition":"A personal preference for a type of medical intervention (treatment) request under certain conditions.","designation":[{"use":{"system":"http://terminology.hl7.org/CodeSystem/designation-usage","code":"display"},"value":"Treatment Intervention Preference"},{"use":{"system":"http://terminology.hl7.org/CodeSystem/designation-usage","code":"display"},"value":"Treatment Intervention Preference"},{"use":{"system":"http://terminology.hl7.org/CodeSystem/designation-usage","code":"display"},"value":"Treatment Intervention Preference"},{"use":{"system":"http://terminology.hl7.org/CodeSystem/designation-usage","code":"display"},"value":"Treatment Intervention Preference"},{"use":{"system":"http://terminology.hl7.org/CodeSystem/designation-usage","code":"display"},"value":"Treatment Intervention Preference"}]},{"code":"care-experience-preference","display":"Care Experience Preference","definition":"Personal thoughts about something a person feels is relevant to their care experience and may be pertinent when planning their care.","designation":[{"use":{"system":"http://terminology.hl7.org/CodeSystem/designation-usage","code":"display"},"value":"Care Experience Preference"},{"use":{"system":"http://terminology.hl7.org/CodeSystem/designation-usage","code":"display"},"value":"Care Experience Preference"},{"use":{"system":"http://terminology.hl7.org/CodeSystem/designation-usage","code":"display"},"value":"Care Experience Preference"},{"use":{"system":"http://terminology.hl7.org/CodeSystem/designation-usage","code":"display"},"value":"Care Experience Preference"},{"use":{"system":"http://terminology.hl7.org/CodeSystem/designation-usage","code":"display"},"value":"Care Experience Preference"}]},{"code":"observation-adi-documentation","display":"Observation ADI Documentation","definition":"Statement of presence and properties of patient or provider authored documents that record a patient's goals, preferences and priorities should a patient be unable to communicate them to a provider.","designation":[{"use":{"system":"http://terminology.hl7.org/CodeSystem/designation-usage","code":"display"},"value":"Observation ADI Documentation"},{"use":{"system":"http://terminology.hl7.org/CodeSystem/designation-usage","code":"display"},"value":"Observation ADI Documentation"},{"use":{"system":"http://terminology.hl7.org/CodeSystem/designation-usage","code":"display"},"value":"Observation ADI Documentation"},{"use":{"system":"http://terminology.hl7.org/CodeSystem/designation-usage","code":"display"},"value":"Observation ADI Documentation"},{"use":{"system":"http://terminology.hl7.org/CodeSystem/designation-usage","code":"display"},"value":"Observation ADI Documentation"}]}]}