{"resourceType":"SearchParameter","id":"us-core-servicerequest-code","text":{"status":"generated","div":"<div xmlns=\"http://www.w3.org/1999/xhtml\">  <!-- <h2>SearchParameter: USCoreServicerequestCode</h2>\n\t\t\t\t<b> description</b> : <p><strong>What is being requested/ordered</strong><br />\nNOTE: This SearchParameter is defined only to document Server and Client expectations. Its definition is derived from the standard FHIR SearchParameter and it uses the <a href=\"http://hl7.org/fhir/StructureDefinition/capabilitystatement-expectation\">Conformance expectation extension</a> to define additional expectations for the following SearchParameter elements:</p>\n<ul>\n<li><code>multipleAnd</code></li>\n<li><code>multipleOr</code></li>\n<li><code>comparator</code></li>\n<li><code>modifier</code></li>\n<li><code>chain</code></li>\n</ul>\n<p>For search operations, Servers and Clients <strong>SHOULD</strong> use standard FHIR SearchParameter.</p>\n\n\t\t\t<br/> --><p><b> id</b> us-core-servicerequest-code</p><p><b> url</b> : <b> http://hl7.org/fhir/us/core/SearchParameter/us-core-servicerequest-code</b>\n\t\t\t</p><p><b> name</b> : USCoreServicerequestCode</p><p><b> derivedFrom</b> : http://hl7.org/fhir/SearchParameter/clinical-code</p><p><b> status</b> : active</p><p><b> date</b> : 11/17/2024</p><p><b> publisher</b> : HL7 International - Cross-Group Projects</p><p><b> contact</b> : http://www.hl7.org/Special/committees/cgp</p>  <!-- <p>\n\t\t\t\t<b> useContext</b> : </p> --><p><b> jurisdiction</b> : United States of America (the) <span> (Details : {urn:iso:std:iso:3166 code 'US' = 'United States of America', given as 'United\n           States of America (the)'})</span>\n\t\t\t</p>  <!-- <p>\n\t\t<b> purpose</b> : Need to search by identifier for various infrastructural cases - mainly retrieving packages,\n         and matching as part of a chain</p> --><p><b> code</b> : <code>code</code>\n\t\t\t</p><p><b> base</b> :ServiceRequest</p><p><b> type</b> : token</p><p><b> expression</b> : <code>ServiceRequest.code</code>\n\t\t\t</p><p><b> xpath</b> : <code>f:AllergyIntolerance/f:code|f:AllergyIntolerance/f:reaction/f:substance|f:Condition/f:code|f:DeviceRequest/f:codeCodeableConcept|f:DiagnosticReport/f:code|f:FamilyMemberHistory/f:condition/f:code|f:List/f:code|f:Medication/f:code|f:MedicationAdministration/f:medicationCodeableConcept|f:MedicationDispense/f:medicationCodeableConcept|f:MedicationRequest/f:medicationCodeableConcept|f:MedicationStatement/f:medicationCodeableConcept|f:Observation/f:code|f:Procedure/f:code|f:ServiceRequest/f:code</code>\n\t\t\t</p><p><b> xpathUsage</b> : normal</p><p><b> multipleOr</b> : True   (Conformance Expectation = SHOULD)</p><p><b> multipleAnd</b> : True  ( Conformance Expectation = MAY)</p></div>"},"extension":[{"url":"http://hl7.org/fhir/StructureDefinition/structuredefinition-wg","valueCode":"cgp"},{"url":"http://hl7.org/fhir/StructureDefinition/structuredefinition-fmm","valueInteger":3,"_valueInteger":{"extension":[{"url":"http://hl7.org/fhir/StructureDefinition/structuredefinition-conformance-derivedFrom","valueCanonical":"http://hl7.org/fhir/us/core/ImplementationGuide/hl7.fhir.us.core"}]}},{"url":"http://hl7.org/fhir/StructureDefinition/structuredefinition-standards-status","valueCode":"trial-use","_valueCode":{"extension":[{"url":"http://hl7.org/fhir/StructureDefinition/structuredefinition-conformance-derivedFrom","valueCanonical":"http://hl7.org/fhir/us/core/ImplementationGuide/hl7.fhir.us.core"}]}}],"url":"http://hl7.org/fhir/us/core/SearchParameter/us-core-servicerequest-code","version":"8.0.0","name":"USCoreServicerequestCode","derivedFrom":"http://hl7.org/fhir/SearchParameter/clinical-code","status":"active","experimental":false,"date":"2024-11-17","publisher":"HL7 International / Cross-Group Projects","contact":[{"name":"HL7 International / Cross-Group Projects","telecom":[{"system":"url","value":"http://www.hl7.org/Special/committees/cgp"},{"system":"email","value":"cgp@lists.HL7.org"}]}],"description":"**What is being requested/ordered**  \nNOTE: This SearchParameter is defined only to document Server and Client expectations. Its definition is derived from the standard FHIR SearchParameter and it uses the [Conformance expectation extension](http://hl7.org/fhir/StructureDefinition/capabilitystatement-expectation) to define additional expectations for the following SearchParameter elements:\n- `multipleAnd`\n- `multipleOr`\n- `comparator`\n- `modifier`\n- `chain`\n\nIt **SHALL NOT** be used as a search parameter for search. Servers and Clients **SHOULD** use the standard FHIR SearchParameter.\n","jurisdiction":[{"coding":[{"system":"urn:iso:std:iso:3166","code":"US"}]}],"code":"code","base":["ServiceRequest"],"type":"token","expression":"ServiceRequest.code","xpathUsage":"normal","multipleOr":true,"_multipleOr":{"extension":[{"url":"http://hl7.org/fhir/StructureDefinition/capabilitystatement-expectation","valueCode":"SHOULD"}]},"multipleAnd":true,"_multipleAnd":{"extension":[{"url":"http://hl7.org/fhir/StructureDefinition/capabilitystatement-expectation","valueCode":"MAY"}]}}