{"resourceType":"SearchParameter","id":"us-core-careplan-date","text":{"status":"generated","div":"<div xmlns=\"http://www.w3.org/1999/xhtml\">  <!-- <h2>SearchParameter: USCoreCareplanDate</h2>\n\t\t\t\t<b> description</b> : <p><strong>Time period plan covers</strong><br />\nNOTE: This SearchParameter is defined only to document Server and Client expectations. Its definition is derived from the standard FHIR SearchParameter and it uses the <a href=\"http://hl7.org/fhir/StructureDefinition/capabilitystatement-expectation\">Conformance expectation extension</a> to define additional expectations for the following SearchParameter elements:</p>\n<ul>\n<li><code>multipleAnd</code></li>\n<li><code>multipleOr</code></li>\n<li><code>comparator</code></li>\n<li><code>modifier</code></li>\n<li><code>chain</code></li>\n</ul>\n<p>For search operations, Servers and Clients <strong>SHOULD</strong> use standard FHIR SearchParameter.</p>\n\n\t\t\t<br/> --><p><b> id</b> us-core-careplan-date</p><p><b> url</b> : <b> http://hl7.org/fhir/us/core/SearchParameter/us-core-careplan-date</b>\n\t\t\t</p><p><b> name</b> : USCoreCareplanDate</p><p><b> derivedFrom</b> : http://hl7.org/fhir/SearchParameter/clinical-date</p><p><b> status</b> : active</p><p><b> date</b> : 11/17/2024</p><p><b> publisher</b> : HL7 International - Cross-Group Projects</p><p><b> contact</b> : http://www.hl7.org/Special/committees/cgp</p>  <!-- <p>\n\t\t\t\t<b> useContext</b> : </p> --><p><b> jurisdiction</b> : United States of America (the) <span> (Details : {urn:iso:std:iso:3166 code 'US' = 'United States of America', given as 'United\n           States of America (the)'})</span>\n\t\t\t</p>  <!-- <p>\n\t\t<b> purpose</b> : Need to search by identifier for various infrastructural cases - mainly retrieving packages,\n         and matching as part of a chain</p> --><p><b> code</b> : <code>date</code>\n\t\t\t</p><p><b> base</b> :CarePlan</p><p><b> type</b> : date</p><p><b> expression</b> : <code>CarePlan.period</code>\n\t\t\t</p><p><b> xpath</b> : <code>f:AllergyIntolerance/f:recordedDate|f:CarePlan/f:period|f:CareTeam/f:period|f:ClinicalImpression/f:date|f:Composition/f:date|f:Consent/f:dateTime|f:DiagnosticReport/f:effectiveDateTime|f:DiagnosticReport/f:effectivePeriod|f:Encounter/f:period|f:EpisodeOfCare/f:period|f:FamilyMemberHistory/f:date|f:Flag/f:period|f:Immunization/f:occurrenceDateTime|f:Immunization/f:occurrenceString|f:List/f:date|f:Observation/f:effectiveDateTime|f:Observation/f:effectivePeriod|f:Observation/f:effectiveTiming|f:Observation/f:effectiveInstant|f:Procedure/f:performedDateTime|f:Procedure/f:performedPeriod|f:Procedure/f:performedString|f:Procedure/f:performedAge|f:Procedure/f:performedRange|f:RiskAssessment/f:occurrenceDateTime|f:SupplyRequest/f:authoredOn</code>\n\t\t\t</p><p><b> xpathUsage</b> : normal</p><p><b> multipleOr</b> : True   (Conformance Expectation = MAY)</p><p><b> multipleAnd</b> : True  ( Conformance Expectation = SHOULD)</p><p><b> comparator</b> : <code>eq</code> ( Conformance Expectation = MAY)</p><p><b> comparator</b> : <code>ne</code> ( Conformance Expectation = MAY)</p><p><b> comparator</b> : <code>gt</code> ( Conformance Expectation = SHALL)</p><p><b> comparator</b> : <code>ge</code> ( Conformance Expectation = SHALL)</p><p><b> comparator</b> : <code>lt</code> ( Conformance Expectation = SHALL)</p><p><b> comparator</b> : <code>le</code> ( Conformance Expectation = SHALL)</p><p><b> comparator</b> : <code>sa</code> ( Conformance Expectation = MAY)</p><p><b> comparator</b> : <code>eb</code> ( Conformance Expectation = MAY)</p><p><b> comparator</b> : <code>ap</code> ( Conformance Expectation = MAY)</p></div>"},"extension":[{"url":"http://hl7.org/fhir/StructureDefinition/structuredefinition-wg","valueCode":"cgp"},{"url":"http://hl7.org/fhir/StructureDefinition/structuredefinition-fmm","valueInteger":3,"_valueInteger":{"extension":[{"url":"http://hl7.org/fhir/StructureDefinition/structuredefinition-conformance-derivedFrom","valueCanonical":"http://hl7.org/fhir/us/core/ImplementationGuide/hl7.fhir.us.core"}]}},{"url":"http://hl7.org/fhir/StructureDefinition/structuredefinition-standards-status","valueCode":"trial-use","_valueCode":{"extension":[{"url":"http://hl7.org/fhir/StructureDefinition/structuredefinition-conformance-derivedFrom","valueCanonical":"http://hl7.org/fhir/us/core/ImplementationGuide/hl7.fhir.us.core"}]}}],"url":"http://hl7.org/fhir/us/core/SearchParameter/us-core-careplan-date","version":"8.0.0","name":"USCoreCareplanDate","derivedFrom":"http://hl7.org/fhir/SearchParameter/clinical-date","status":"active","experimental":false,"date":"2024-11-17","publisher":"HL7 International / Cross-Group Projects","contact":[{"name":"HL7 International / Cross-Group Projects","telecom":[{"system":"url","value":"http://www.hl7.org/Special/committees/cgp"},{"system":"email","value":"cgp@lists.HL7.org"}]}],"description":"**Time period plan covers**  \nNOTE: This SearchParameter is defined only to document Server and Client expectations. Its definition is derived from the standard FHIR SearchParameter and it uses the [Conformance expectation extension](http://hl7.org/fhir/StructureDefinition/capabilitystatement-expectation) to define additional expectations for the following SearchParameter elements:\n- `multipleAnd`\n- `multipleOr`\n- `comparator`\n- `modifier`\n- `chain`\n\nIt **SHALL NOT** be used as a search parameter for search. Servers and Clients **SHOULD** use the standard FHIR SearchParameter.\n","jurisdiction":[{"coding":[{"system":"urn:iso:std:iso:3166","code":"US"}]}],"code":"date","base":["CarePlan"],"type":"date","expression":"CarePlan.period","xpathUsage":"normal","multipleOr":true,"_multipleOr":{"extension":[{"url":"http://hl7.org/fhir/StructureDefinition/capabilitystatement-expectation","valueCode":"MAY"}]},"multipleAnd":true,"_multipleAnd":{"extension":[{"url":"http://hl7.org/fhir/StructureDefinition/capabilitystatement-expectation","valueCode":"SHOULD"}]},"comparator":["eq","ne","gt","ge","lt","le","sa","eb","ap"],"_comparator":[{"extension":[{"url":"http://hl7.org/fhir/StructureDefinition/capabilitystatement-expectation","valueCode":"MAY"}]},{"extension":[{"url":"http://hl7.org/fhir/StructureDefinition/capabilitystatement-expectation","valueCode":"MAY"}]},{"extension":[{"url":"http://hl7.org/fhir/StructureDefinition/capabilitystatement-expectation","valueCode":"SHALL"}]},{"extension":[{"url":"http://hl7.org/fhir/StructureDefinition/capabilitystatement-expectation","valueCode":"SHALL"}]},{"extension":[{"url":"http://hl7.org/fhir/StructureDefinition/capabilitystatement-expectation","valueCode":"SHALL"}]},{"extension":[{"url":"http://hl7.org/fhir/StructureDefinition/capabilitystatement-expectation","valueCode":"SHALL"}]},{"extension":[{"url":"http://hl7.org/fhir/StructureDefinition/capabilitystatement-expectation","valueCode":"MAY"}]},{"extension":[{"url":"http://hl7.org/fhir/StructureDefinition/capabilitystatement-expectation","valueCode":"MAY"}]},{"extension":[{"url":"http://hl7.org/fhir/StructureDefinition/capabilitystatement-expectation","valueCode":"MAY"}]}]}