{"resourceType":"ValueSet","id":"us-core-problem-or-health-concern","text":{"status":"extensions","div":"<div xmlns=\"http://www.w3.org/1999/xhtml\"><p class=\"res-header-id\"><b>Generated Narrative: ValueSet us-core-problem-or-health-concern</b></p><a name=\"us-core-problem-or-health-concern\"> </a><a name=\"hcus-core-problem-or-health-concern\"> </a><a name=\"us-core-problem-or-health-concern-en-US\"> </a><p>This value set includes codes based on the following rules:</p><ul><li>Include these codes as defined in <a href=\"http://terminology.hl7.org/5.5.0/CodeSystem-condition-category.html\"><code>http://terminology.hl7.org/CodeSystem/condition-category</code></a><table class=\"none\"><tr><td style=\"white-space:nowrap\"><b>Code</b></td><td><b>Display</b></td><td><b>Definition</b></td></tr><tr><td><a href=\"http://terminology.hl7.org/5.5.0/CodeSystem-condition-category.html#condition-category-problem-list-item\">problem-list-item</a></td><td style=\"color: #cccccc\">Problem List Item</td><td>An item on a problem list that can be managed over time and can be expressed by a practitioner (e.g. physician, nurse), patient, or related person.</td></tr></table></li><li>Include these codes as defined in <a href=\"CodeSystem-condition-category.html\"><code>http://hl7.org/fhir/us/core/CodeSystem/condition-category</code></a><table class=\"none\"><tr><td style=\"white-space:nowrap\"><b>Code</b></td><td><b>Display</b></td><td><b>Definition</b></td></tr><tr><td><a href=\"CodeSystem-condition-category.html#condition-category-health-concern\">health-concern</a></td><td style=\"color: #cccccc\">Health Concern</td><td>Additional health concerns from other stakeholders</td></tr></table></li></ul></div>"},"extension":[{"url":"http://hl7.org/fhir/StructureDefinition/structuredefinition-wg","valueCode":"cgp"},{"url":"http://hl7.org/fhir/StructureDefinition/structuredefinition-fmm","valueInteger":3,"_valueInteger":{"extension":[{"url":"http://hl7.org/fhir/StructureDefinition/structuredefinition-conformance-derivedFrom","valueCanonical":"http://hl7.org/fhir/us/core/ImplementationGuide/hl7.fhir.us.core"}]}},{"url":"http://hl7.org/fhir/StructureDefinition/structuredefinition-standards-status","valueCode":"trial-use","_valueCode":{"extension":[{"url":"http://hl7.org/fhir/StructureDefinition/structuredefinition-conformance-derivedFrom","valueCanonical":"http://hl7.org/fhir/us/core/ImplementationGuide/hl7.fhir.us.core"}]}}],"url":"http://hl7.org/fhir/us/core/ValueSet/us-core-problem-or-health-concern","identifier":[{"system":"urn:ietf:rfc:3986","value":"urn:oid:2.16.840.1.113883.4.642.40.2.48.19"}],"version":"8.0.0","name":"USCoreProblemOrHealthConcern","title":"US Core Problem or Health Concern","status":"active","experimental":false,"date":"2022-09-29","publisher":"HL7 International / Cross-Group Projects","contact":[{"name":"HL7 International / Cross-Group Projects","telecom":[{"system":"url","value":"http://www.hl7.org/Special/committees/cgp"},{"system":"email","value":"cgp@lists.HL7.org"}]}],"description":"Code set for category codes for *US Core Condition Problems and Health Concerns Profile* consisting of the concepts \"problem\" and \"health-concern\".","jurisdiction":[{"coding":[{"system":"urn:iso:std:iso:3166","code":"US"}]}],"copyright":"Used by permission of HL7 International, all rights reserved Creative Commons License","compose":{"include":[{"system":"http://terminology.hl7.org/CodeSystem/condition-category","concept":[{"code":"problem-list-item"}]},{"system":"http://hl7.org/fhir/us/core/CodeSystem/condition-category","concept":[{"code":"health-concern"}]}]}}