{"resourceType":"ValueSet","id":"us-core-diagnosticreport-category","text":{"status":"generated","div":"<div xmlns=\"http://www.w3.org/1999/xhtml\"><p class=\"res-header-id\"><b>Generated Narrative: ValueSet us-core-diagnosticreport-category</b></p><a name=\"us-core-diagnosticreport-category\"> </a><a name=\"hcus-core-diagnosticreport-category\"> </a><a name=\"us-core-diagnosticreport-category-en-US\"> </a><ul><li>Include these codes as defined in <a href=\"http://loinc.org\"><code>http://loinc.org</code></a><table class=\"none\"><tr><td style=\"white-space:nowrap\"><b>Code</b></td><td><b>Display</b></td></tr><tr><td><a href=\"https://loinc.org/LP29684-5/\">LP29684-5</a></td><td>Radiology</td></tr><tr><td><a href=\"https://loinc.org/LP29708-2/\">LP29708-2</a></td><td>Cardiology</td></tr><tr><td><a href=\"https://loinc.org/LP7839-6/\">LP7839-6</a></td><td>Pathology</td></tr></table></li></ul></div>"},"extension":[{"url":"http://hl7.org/fhir/StructureDefinition/structuredefinition-wg","valueCode":"cgp"},{"url":"http://hl7.org/fhir/StructureDefinition/structuredefinition-fmm","valueInteger":3,"_valueInteger":{"extension":[{"url":"http://hl7.org/fhir/StructureDefinition/structuredefinition-conformance-derivedFrom","valueCanonical":"http://hl7.org/fhir/us/core/ImplementationGuide/hl7.fhir.us.core"}]}},{"url":"http://hl7.org/fhir/StructureDefinition/structuredefinition-standards-status","valueCode":"trial-use","_valueCode":{"extension":[{"url":"http://hl7.org/fhir/StructureDefinition/structuredefinition-conformance-derivedFrom","valueCanonical":"http://hl7.org/fhir/us/core/ImplementationGuide/hl7.fhir.us.core"}]}}],"url":"http://hl7.org/fhir/us/core/ValueSet/us-core-diagnosticreport-category","identifier":[{"system":"urn:ietf:rfc:3986","value":"urn:oid:2.16.840.1.113883.4.642.40.2.48.4"}],"version":"8.0.0","name":"USCoreDiagnosticReportCategory","title":"US Core Diagnostic Report Category Codes","status":"active","experimental":false,"date":"2022-09-29","publisher":"HL7 International / Cross-Group Projects","contact":[{"name":"HL7 International / Cross-Group Projects","telecom":[{"system":"url","value":"http://www.hl7.org/Special/committees/cgp"},{"system":"email","value":"cgp@lists.HL7.org"}]}],"description":"The US Core Diagnostic Report Category Value Set is a 'starter set' of categories supported for fetching and Diagnostic Reports and notes.","jurisdiction":[{"coding":[{"system":"urn:iso:std:iso:3166","code":"US"}]}],"copyright":"This material contains content from LOINC (http://loinc.org). LOINC is copyright © 1995-2020, Regenstrief Institute, Inc. and the Logical Observation Identifiers Names and Codes (LOINC) Committee and is available at no cost under the license at http://loinc.org/license. LOINC® is a registered United States trademark of Regenstrief Institute, Inc","compose":{"include":[{"system":"http://loinc.org","concept":[{"code":"LP29684-5","display":"Radiology"},{"code":"LP29708-2","display":"Cardiology"},{"code":"LP7839-6","display":"Pathology"}]}]}}