{"resourceType":"ValueSet","id":"us-core-condition-code","meta":{"versionId":"1","lastUpdated":"2022-04-28T00:15:18.578000+00:00"},"text":{"status":"generated","div":"<div xmlns=\"http://www.w3.org/1999/xhtml\"><p class=\"res-header-id\"><b>Generated Narrative: ValueSet us-core-condition-code</b></p><a name=\"us-core-condition-code\"> </a><a name=\"hcus-core-condition-code\"> </a><a name=\"us-core-condition-code-en-US\"> </a><div style=\"display: inline-block; background-color: #d9e0e7; padding: 6px; margin: 4px; border: 1px solid #8da1b4; border-radius: 5px; line-height: 60%\"><p style=\"margin-bottom: 0px\">version: 1; Last updated: 2022-04-28 00:15:18+0000</p></div><p>This value set includes codes based on the following rules:</p><ul><li>Include these codes as defined in <a href=\"http://www.snomed.org/\"><code>http://snomed.info/sct</code></a><table class=\"none\"><tr><td style=\"white-space:nowrap\"><b>Code</b></td><td><b>Display</b></td></tr><tr><td><a href=\"http://snomed.info/id/160245001\">160245001</a></td><td style=\"color: #cccccc\">No current problems or disability</td></tr></table></li><li>Include codes from<a href=\"http://www.snomed.org/\"><code>http://snomed.info/sct</code></a> where concept  is-a 404684003 (Clinical finding (finding))</li><li>Include codes from<a href=\"http://www.snomed.org/\"><code>http://snomed.info/sct</code></a> where concept  is-a 243796009 (Context-dependent categories)</li><li>Include codes from<a href=\"http://www.snomed.org/\"><code>http://snomed.info/sct</code></a> where concept  is-a 272379006 (Events)</li><li>Include all codes defined in <a href=\"http://terminology.hl7.org/5.5.0/CodeSystem-icd10CM.html\"><code>http://hl7.org/fhir/sid/icd-10-cm</code></a></li><li>Include all codes defined in <a href=\"http://terminology.hl7.org/5.5.0/CodeSystem-icd9cm.html\"><code>http://terminology.hl7.org/CodeSystem/icd9cm</code></a></li></ul></div>"},"extension":[{"url":"http://hl7.org/fhir/StructureDefinition/structuredefinition-wg","valueCode":"cgp"},{"url":"http://hl7.org/fhir/StructureDefinition/structuredefinition-fmm","valueInteger":3,"_valueInteger":{"extension":[{"url":"http://hl7.org/fhir/StructureDefinition/structuredefinition-conformance-derivedFrom","valueCanonical":"http://hl7.org/fhir/us/core/ImplementationGuide/hl7.fhir.us.core"}]}},{"url":"http://hl7.org/fhir/StructureDefinition/structuredefinition-standards-status","valueCode":"trial-use","_valueCode":{"extension":[{"url":"http://hl7.org/fhir/StructureDefinition/structuredefinition-conformance-derivedFrom","valueCanonical":"http://hl7.org/fhir/us/core/ImplementationGuide/hl7.fhir.us.core"}]}}],"url":"http://hl7.org/fhir/us/core/ValueSet/us-core-condition-code","identifier":[{"system":"urn:ietf:rfc:3986","value":"urn:oid:2.16.840.1.113883.4.642.40.2.48.16"}],"version":"8.0.0","name":"USCoreConditionCodes","title":"US Core Condition Codes","status":"active","experimental":false,"date":"2022-09-29","publisher":"HL7 International / Cross-Group Projects","contact":[{"name":"HL7 International / Cross-Group Projects","telecom":[{"system":"url","value":"http://www.hl7.org/Special/committees/cgp"},{"system":"email","value":"cgp@lists.HL7.org"}]}],"description":"This describes the problem. Diagnosis/Problem List is broadly defined as a series of brief statements that catalog a patient's medical, nursing, dental, social, preventative and psychiatric events and issues that are relevant to that patient's healthcare (e.g., signs, symptoms, and defined conditions). ICD-10 is appropriate for Diagnosis information, and ICD-9 for historical information.","jurisdiction":[{"coding":[{"system":"urn:iso:std:iso:3166","code":"US"}]}],"copyright":"1. This value set includes content from SNOMED CT, which is copyright © 2002+ International Health Terminology Standards Development Organisation (IHTSDO), and distributed by agreement between IHTSDO and HL7. Implementer use of SNOMED CT is not covered by this agreement.\n2. ICD-9 and ICD-10 are copyrighted by the World Health Organization (WHO) which owns and publishes the classification. See https://www.who.int/classifications/icd/en. WHO has authorized the development of an adaptation of ICD-9 and ICD-10 to ICD-9-CM to ICD-10-CM for use in the United States for U.S. government purposes.","compose":{"include":[{"system":"http://snomed.info/sct","concept":[{"code":"160245001"}]},{"system":"http://snomed.info/sct","filter":[{"property":"concept","op":"is-a","value":"404684003"}]},{"system":"http://snomed.info/sct","filter":[{"property":"concept","op":"is-a","value":"243796009"}]},{"system":"http://snomed.info/sct","filter":[{"property":"concept","op":"is-a","value":"272379006"}]},{"system":"http://hl7.org/fhir/sid/icd-10-cm"},{"system":"http://terminology.hl7.org/CodeSystem/icd9cm"}]}}