{"resourceType":"ValueSet","id":"us-core-provenance-participant-type","text":{"status":"generated","div":"<div xmlns=\"http://www.w3.org/1999/xhtml\"><p class=\"res-header-id\"><b>Generated Narrative: ValueSet us-core-provenance-participant-type</b></p><a name=\"us-core-provenance-participant-type\"> </a><a name=\"hcus-core-provenance-participant-type\"> </a><a name=\"us-core-provenance-participant-type-en-US\"> </a><p>This value set includes codes based on the following rules:</p><ul><li>Include all codes defined in <a href=\"CodeSystem-us-core-provenance-participant-type.html\"><code>http://hl7.org/fhir/us/core/CodeSystem/us-core-provenance-participant-type</code></a></li><li>Include all codes defined in <a href=\"http://terminology.hl7.org/6.4.0/CodeSystem-provenance-participant-type.html\"><code>http://terminology.hl7.org/CodeSystem/provenance-participant-type</code></a></li></ul></div>"},"extension":[{"url":"http://hl7.org/fhir/StructureDefinition/structuredefinition-wg","valueCode":"cgp"},{"url":"http://hl7.org/fhir/StructureDefinition/structuredefinition-fmm","valueInteger":3,"_valueInteger":{"extension":[{"url":"http://hl7.org/fhir/StructureDefinition/structuredefinition-conformance-derivedFrom","valueCanonical":"http://hl7.org/fhir/us/core/ImplementationGuide/hl7.fhir.us.core"}]}},{"url":"http://hl7.org/fhir/StructureDefinition/structuredefinition-standards-status","valueCode":"trial-use","_valueCode":{"extension":[{"url":"http://hl7.org/fhir/StructureDefinition/structuredefinition-conformance-derivedFrom","valueCanonical":"http://hl7.org/fhir/us/core/ImplementationGuide/hl7.fhir.us.core"}]}}],"url":"http://hl7.org/fhir/us/core/ValueSet/us-core-provenance-participant-type","identifier":[{"system":"urn:ietf:rfc:3986","value":"urn:oid:2.16.840.1.113883.4.642.40.2.48.10"}],"version":"8.0.0","name":"USCoreProvenancePaticipantTypeCodes","title":"US Core Provenance Participant Type Codes","status":"active","experimental":false,"date":"2022-09-29","publisher":"HL7 International / Cross-Group Projects","contact":[{"name":"HL7 International / Cross-Group Projects","telecom":[{"system":"url","value":"http://www.hl7.org/Special/committees/cgp"},{"system":"email","value":"cgp@lists.HL7.org"}]}],"description":"The type of participation a provenance agent played for a given target.","jurisdiction":[{"coding":[{"system":"urn:iso:std:iso:3166","code":"US"}]}],"purpose":"So API consumers can identify the provenance participant type.","copyright":"Used by permission of HL7 International, all rights reserved Creative Commons License","compose":{"include":[{"system":"http://hl7.org/fhir/us/core/CodeSystem/us-core-provenance-participant-type"},{"system":"http://terminology.hl7.org/CodeSystem/provenance-participant-type"}]}}