{"resourceType":"ValueSet","id":"us-core-diagnosticreport-report-and-note-codes","text":{"status":"generated","div":"<div xmlns=\"http://www.w3.org/1999/xhtml\"><p class=\"res-header-id\"><b>Generated Narrative: ValueSet us-core-diagnosticreport-report-and-note-codes</b></p><a name=\"us-core-diagnosticreport-report-and-note-codes\"> </a><a name=\"hcus-core-diagnosticreport-report-and-note-codes\"> </a><a name=\"us-core-diagnosticreport-report-and-note-codes-en-US\"> </a><ul><li>Include codes from<a href=\"http://loinc.org\"><code>http://loinc.org</code></a> where CLASSTYPE  = 2</li></ul></div>"},"extension":[{"url":"http://hl7.org/fhir/StructureDefinition/structuredefinition-wg","valueCode":"cgp"},{"url":"http://hl7.org/fhir/StructureDefinition/structuredefinition-fmm","valueInteger":3,"_valueInteger":{"extension":[{"url":"http://hl7.org/fhir/StructureDefinition/structuredefinition-conformance-derivedFrom","valueCanonical":"http://hl7.org/fhir/us/core/ImplementationGuide/hl7.fhir.us.core"}]}},{"url":"http://hl7.org/fhir/StructureDefinition/structuredefinition-standards-status","valueCode":"trial-use","_valueCode":{"extension":[{"url":"http://hl7.org/fhir/StructureDefinition/structuredefinition-conformance-derivedFrom","valueCanonical":"http://hl7.org/fhir/us/core/ImplementationGuide/hl7.fhir.us.core"}]}}],"url":"http://hl7.org/fhir/us/core/ValueSet/us-core-diagnosticreport-report-and-note-codes","identifier":[{"system":"urn:ietf:rfc:3986","value":"urn:oid:2.16.840.1.113883.4.642.40.2.48.5"}],"version":"8.0.0","name":"USCoreNonLaboratoryCodes","title":"US Core Non Laboratory Codes","status":"active","experimental":false,"date":"2022-09-29","publisher":"HL7 International / Cross-Group Projects","contact":[{"name":"HL7 International / Cross-Group Projects","telecom":[{"system":"url","value":"http://www.hl7.org/Special/committees/cgp"},{"system":"email","value":"cgp@lists.HL7.org"}]}],"description":"This value set includes All LOINC codes defined as type \"clinical,\" therefore excluding laboratory tests, survey instruments, and claims documents. This includes observables such as vital signs, hemodynamics, intake/output, EKG, obstetric ultrasound, and cardiac echo, and includes discrete and narrative diagnostic observations and reports.","jurisdiction":[{"coding":[{"system":"urn:iso:std:iso:3166","code":"US"}]}],"copyright":"This material contains content from LOINC (http://loinc.org). LOINC is copyright © 1995-2020, Regenstrief Institute, Inc. and the Logical Observation Identifiers Names and Codes (LOINC) Committee and is available at no cost under the license at http://loinc.org/license. LOINC® is a registered United States trademark of Regenstrief Institute, Inc","compose":{"include":[{"system":"http://loinc.org","filter":[{"property":"CLASSTYPE","op":"=","value":"2"}]}]}}