{"resourceType":"ValueSet","id":"us-core-clinical-result-observation-category","text":{"status":"extensions","div":"<div xmlns=\"http://www.w3.org/1999/xhtml\"><p class=\"res-header-id\"><b>Generated Narrative: ValueSet us-core-clinical-result-observation-category</b></p><a name=\"us-core-clinical-result-observation-category\"> </a><a name=\"hcus-core-clinical-result-observation-category\"> </a><a name=\"us-core-clinical-result-observation-category-en-US\"> </a><ul><li>Include these codes as defined in <a href=\"http://terminology.hl7.org/5.5.0/CodeSystem-observation-category.html\"><code>http://terminology.hl7.org/CodeSystem/observation-category</code></a><table class=\"none\"><tr><td style=\"white-space:nowrap\"><b>Code</b></td><td><b>Display</b></td><td><b>Definition</b></td></tr><tr><td><a href=\"http://terminology.hl7.org/5.5.0/CodeSystem-observation-category.html#observation-category-laboratory\">laboratory</a></td><td>Laboratory</td><td>The results of observations generated by laboratories.  Laboratory results are typically generated by laboratories providing analytic services in areas such as chemistry, hematology, serology, histology, cytology, anatomic pathology (including digital pathology), microbiology, and/or virology. These observations are based on analysis of specimens obtained from the patient and submitted to the laboratory.</td></tr><tr><td><a href=\"http://terminology.hl7.org/5.5.0/CodeSystem-observation-category.html#observation-category-exam\">exam</a></td><td>Exam</td><td>Observations generated by physical exam findings including direct observations made by a clinician and use of simple instruments and the result of simple maneuvers performed directly on the patient's body.</td></tr><tr><td><a href=\"http://terminology.hl7.org/5.5.0/CodeSystem-observation-category.html#observation-category-therapy\">therapy</a></td><td>Therapy</td><td>Observations generated by non-interventional treatment protocols (e.g. occupational, physical, radiation, nutritional and medication therapy)</td></tr><tr><td><a href=\"http://terminology.hl7.org/5.5.0/CodeSystem-observation-category.html#observation-category-imaging\">imaging</a></td><td>Imaging</td><td>Observations generated by imaging. The scope includes observations regarding plain x-ray, ultrasound, CT, MRI, angiography, echocardiography, and nuclear medicine.</td></tr><tr><td><a href=\"http://terminology.hl7.org/5.5.0/CodeSystem-observation-category.html#observation-category-procedure\">procedure</a></td><td>Procedure</td><td>Observations generated by other procedures.  This category includes observations resulting from interventional and non-interventional procedures excluding laboratory and imaging (e.g., cardiology catheterization, endoscopy, electrodiagnostics, etc.).  Procedure results are typically generated by a clinician to provide more granular information about component observations made during a procedure.  An example would be when a gastroenterologist reports the size of a polyp observed during a colonoscopy.</td></tr><tr><td><a href=\"http://terminology.hl7.org/5.5.0/CodeSystem-observation-category.html#observation-category-vital-signs\">vital-signs</a></td><td>Vital Signs</td><td>Clinical observations measure the body's basic functions such as blood pressure, heart rate, respiratory rate, height, weight, body mass index, head circumference, pulse oximetry, temperature, and body surface area.</td></tr><tr><td><a href=\"http://terminology.hl7.org/5.5.0/CodeSystem-observation-category.html#observation-category-activity\">activity</a></td><td>Activity</td><td>Observations that measure or record any bodily activity that enhances or maintains physical fitness and overall health and wellness.  Not under direct supervision of practitioner such as a physical therapist. (e.g., laps swum, steps, sleep data)</td></tr></table></li></ul></div>"},"extension":[{"url":"http://hl7.org/fhir/StructureDefinition/structuredefinition-wg","valueCode":"cgp"},{"url":"http://hl7.org/fhir/StructureDefinition/structuredefinition-fmm","valueInteger":3,"_valueInteger":{"extension":[{"url":"http://hl7.org/fhir/StructureDefinition/structuredefinition-conformance-derivedFrom","valueCanonical":"http://hl7.org/fhir/us/core/ImplementationGuide/hl7.fhir.us.core"}]}},{"url":"http://hl7.org/fhir/StructureDefinition/structuredefinition-standards-status","valueCode":"trial-use","_valueCode":{"extension":[{"url":"http://hl7.org/fhir/StructureDefinition/structuredefinition-conformance-derivedFrom","valueCanonical":"http://hl7.org/fhir/us/core/ImplementationGuide/hl7.fhir.us.core"}]}}],"url":"http://hl7.org/fhir/us/core/ValueSet/us-core-clinical-result-observation-category","identifier":[{"system":"urn:ietf:rfc:3986","value":"urn:oid:2.16.840.1.113883.4.642.40.2.48.2"}],"version":"8.0.0","name":"USCoreClinicalResultObservationCategory","title":"US Core Clinical Result Observation Category","status":"active","experimental":false,"date":"2023-04-13","publisher":"HL7 International / Cross-Group Projects","contact":[{"name":"HL7 International / Cross-Group Projects","telecom":[{"system":"url","value":"http://www.hl7.org/Special/committees/cgp"},{"system":"email","value":"cgp@lists.HL7.org"}]}],"description":"Used to classify the context of clinical result observations.","jurisdiction":[{"coding":[{"system":"urn:iso:std:iso:3166","code":"US"}]}],"copyright":"Used by permission of HL7 International, all rights reserved Creative Commons License","compose":{"include":[{"system":"http://terminology.hl7.org/CodeSystem/observation-category","concept":[{"code":"laboratory","display":"Laboratory"},{"code":"exam","display":"Exam"},{"code":"therapy","display":"Therapy"},{"code":"imaging","display":"Imaging"},{"code":"procedure","display":"Procedure"},{"code":"vital-signs","display":"Vital Signs"},{"code":"activity","display":"Activity"}]}]}}