{"resourceType":"ValueSet","id":"us-core-screening-assessment-observation-maximum-category","text":{"status":"extensions","div":"<div xmlns=\"http://www.w3.org/1999/xhtml\"><p class=\"res-header-id\"><b>Generated Narrative: ValueSet us-core-screening-assessment-observation-maximum-category</b></p><a name=\"us-core-screening-assessment-observation-maximum-category\"> </a><a name=\"hcus-core-screening-assessment-observation-maximum-category\"> </a><a name=\"us-core-screening-assessment-observation-maximum-category-en-US\"> </a><p>This value set includes codes based on the following rules:</p><ul><li>Include all codes defined in <a href=\"CodeSystem-us-core-category.html\"><code>http://hl7.org/fhir/us/core/CodeSystem/us-core-category</code></a></li><li>Include all codes defined in <a href=\"http://terminology.hl7.org/5.5.0/CodeSystem-observation-category.html\"><code>http://terminology.hl7.org/CodeSystem/observation-category</code></a></li></ul><p>This value set excludes codes based on the following rules:</p><ul><li>Exclude these codes as defined in <a href=\"http://terminology.hl7.org/5.5.0/CodeSystem-observation-category.html\"><code>http://terminology.hl7.org/CodeSystem/observation-category</code></a><table class=\"none\"><tr><td style=\"white-space:nowrap\"><b>Code</b></td><td><b>Display</b></td><td><b>Definition</b></td></tr><tr><td><a href=\"http://terminology.hl7.org/5.5.0/CodeSystem-observation-category.html#observation-category-survey\">survey</a></td><td style=\"color: #cccccc\">Survey</td><td>Assessment tool/survey instrument observations (e.g., Apgar Scores, Montreal Cognitive Assessment (MoCA)).</td></tr></table></li></ul></div>"},"extension":[{"url":"http://hl7.org/fhir/StructureDefinition/structuredefinition-wg","valueCode":"cgp"},{"url":"http://hl7.org/fhir/StructureDefinition/structuredefinition-fmm","valueInteger":3,"_valueInteger":{"extension":[{"url":"http://hl7.org/fhir/StructureDefinition/structuredefinition-conformance-derivedFrom","valueCanonical":"http://hl7.org/fhir/us/core/ImplementationGuide/hl7.fhir.us.core"}]}},{"url":"http://hl7.org/fhir/StructureDefinition/structuredefinition-standards-status","valueCode":"trial-use","_valueCode":{"extension":[{"url":"http://hl7.org/fhir/StructureDefinition/structuredefinition-conformance-derivedFrom","valueCanonical":"http://hl7.org/fhir/us/core/ImplementationGuide/hl7.fhir.us.core"}]}}],"url":"http://hl7.org/fhir/us/core/ValueSet/us-core-screening-assessment-observation-maximum-category","identifier":[{"system":"urn:ietf:rfc:3986","value":"urn:oid:2.16.840.1.113883.4.642.40.2.48.13"}],"version":"8.0.0","name":"USCoreScreeningAssessmentObservationMaximumCategory","title":"US Core Screening Assessment Observation Maximum Category","status":"active","experimental":false,"date":"2024-11-16","publisher":"HL7 International / Cross-Group Projects","contact":[{"name":"HL7 International / Cross-Group Projects","telecom":[{"system":"url","value":"http://www.hl7.org/Special/committees/cgp"},{"system":"email","value":"cgp@lists.HL7.org"}]}],"description":"This value set is a value set of category codes used in the US Core Observation Screening Assessment that any conformant system **SHOULD** support to help identify the type of USCDI Health Status/Assessment data class being reported.","jurisdiction":[{"coding":[{"system":"urn:iso:std:iso:3166","code":"US"}]}],"copyright":"Used by permission of HL7 International, all rights reserved Creative Commons License","compose":{"include":[{"system":"http://hl7.org/fhir/us/core/CodeSystem/us-core-category"},{"system":"http://terminology.hl7.org/CodeSystem/observation-category"}],"exclude":[{"system":"http://terminology.hl7.org/CodeSystem/observation-category","concept":[{"code":"survey"}]}]}}