{"resourceType":"ValueSet","id":"us-core-screening-assessment-observation-category","text":{"status":"extensions","div":"<div xmlns=\"http://www.w3.org/1999/xhtml\"><p class=\"res-header-id\"><b>Generated Narrative: ValueSet us-core-screening-assessment-observation-category</b></p><a name=\"us-core-screening-assessment-observation-category\"> </a><a name=\"hcus-core-screening-assessment-observation-category\"> </a><a name=\"us-core-screening-assessment-observation-category-en-US\"> </a><p>This value set includes codes based on the following rules:</p><ul><li>Include these codes as defined in <a href=\"CodeSystem-us-core-category.html\"><code>http://hl7.org/fhir/us/core/CodeSystem/us-core-category</code></a><table class=\"none\"><tr><td style=\"white-space:nowrap\"><b>Code</b></td><td><b>Display</b></td><td><b>Definition</b></td></tr><tr><td><a href=\"CodeSystem-us-core-category.html#us-core-category-sdoh\">sdoh</a></td><td style=\"color: #cccccc\">SDOH</td><td>Social Determinants of Health category</td></tr><tr><td><a href=\"CodeSystem-us-core-category.html#us-core-category-functional-status\">functional-status</a></td><td style=\"color: #cccccc\">Functional Status</td><td>Functional Status category</td></tr><tr><td><a href=\"CodeSystem-us-core-category.html#us-core-category-disability-status\">disability-status</a></td><td style=\"color: #cccccc\">Disability Status</td><td>Disability Status category</td></tr><tr><td><a href=\"CodeSystem-us-core-category.html#us-core-category-cognitive-status\">cognitive-status</a></td><td style=\"color: #cccccc\">Cognitive Status</td><td>Cognitive Status category</td></tr></table></li><li>Include these codes as defined in <a href=\"http://terminology.hl7.org/5.5.0/CodeSystem-observation-category.html\"><code>http://terminology.hl7.org/CodeSystem/observation-category</code></a><table class=\"none\"><tr><td style=\"white-space:nowrap\"><b>Code</b></td><td><b>Display</b></td><td><b>Definition</b></td></tr><tr><td><a href=\"http://terminology.hl7.org/5.5.0/CodeSystem-observation-category.html#observation-category-activity\">activity</a></td><td style=\"color: #cccccc\">Activity</td><td>Observations that measure or record any bodily activity that enhances or maintains physical fitness and overall health and wellness.  Not under direct supervision of practitioner such as a physical therapist. (e.g., laps swum, steps, sleep data)</td></tr><tr><td><a href=\"http://terminology.hl7.org/5.5.0/CodeSystem-observation-category.html#observation-category-social-history\">social-history</a></td><td style=\"color: #cccccc\">Social History</td><td>Social History Observations define the patient's occupational, personal (e.g., lifestyle), social, familial, and environmental history and health risk factors that may impact the patient's health.</td></tr></table></li></ul></div>"},"extension":[{"url":"http://hl7.org/fhir/StructureDefinition/structuredefinition-wg","valueCode":"cgp"},{"url":"http://hl7.org/fhir/StructureDefinition/structuredefinition-fmm","valueInteger":3,"_valueInteger":{"extension":[{"url":"http://hl7.org/fhir/StructureDefinition/structuredefinition-conformance-derivedFrom","valueCanonical":"http://hl7.org/fhir/us/core/ImplementationGuide/hl7.fhir.us.core"}]}},{"url":"http://hl7.org/fhir/StructureDefinition/structuredefinition-standards-status","valueCode":"trial-use","_valueCode":{"extension":[{"url":"http://hl7.org/fhir/StructureDefinition/structuredefinition-conformance-derivedFrom","valueCanonical":"http://hl7.org/fhir/us/core/ImplementationGuide/hl7.fhir.us.core"}]}}],"url":"http://hl7.org/fhir/us/core/ValueSet/us-core-screening-assessment-observation-category","identifier":[{"system":"urn:ietf:rfc:3986","value":"urn:oid:2.16.840.1.113883.4.642.40.2.48.12"}],"version":"8.0.0","name":"USCoreScreeningAssessmentObservationCategory","title":"US Core Screening Assessment Observation Category","status":"active","experimental":false,"date":"2024-11-16","publisher":"HL7 International / Cross-Group Projects","contact":[{"name":"HL7 International / Cross-Group Projects","telecom":[{"system":"url","value":"http://www.hl7.org/Special/committees/cgp"},{"system":"email","value":"cgp@lists.HL7.org"}]}],"description":"This value set is the minimum value set of category codes used in the US Core Observation Screening Assessment and Simple Observation Profiles that any conformant system **SHALL** support to help identify the type of USCDI Health Status/Assessment data class being reported.","jurisdiction":[{"coding":[{"system":"urn:iso:std:iso:3166","code":"US"}]}],"copyright":"Used by permission of HL7 International, all rights reserved Creative Commons License","compose":{"include":[{"system":"http://hl7.org/fhir/us/core/CodeSystem/us-core-category","concept":[{"code":"sdoh"},{"code":"functional-status"},{"code":"disability-status"},{"code":"cognitive-status"}]},{"system":"http://terminology.hl7.org/CodeSystem/observation-category","concept":[{"code":"activity"},{"code":"social-history"}]}]}}