{"resourceType":"ValueSet","id":"us-core-condition-code-current","text":{"status":"generated","div":"<div xmlns=\"http://www.w3.org/1999/xhtml\"><p class=\"res-header-id\"><b>Generated Narrative: ValueSet us-core-condition-code-current</b></p><a name=\"us-core-condition-code-current\"> </a><a name=\"hcus-core-condition-code-current\"> </a><a name=\"us-core-condition-code-current-en-US\"> </a><p>This value set includes codes based on the following rules:</p><ul><li>Include these codes as defined in <a href=\"http://www.snomed.org/\"><code>http://snomed.info/sct</code></a><table class=\"none\"><tr><td style=\"white-space:nowrap\"><b>Code</b></td><td><b>Display</b></td></tr><tr><td><a href=\"http://snomed.info/id/160245001\">160245001</a></td><td style=\"color: #cccccc\">No current problems or disability</td></tr></table></li><li>Include codes from<a href=\"http://www.snomed.org/\"><code>http://snomed.info/sct</code></a> where concept  is-a 404684003 (Clinical finding (finding))</li><li>Include codes from<a href=\"http://www.snomed.org/\"><code>http://snomed.info/sct</code></a> where concept  is-a 243796009 (Context-dependent categories)</li><li>Include codes from<a href=\"http://www.snomed.org/\"><code>http://snomed.info/sct</code></a> where concept  is-a 272379006 (Events)</li><li>Include all codes defined in <a href=\"http://terminology.hl7.org/5.5.0/CodeSystem-icd10CM.html\"><code>http://hl7.org/fhir/sid/icd-10-cm</code></a></li></ul></div>"},"extension":[{"url":"http://hl7.org/fhir/StructureDefinition/structuredefinition-wg","valueCode":"cgp"},{"url":"http://hl7.org/fhir/StructureDefinition/structuredefinition-fmm","valueInteger":3,"_valueInteger":{"extension":[{"url":"http://hl7.org/fhir/StructureDefinition/structuredefinition-conformance-derivedFrom","valueCanonical":"http://hl7.org/fhir/us/core/ImplementationGuide/hl7.fhir.us.core"}]}},{"url":"http://hl7.org/fhir/StructureDefinition/structuredefinition-standards-status","valueCode":"trial-use","_valueCode":{"extension":[{"url":"http://hl7.org/fhir/StructureDefinition/structuredefinition-conformance-derivedFrom","valueCanonical":"http://hl7.org/fhir/us/core/ImplementationGuide/hl7.fhir.us.core"}]}}],"url":"http://hl7.org/fhir/us/core/ValueSet/us-core-condition-code-current","identifier":[{"system":"urn:ietf:rfc:3986","value":"urn:oid:2.16.840.1.113883.4.642.40.2.48.3"}],"version":"8.0.0","name":"USCoreConditionCodesCurrent","title":"US Core Condition Codes Current","status":"active","experimental":false,"date":"2025-05-01","publisher":"HL7 International / Cross-Group Projects","contact":[{"name":"HL7 International / Cross-Group Projects","telecom":[{"system":"url","value":"http://www.hl7.org/Special/committees/cgp"},{"system":"email","value":"cgp@lists.HL7.org"}]}],"description":"This valueset is defined the same as the [US Core Condition Codes](ValueSet-us-core-condition-code.html) value set except it excludes ICD-9-CM codes. It us used for encoding newly recorded, non-legacy problem list items, health concerns and diagnosis using SNOMED CT and ICD-10-CM per USCDI requirements.","jurisdiction":[{"coding":[{"system":"urn:iso:std:iso:3166","code":"US"}]}],"copyright":"1. This value set includes content from SNOMED CT, which is copyright © 2002+ International Health Terminology Standards Development Organisation (IHTSDO), and distributed by agreement between IHTSDO and HL7. Implementer use of SNOMED CT is not covered by this agreement.\n2. ICD-10 is copyrighted by the World Health Organization (WHO) which owns and publishes the classification. See https://www.who.int/classifications/icd/en. WHO has authorized the development of an adaptation of ICD-9 and ICD-10 to ICD-9-CM to ICD-10-CM for use in the United States for U.S. government purposes.","compose":{"include":[{"system":"http://snomed.info/sct","concept":[{"code":"160245001"}]},{"system":"http://snomed.info/sct","filter":[{"property":"concept","op":"is-a","value":"404684003"}]},{"system":"http://snomed.info/sct","filter":[{"property":"concept","op":"is-a","value":"243796009"}]},{"system":"http://snomed.info/sct","filter":[{"property":"concept","op":"is-a","value":"272379006"}]},{"system":"http://hl7.org/fhir/sid/icd-10-cm"}]}}