{"resourceType":"ValueSet","id":"us-core-procedure-code","meta":{"versionId":"1","lastUpdated":"2022-04-27T23:46:02.126000+00:00"},"text":{"status":"generated","div":"<div xmlns=\"http://www.w3.org/1999/xhtml\"><p class=\"res-header-id\"><b>Generated Narrative: ValueSet us-core-procedure-code</b></p><a name=\"us-core-procedure-code\"> </a><a name=\"hcus-core-procedure-code\"> </a><a name=\"us-core-procedure-code-en-US\"> </a><div style=\"display: inline-block; background-color: #d9e0e7; padding: 6px; margin: 4px; border: 1px solid #8da1b4; border-radius: 5px; line-height: 60%\"><p style=\"margin-bottom: 0px\">version: 1; Last updated: 2022-04-27 23:46:02+0000</p></div><p>This value set includes codes based on the following rules:</p><ul><li>Include all codes defined in <a href=\"http://terminology.hl7.org/5.5.0/CodeSystem-CPT.html\"><code>http://www.ama-assn.org/go/cpt</code></a></li><li>Include codes from<a href=\"http://www.snomed.org/\"><code>http://snomed.info/sct</code></a> where concept  is-a 71388002 (Procedure)</li><li>Include all codes defined in <code>https://www.cms.gov/Medicare/Coding/HCPCSReleaseCodeSets</code></li><li>Include all codes defined in <a href=\"http://terminology.hl7.org/5.5.0/CodeSystem-icd10PCS.html\"><code>http://www.cms.gov/Medicare/Coding/ICD10</code></a></li><li>Include all codes defined in <a href=\"http://terminology.hl7.org/5.5.0/CodeSystem-CDT.html\"><code>http://www.ada.org/cdt</code></a></li><li>Include all codes defined in <a href=\"http://loinc.org\"><code>http://loinc.org</code></a></li></ul></div>"},"extension":[{"url":"http://hl7.org/fhir/StructureDefinition/structuredefinition-wg","valueCode":"cgp"},{"url":"http://hl7.org/fhir/StructureDefinition/structuredefinition-fmm","valueInteger":3,"_valueInteger":{"extension":[{"url":"http://hl7.org/fhir/StructureDefinition/structuredefinition-conformance-derivedFrom","valueCanonical":"http://hl7.org/fhir/us/core/ImplementationGuide/hl7.fhir.us.core"}]}},{"url":"http://hl7.org/fhir/StructureDefinition/structuredefinition-standards-status","valueCode":"trial-use","_valueCode":{"extension":[{"url":"http://hl7.org/fhir/StructureDefinition/structuredefinition-conformance-derivedFrom","valueCanonical":"http://hl7.org/fhir/us/core/ImplementationGuide/hl7.fhir.us.core"}]}}],"url":"http://hl7.org/fhir/us/core/ValueSet/us-core-procedure-code","identifier":[{"system":"urn:ietf:rfc:3986","value":"urn:oid:2.16.840.1.113883.4.642.40.2.48.20"}],"version":"8.0.0","name":"USCoreProcedureCodes","title":"US Core Procedure Codes","status":"active","experimental":false,"date":"2022-09-29","publisher":"HL7 International / Cross-Group Projects","contact":[{"name":"HL7 International / Cross-Group Projects","telecom":[{"system":"url","value":"http://www.hl7.org/Special/committees/cgp"},{"system":"email","value":"cgp@lists.HL7.org"}]}],"description":"Concepts from CPT, SNOMED CT, HCPCS Level II Alphanumeric Codes, ICD-10-PCS,CDT and LOINC code systems that can be used to indicate the type of procedure performed.","jurisdiction":[{"coding":[{"system":"urn:iso:std:iso:3166","code":"US"}]}],"copyright":"1. Current Procedural Terminology (CPT) is copyright 2020 American Medical Association. All rights reserved\n2. This value set includes content from SNOMED CT, which is copyright © 2002+ International Health Terminology Standards Development Organisation (IHTSDO), and distributed by agreement between IHTSDO and HL7. Implementer use of SNOMED CT is not covered by this agreement.\n3. HCPCS Level II Alphanumeric Codes codes are maintained by the US Center for Medicare and Medicaid Services (CMS) available for public use.\n4. The International Classification of Diseases, Tenth Revision, Procedure Coding System (ICD-10-PCS) was developed for the Centers for Medicare and Medicaid Services (CMS) available for public use. CMS is the U.S. governmental agency responsible for overseeing all changes and modifications  to the ICD-10-PCS.\n5. The ADA is the exclusive copyright owner of CDT, the Code on Dental Procedures and Nomenclature (the Code), and the ADA Dental Claim Form. Except as permitted by law, all use, copying or distribution of CDT, or any portion  thereof (including the Code on Dental Procedures and Nomenclature) in any product or services (including works prepared for clients by consultants and other professionals), whether in printed, electronic or other format, requires a valid commercial user license from the ADA. CDT ® is a registered trademark of the American Dental Association. All Rights Reserved.\n6. This material contains content from LOINC (http://loinc.org). LOINC is copyright © 1995-2020, Regenstrief Institute, Inc. and the Logical Observation Identifiers Names and Codes (LOINC) Committee and is available at no cost under the license at http://loinc.org/license. LOINC® is a registered United States trademark of Regenstrief Institute, Inc","compose":{"include":[{"system":"http://www.ama-assn.org/go/cpt"},{"system":"http://snomed.info/sct","filter":[{"property":"concept","op":"is-a","value":"71388002"}]},{"system":"https://www.cms.gov/Medicare/Coding/HCPCSReleaseCodeSets"},{"system":"http://www.cms.gov/Medicare/Coding/ICD10"},{"system":"http://www.ada.org/cdt"},{"system":"http://loinc.org"}]}}