{"resourceType":"ImplementationGuide","id":"hl7.fhir.us.davinci-pdex-plan-net","text":{"status":"extensions","div":"<div xmlns=\"http://www.w3.org/1999/xhtml\"><h2>DaVinciPDEXPlanNet</h2><p>The official URL for this implementation guide is: </p><pre>http://hl7.org/fhir/us/davinci-pdex-plan-net/ImplementationGuide/hl7.fhir.us.davinci-pdex-plan-net</pre><div><p>Davinci PDEX Plan Net</p>\n</div></div>"},"url":"http://hl7.org/fhir/us/davinci-pdex-plan-net/ImplementationGuide/hl7.fhir.us.davinci-pdex-plan-net","version":"1.1.0","name":"DaVinciPDEXPlanNet","title":"DaVinci PDEX Plan Net","status":"active","date":"2022-04-04T14:04:34+00:00","publisher":"HL7 Financial Management Working Group","contact":[{"name":"HL7 Financial Management Working Group","telecom":[{"system":"url","value":"http://www.hl7.org/Special/committees/fm"},{"system":"email","value":"fm@lists.HL7.org"}]}],"description":"Davinci PDEX Plan Net","jurisdiction":[{"coding":[{"system":"urn:iso:std:iso:3166","code":"US"}]}],"packageId":"hl7.fhir.us.davinci-pdex-plan-net","license":"CC0-1.0","fhirVersion":["4.0.1"],"dependsOn":[{"id":"hl7_fhir_us_core","uri":"http://hl7.org/fhir/us/core/ImplementationGuide/hl7.fhir.us.core","packageId":"hl7.fhir.us.core","version":"3.1.1"}],"definition":{"extension":[{"extension":[{"url":"code","valueString":"copyrightyear"},{"url":"value","valueString":"2022+"}],"url":"http://hl7.org/fhir/tools/StructureDefinition/ig-parameter"},{"extension":[{"url":"code","valueString":"releaselabel"},{"url":"value","valueString":"STU 1.1"}],"url":"http://hl7.org/fhir/tools/StructureDefinition/ig-parameter"},{"extension":[{"url":"code","valueString":"show-inherited-invariants"},{"url":"value","valueString":"false"}],"url":"http://hl7.org/fhir/tools/StructureDefinition/ig-parameter"},{"extension":[{"url":"code","valueString":"jira-code"},{"url":"value","valueString":"davinci-plannet"}],"url":"http://hl7.org/fhir/tools/StructureDefinition/ig-parameter"},{"extension":[{"url":"code","valueString":"path-history"},{"url":"value","valueString":"http://hl7.org/fhir/us/davinci-pdex-plan-net/history.html"}],"url":"http://hl7.org/fhir/tools/StructureDefinition/ig-parameter"},{"extension":[{"url":"code","valueString":"path-liquid"},{"url":"value","valueString":"template/liquid"}],"url":"http://hl7.org/fhir/tools/StructureDefinition/ig-parameter"},{"extension":[{"url":"code","valueString":"path-liquid"},{"url":"value","valueString":"input/liquid"}],"url":"http://hl7.org/fhir/tools/StructureDefinition/ig-parameter"},{"extension":[{"url":"code","valueString":"path-qa"},{"url":"value","valueString":"temp/qa"}],"url":"http://hl7.org/fhir/tools/StructureDefinition/ig-parameter"},{"extension":[{"url":"code","valueString":"path-temp"},{"url":"value","valueString":"temp/pages"}],"url":"http://hl7.org/fhir/tools/StructureDefinition/ig-parameter"},{"extension":[{"url":"code","valueString":"path-output"},{"url":"value","valueString":"output"}],"url":"http://hl7.org/fhir/tools/StructureDefinition/ig-parameter"},{"extension":[{"url":"code","valueString":"path-suppressed-warnings"},{"url":"value","valueString":"input/ignoreWarnings.txt"}],"url":"http://hl7.org/fhir/tools/StructureDefinition/ig-parameter"},{"extension":[{"url":"code","valueString":"template-html"},{"url":"value","valueString":"template-page.html"}],"url":"http://hl7.org/fhir/tools/StructureDefinition/ig-parameter"},{"extension":[{"url":"code","valueString":"template-md"},{"url":"value","valueString":"template-page-md.html"}],"url":"http://hl7.org/fhir/tools/StructureDefinition/ig-parameter"},{"extension":[{"url":"code","valueString":"apply-contact"},{"url":"value","valueString":"true"}],"url":"http://hl7.org/fhir/tools/StructureDefinition/ig-parameter"},{"extension":[{"url":"code","valueString":"apply-context"},{"url":"value","valueString":"true"}],"url":"http://hl7.org/fhir/tools/StructureDefinition/ig-parameter"},{"extension":[{"url":"code","valueString":"apply-copyright"},{"url":"value","valueString":"true"}],"url":"http://hl7.org/fhir/tools/StructureDefinition/ig-parameter"},{"extension":[{"url":"code","valueString":"apply-jurisdiction"},{"url":"value","valueString":"true"}],"url":"http://hl7.org/fhir/tools/StructureDefinition/ig-parameter"},{"extension":[{"url":"code","valueString":"apply-license"},{"url":"value","valueString":"true"}],"url":"http://hl7.org/fhir/tools/StructureDefinition/ig-parameter"},{"extension":[{"url":"code","valueString":"apply-publisher"},{"url":"value","valueString":"true"}],"url":"http://hl7.org/fhir/tools/StructureDefinition/ig-parameter"},{"extension":[{"url":"code","valueString":"apply-version"},{"url":"value","valueString":"true"}],"url":"http://hl7.org/fhir/tools/StructureDefinition/ig-parameter"},{"extension":[{"url":"code","valueString":"active-tables"},{"url":"value","valueString":"true"}],"url":"http://hl7.org/fhir/tools/StructureDefinition/ig-parameter"},{"extension":[{"url":"code","valueString":"fmm-definition"},{"url":"value","valueString":"http://hl7.org/fhir/versions.html#maturity"}],"url":"http://hl7.org/fhir/tools/StructureDefinition/ig-parameter"},{"extension":[{"url":"code","valueString":"propagate-status"},{"url":"value","valueString":"true"}],"url":"http://hl7.org/fhir/tools/StructureDefinition/ig-parameter"},{"extension":[{"url":"code","valueString":"excludelogbinaryformat"},{"url":"value","valueString":"true"}],"url":"http://hl7.org/fhir/tools/StructureDefinition/ig-parameter"}],"grouping":[{"id":"-dyn-capabilitystatement","name":"Behavior: Capability Statements","description":"The following artifacts define the specific capabilities that different types of systems are expected to have in order to comply with this implementation guide.  Systems conforming to this implementation guide are expected to declare conformance to one or more of the following capability statements."},{"id":"-dyn-searchparameter","name":"Behavior: Search Parameters","description":"These define the properties by which a RESTful server can be searched.  They can also be used for sorting and including related resources."},{"id":"-str-profile","name":"Structures: Resource Profiles","description":"These define constraints on FHIR resources for systems conforming to this implementation guide"},{"id":"-str-extension","name":"Structures: Extension Definitions","description":"These define constraints on FHIR data types for systems conforming to this implementation guide"},{"id":"-term-valueset","name":"Terminology: Value Sets","description":"These define sets of codes used by systems conforming to this implementation guide"},{"id":"-term-codesystem","name":"Terminology: Code Systems","description":"These define new code systems used by systems conforming to this implementation guide"},{"id":"-ex-example","name":"Example: Example Instances","description":"These are example instances that show what data produced and consumed by systems conforming with this implementation guide might look like"}],"resource":[{"extension":[{"url":"http://hl7.org/fhir/StructureDefinition/implementationguide-page","valueUri":"StructureDefinition-plannet-Endpoint.html"}],"reference":{"reference":"StructureDefinition/plannet-Endpoint"},"name":"Plan-Net Endpoint","description":"The technical details of an endpoint that can be used for electronic services, such as a portal or FHIR REST services, messaging or operations, or DIRECT messaging.","exampleBoolean":false,"groupingId":"-str-profile"},{"extension":[{"url":"http://hl7.org/fhir/StructureDefinition/implementationguide-page","valueUri":"StructureDefinition-plannet-HealthcareService.html"}],"reference":{"reference":"StructureDefinition/plannet-HealthcareService"},"name":"Plan-Net HealthcareService","description":"The HealthCareService resource typically describes services offered by an organization/practitioner at a location. The resource may be used to encompass a variety of services covering the entire healthcare spectrum, including promotion, prevention, diagnostics, pharmacy, hospital and ambulatory care, home care, long-term care, and other health-related and community services.","exampleBoolean":false,"groupingId":"-str-profile"},{"extension":[{"url":"http://hl7.org/fhir/StructureDefinition/implementationguide-page","valueUri":"StructureDefinition-plannet-InsurancePlan.html"}],"reference":{"reference":"StructureDefinition/plannet-InsurancePlan"},"name":"Plan-Net InsurancePlan","description":"An InsurancePlan is a discrete package of health insurance coverage benefits that are offered under a particular network type. A given payer’s products typically differ by network type and/or covered benefits. A plan pairs a product’s covered benefits with the particular cost sharing structure offered to a consumer. A given product may comprise multiple plans (i.e. each plan offers different cost sharing requirements for the same set of covered benefits).\n\nInsurancePlan describes a health insurance offering comprised of a list of covered benefits (i.e. the product), costs associated with those benefits (i.e. the plan), and additional information about the offering, such as who it is owned and administered by, a coverage area, contact information, etc.","exampleBoolean":false,"groupingId":"-str-profile"},{"extension":[{"url":"http://hl7.org/fhir/StructureDefinition/implementationguide-page","valueUri":"StructureDefinition-plannet-Location.html"}],"reference":{"reference":"StructureDefinition/plannet-Location"},"name":"Plan-Net Location","description":"A Location is the physical place where healthcare services are provided, practitioners are employed, \n                 organizations are based, etc. Locations can range in scope from a room in a building to a geographic region/area.","exampleBoolean":false,"groupingId":"-str-profile"},{"extension":[{"url":"http://hl7.org/fhir/StructureDefinition/implementationguide-page","valueUri":"StructureDefinition-plannet-Network.html"}],"reference":{"reference":"StructureDefinition/plannet-Network"},"name":"Plan-Net Network","description":"A Network refers to a healthcare provider insurance network. A healthcare provider insurance network is an aggregation of organizations and individuals that deliver a set of services across a geography through health insurance products/plans. A network is typically owned by a payer.\n\nIn the PlanNet IG, individuals and organizations are represented as participants in a PLan-Net Network through the practitionerRole and Plan-Net-organizationAffiliation resources, respectively.","exampleBoolean":false,"groupingId":"-str-profile"},{"extension":[{"url":"http://hl7.org/fhir/StructureDefinition/implementationguide-page","valueUri":"StructureDefinition-plannet-Organization.html"}],"reference":{"reference":"StructureDefinition/plannet-Organization"},"name":"Plan-Net Organization","description":"An organization is a formal or informal grouping of people or organizations with a common purpose, such as a company, institution, corporation, community group, or healthcare practice.\nGuidance:   When the contact is a department name, rather than a human (e.g., patient help line), include a blank family and given name, and provide the department name in contact.name.text","exampleBoolean":false,"groupingId":"-str-profile"},{"extension":[{"url":"http://hl7.org/fhir/StructureDefinition/implementationguide-page","valueUri":"StructureDefinition-plannet-OrganizationAffiliation.html"}],"reference":{"reference":"StructureDefinition/plannet-OrganizationAffiliation"},"name":"Plan-Net OrganizationAffiliation","description":"The OrganizationAffiliation resource describes relationships between two or more organizations, including the services one organization provides another, the location(s) where they provide services, the availability of those services, electronic endpoints, and other relevant information.","exampleBoolean":false,"groupingId":"-str-profile"},{"extension":[{"url":"http://hl7.org/fhir/StructureDefinition/implementationguide-page","valueUri":"StructureDefinition-plannet-Practitioner.html"}],"reference":{"reference":"StructureDefinition/plannet-Practitioner"},"name":"Plan-Net Practitioner","description":"Practitioner is a person who is directly or indirectly involved in the provisioning of healthcare.","exampleBoolean":false,"groupingId":"-str-profile"},{"extension":[{"url":"http://hl7.org/fhir/StructureDefinition/implementationguide-page","valueUri":"StructureDefinition-plannet-PractitionerRole.html"}],"reference":{"reference":"StructureDefinition/plannet-PractitionerRole"},"name":"Plan-Net PractitionerRole","description":"PractionerRole describes details about a provider, which can be a practitioner or an organization. When the provider is a practitioner, \nthere may be a relationship to an organization. A provider renders services to patients at a location. When the provider is a practitioner, there may also \nbe a relationship to an organization. Practitioner participation in healthcare provider insurance networks may be direct or through their role at an organization.","exampleBoolean":false,"groupingId":"-str-profile"},{"extension":[{"url":"http://hl7.org/fhir/StructureDefinition/implementationguide-page","valueUri":"StructureDefinition-accessibility.html"}],"reference":{"reference":"StructureDefinition/accessibility"},"name":"Accessibility","description":"An extension to describe accessibility options offered by a practitioner or at a location.","exampleBoolean":false,"groupingId":"-str-extension"},{"extension":[{"url":"http://hl7.org/fhir/StructureDefinition/implementationguide-page","valueUri":"StructureDefinition-communication-proficiency.html"}],"reference":{"reference":"StructureDefinition/communication-proficiency"},"name":"Communication Proficiency","description":"An extension to express a practitioner’s spoken proficiency with the language indicated in practitioner.communication.","exampleBoolean":false,"groupingId":"-str-extension"},{"extension":[{"url":"http://hl7.org/fhir/StructureDefinition/implementationguide-page","valueUri":"StructureDefinition-contactpoint-availabletime.html"}],"reference":{"reference":"StructureDefinition/contactpoint-availabletime"},"name":"Contactpoint Availabletime","description":"An extension representing the days and times a contact point is available","exampleBoolean":false,"groupingId":"-str-extension"},{"extension":[{"url":"http://hl7.org/fhir/StructureDefinition/implementationguide-page","valueUri":"StructureDefinition-delivery-method.html"}],"reference":{"reference":"StructureDefinition/delivery-method"},"name":"Delivery Method","description":"An extension describing the service delivery method.   If service delivery is virtual, one or more delivery modalities should be specified.","exampleBoolean":false,"groupingId":"-str-extension"},{"extension":[{"url":"http://hl7.org/fhir/StructureDefinition/implementationguide-page","valueUri":"StructureDefinition-endpoint-usecase.html"}],"reference":{"reference":"StructureDefinition/endpoint-usecase"},"name":"Endpoint Usecase","description":"EndpointUseCase is an enumeration of the specific use cases (service descriptions) supported by the endpoint","exampleBoolean":false,"groupingId":"-str-extension"},{"extension":[{"url":"http://hl7.org/fhir/StructureDefinition/implementationguide-page","valueUri":"StructureDefinition-location-reference.html"}],"reference":{"reference":"StructureDefinition/location-reference"},"name":"Location Reference","description":"A reference to a Location resource (plannet-Location) defining the coverage area of a health insurance provider network","exampleBoolean":false,"groupingId":"-str-extension"},{"extension":[{"url":"http://hl7.org/fhir/StructureDefinition/implementationguide-page","valueUri":"StructureDefinition-network-reference.html"}],"reference":{"reference":"StructureDefinition/network-reference"},"name":"Network Reference","description":"A reference to the healthcare provider insurance networks (plannet-Network) the practitioner participates in through their role","exampleBoolean":false,"groupingId":"-str-extension"},{"extension":[{"url":"http://hl7.org/fhir/StructureDefinition/implementationguide-page","valueUri":"StructureDefinition-newpatients.html"}],"reference":{"reference":"StructureDefinition/newpatients"},"name":"New Patients","description":"New Patients indicates whether new patients are being accepted in general, or from a specific network.   \n              This extension is included in the PractitionerRole, HealthcareService, and Location profiles.  \n              This provides needed flexibility for specifying whether a provider accepts new patients by location and network.","exampleBoolean":false,"groupingId":"-str-extension"},{"extension":[{"url":"http://hl7.org/fhir/StructureDefinition/implementationguide-page","valueUri":"StructureDefinition-org-description.html"}],"reference":{"reference":"StructureDefinition/org-description"},"name":"Org Description","description":"An extension to provide a human-readable description of an organization.","exampleBoolean":false,"groupingId":"-str-extension"},{"extension":[{"url":"http://hl7.org/fhir/StructureDefinition/implementationguide-page","valueUri":"StructureDefinition-practitioner-qualification.html"}],"reference":{"reference":"StructureDefinition/practitioner-qualification"},"name":"Practitioner Qualification","description":"An extension to add status and whereValid elements to a practitioner’s qualifications.","exampleBoolean":false,"groupingId":"-str-extension"},{"extension":[{"url":"http://hl7.org/fhir/StructureDefinition/implementationguide-page","valueUri":"StructureDefinition-qualification.html"}],"reference":{"reference":"StructureDefinition/qualification"},"name":"Qualification","description":"An extension to add qualifications for an organization (e.g. accreditation) or practitionerRole (e.g. registered to prescribe controlled substances).","exampleBoolean":false,"groupingId":"-str-extension"},{"extension":[{"url":"http://hl7.org/fhir/StructureDefinition/implementationguide-page","valueUri":"StructureDefinition-via-intermediary.html"}],"reference":{"reference":"StructureDefinition/via-intermediary"},"name":"Via Intermediary","description":"A reference to an alternative point of contact (plannet-PractitionerRole, plannet-Organization, plannet-OrganizationAffiliation, or plannet-Location) for this organization","exampleBoolean":false,"groupingId":"-str-extension"},{"extension":[{"url":"http://hl7.org/fhir/StructureDefinition/implementationguide-page","valueUri":"ValueSet-AcceptingPatientsVS.html"}],"reference":{"reference":"ValueSet/AcceptingPatientsVS"},"name":"Accepting Patients Codes VS","description":"Codes to identify if the practice is accepting new patients","exampleBoolean":false,"groupingId":"-term-valueset"},{"extension":[{"url":"http://hl7.org/fhir/StructureDefinition/implementationguide-page","valueUri":"ValueSet-AccessibilityVS.html"}],"reference":{"reference":"ValueSet/AccessibilityVS"},"name":"Accessibility VS","description":"Codes for documenting general categories of accommodations available.","exampleBoolean":false,"groupingId":"-term-valueset"},{"extension":[{"url":"http://hl7.org/fhir/StructureDefinition/implementationguide-page","valueUri":"ValueSet-DeliveryMethodVS.html"}],"reference":{"reference":"ValueSet/DeliveryMethodVS"},"name":"Delivery Methods VS","description":"Codes for documenting delivery methods.","exampleBoolean":false,"groupingId":"-term-valueset"},{"extension":[{"url":"http://hl7.org/fhir/StructureDefinition/implementationguide-page","valueUri":"ValueSet-EndpointConnectionTypeVS.html"}],"reference":{"reference":"ValueSet/EndpointConnectionTypeVS"},"name":"Endpoint Connection Types VS","description":"Endpoint Connection Types","exampleBoolean":false,"groupingId":"-term-valueset"},{"extension":[{"url":"http://hl7.org/fhir/StructureDefinition/implementationguide-page","valueUri":"ValueSet-EndpointPayloadTypeVS.html"}],"reference":{"reference":"ValueSet/EndpointPayloadTypeVS"},"name":"Endpoint Payload Types VS","description":"Endpoint Payload Types are constrained to NA (Not Applicable) as part of this IG","exampleBoolean":false,"groupingId":"-term-valueset"},{"extension":[{"url":"http://hl7.org/fhir/StructureDefinition/implementationguide-page","valueUri":"ValueSet-EndpointUsecaseVS.html"}],"reference":{"reference":"ValueSet/EndpointUsecaseVS"},"name":"Endpoint Usecases VS","description":"Codes for documenting business use case by a general grouping by business area.","exampleBoolean":false,"groupingId":"-term-valueset"},{"extension":[{"url":"http://hl7.org/fhir/StructureDefinition/implementationguide-page","valueUri":"ValueSet-HealthcareServiceCategoryVS.html"}],"reference":{"reference":"ValueSet/HealthcareServiceCategoryVS"},"name":"Healthcare Service CategoryVS","description":"Broad categories of healthcare services being performed or delivered.","exampleBoolean":false,"groupingId":"-term-valueset"},{"extension":[{"url":"http://hl7.org/fhir/StructureDefinition/implementationguide-page","valueUri":"ValueSet-HealthcareServiceTypeVS.html"}],"reference":{"reference":"ValueSet/HealthcareServiceTypeVS"},"name":"HealthcareService Types VS","description":"Valueset for HealthCareService type","exampleBoolean":false,"groupingId":"-term-valueset"},{"extension":[{"url":"http://hl7.org/fhir/StructureDefinition/implementationguide-page","valueUri":"ValueSet-IndividualAndGroupSpecialtiesVS.html"}],"reference":{"reference":"ValueSet/IndividualAndGroupSpecialtiesVS"},"name":"Individual and Group Specialties","description":"Individual and Group Specialties from National Uniform Claim Committee (NUCC) Health Care Provider Taxonomy code set.","exampleBoolean":false,"groupingId":"-term-valueset"},{"extension":[{"url":"http://hl7.org/fhir/StructureDefinition/implementationguide-page","valueUri":"ValueSet-IndividualSpecialtyAndDegreeLicenseCertificateVS.html"}],"reference":{"reference":"ValueSet/IndividualSpecialtyAndDegreeLicenseCertificateVS"},"name":"Individual Specialties, Degrees, Licenses, and Certificates VS","description":"Individual Specialties, Degrees, Licenses, and Certificates","exampleBoolean":false,"groupingId":"-term-valueset"},{"extension":[{"url":"http://hl7.org/fhir/StructureDefinition/implementationguide-page","valueUri":"ValueSet-InsurancePlanTypeVS.html"}],"reference":{"reference":"ValueSet/InsurancePlanTypeVS"},"name":"Insurance Plan TypeVS","description":"Categories of cost-sharing used by plans.","exampleBoolean":false,"groupingId":"-term-valueset"},{"extension":[{"url":"http://hl7.org/fhir/StructureDefinition/implementationguide-page","valueUri":"ValueSet-InsuranceProductTypeVS.html"}],"reference":{"reference":"ValueSet/InsuranceProductTypeVS"},"name":"Insurance Product Type VS","description":"A distinct package of health insurance coverage benefits that are offered using a particular product network type.","exampleBoolean":false,"groupingId":"-term-valueset"},{"extension":[{"url":"http://hl7.org/fhir/StructureDefinition/implementationguide-page","valueUri":"ValueSet-LanguageProficiencyVS.html"}],"reference":{"reference":"ValueSet/LanguageProficiencyVS"},"name":"Language Proficiency VS","description":"Codes for documenting spoken language proficiency based on the Interagency Language Roundtable scale of abilities to communicate in a language.","exampleBoolean":false,"groupingId":"-term-valueset"},{"extension":[{"url":"http://hl7.org/fhir/StructureDefinition/implementationguide-page","valueUri":"ValueSet-MinEndpointConnectionTypeVS.html"}],"reference":{"reference":"ValueSet/MinEndpointConnectionTypeVS"},"name":"Minimum Endpoint Connection Types VS","description":"Minimum Endpoint Connection Types","exampleBoolean":false,"groupingId":"-term-valueset"},{"extension":[{"url":"http://hl7.org/fhir/StructureDefinition/implementationguide-page","valueUri":"ValueSet-NetworkTypeVS.html"}],"reference":{"reference":"ValueSet/NetworkTypeVS"},"name":"Network Type VS","description":"Single value describing networks.","exampleBoolean":false,"groupingId":"-term-valueset"},{"extension":[{"url":"http://hl7.org/fhir/StructureDefinition/implementationguide-page","valueUri":"ValueSet-NonIndividualSpecialtiesVS.html"}],"reference":{"reference":"ValueSet/NonIndividualSpecialtiesVS"},"name":"Non-Individual Specialties","description":"Non-Individual Specialties from National Uniform Claim Committee (NUCC) Health Care Provider Taxonomy code set.","exampleBoolean":false,"groupingId":"-term-valueset"},{"extension":[{"url":"http://hl7.org/fhir/StructureDefinition/implementationguide-page","valueUri":"ValueSet-NonIndividualSpecialtyAndDegreeLicenseCertificateVS.html"}],"reference":{"reference":"ValueSet/NonIndividualSpecialtyAndDegreeLicenseCertificateVS"},"name":"Non-Individual Specialties, Degrees, Licenses, and Certificates VS","description":"Non-Individual Specialties, Degrees, Licenses, and Certificates","exampleBoolean":false,"groupingId":"-term-valueset"},{"extension":[{"url":"http://hl7.org/fhir/StructureDefinition/implementationguide-page","valueUri":"ValueSet-OrgTypeVS.html"}],"reference":{"reference":"ValueSet/OrgTypeVS"},"name":"Organization Type VS","description":"Categories of organizations based on criteria in provider directories.","exampleBoolean":false,"groupingId":"-term-valueset"},{"extension":[{"url":"http://hl7.org/fhir/StructureDefinition/implementationguide-page","valueUri":"ValueSet-OrganizationAffiliationRoleVS.html"}],"reference":{"reference":"ValueSet/OrganizationAffiliationRoleVS"},"name":"OrganizationAffiliation Roles","description":"Value Set for Organization Affiliation Roles","exampleBoolean":false,"groupingId":"-term-valueset"},{"extension":[{"url":"http://hl7.org/fhir/StructureDefinition/implementationguide-page","valueUri":"ValueSet-PractitionerRoleVS.html"}],"reference":{"reference":"ValueSet/PractitionerRoleVS"},"name":"PractitionerRole Code VS","description":"Codes for the capabilities that an individual, group, or organization is acknowledged to have in a payer network, including general codes from the HL7 PractitionerRole Code System.","exampleBoolean":false,"groupingId":"-term-valueset"},{"extension":[{"url":"http://hl7.org/fhir/StructureDefinition/implementationguide-page","valueUri":"ValueSet-QualificationStatusVS.html"}],"reference":{"reference":"ValueSet/QualificationStatusVS"},"name":"Qualification Status VS","description":"The state indicating if a qualification is currently valid.","exampleBoolean":false,"groupingId":"-term-valueset"},{"extension":[{"url":"http://hl7.org/fhir/StructureDefinition/implementationguide-page","valueUri":"ValueSet-SpecialtiesVS.html"}],"reference":{"reference":"ValueSet/SpecialtiesVS"},"name":"Specialties VS","description":"Specialties value set based on National Uniform Claim Committee (NUCC) Health Care Provider Taxonomy code set.","exampleBoolean":false,"groupingId":"-term-valueset"},{"extension":[{"url":"http://hl7.org/fhir/StructureDefinition/implementationguide-page","valueUri":"ValueSet-SpecialtyAndDegreeLicenseCertificateVS.html"}],"reference":{"reference":"ValueSet/SpecialtyAndDegreeLicenseCertificateVS"},"name":"Specialties, Degrees, Licenses, and Certificates VS","description":"Specialties and Degree License and Certificates","exampleBoolean":false,"groupingId":"-term-valueset"},{"extension":[{"url":"http://hl7.org/fhir/StructureDefinition/implementationguide-page","valueUri":"ValueSet-VirtualModalitiesVS.html"}],"reference":{"reference":"ValueSet/VirtualModalitiesVS"},"name":"Virtual Modalities VS","description":"Codes for virtual service delivery modalities .","exampleBoolean":false,"groupingId":"-term-valueset"},{"extension":[{"url":"http://hl7.org/fhir/StructureDefinition/implementationguide-page","valueUri":"CodeSystem-AcceptingPatientsCS.html"}],"reference":{"reference":"CodeSystem/AcceptingPatientsCS"},"name":"Accepting Patients Codes","description":"Codes to identify if the practice is accepting new patients","exampleBoolean":false,"groupingId":"-term-codesystem"},{"extension":[{"url":"http://hl7.org/fhir/StructureDefinition/implementationguide-page","valueUri":"CodeSystem-AccessibilityCS.html"}],"reference":{"reference":"CodeSystem/AccessibilityCS"},"name":"Accessibility CS","description":"General categories of accommodations available.","exampleBoolean":false,"groupingId":"-term-codesystem"},{"extension":[{"url":"http://hl7.org/fhir/StructureDefinition/implementationguide-page","valueUri":"CodeSystem-DeliveryMethodCS.html"}],"reference":{"reference":"CodeSystem/DeliveryMethodCS"},"name":"Delivery Methods","description":"Categories of healthcare service delivery methods.","exampleBoolean":false,"groupingId":"-term-codesystem"},{"extension":[{"url":"http://hl7.org/fhir/StructureDefinition/implementationguide-page","valueUri":"CodeSystem-EndpointConnectionTypeCS.html"}],"reference":{"reference":"CodeSystem/EndpointConnectionTypeCS"},"name":"Endpoint Connection Types (additional)","description":"Extension codes for http://terminology.hl7.org/CodeSystem/endpoint-connection-type","exampleBoolean":false,"groupingId":"-term-codesystem"},{"extension":[{"url":"http://hl7.org/fhir/StructureDefinition/implementationguide-page","valueUri":"CodeSystem-EndpointPayloadTypeCS.html"}],"reference":{"reference":"CodeSystem/EndpointPayloadTypeCS"},"name":"Endpoint Payload Types","description":"Endpoint Payload Types are constrained to NA (Not Applicable) as part of this IG","exampleBoolean":false,"groupingId":"-term-codesystem"},{"extension":[{"url":"http://hl7.org/fhir/StructureDefinition/implementationguide-page","valueUri":"CodeSystem-HealthcareServiceCategoryCS.html"}],"reference":{"reference":"CodeSystem/HealthcareServiceCategoryCS"},"name":"Healthcare Service Category","description":"Broad categories of healthcare services being performed or delivered","exampleBoolean":false,"groupingId":"-term-codesystem"},{"extension":[{"url":"http://hl7.org/fhir/StructureDefinition/implementationguide-page","valueUri":"CodeSystem-InsurancePlanTypeCS.html"}],"reference":{"reference":"CodeSystem/InsurancePlanTypeCS"},"name":"Insurance Plan Type","description":"Categories of cost-sharing used by plans","exampleBoolean":false,"groupingId":"-term-codesystem"},{"extension":[{"url":"http://hl7.org/fhir/StructureDefinition/implementationguide-page","valueUri":"CodeSystem-InsuranceProductTypeCS.html"}],"reference":{"reference":"CodeSystem/InsuranceProductTypeCS"},"name":"Insurance Product Type","description":"A distinct package of health insurance coverage benefits that are offered using a particular product network type.","exampleBoolean":false,"groupingId":"-term-codesystem"},{"extension":[{"url":"http://hl7.org/fhir/StructureDefinition/implementationguide-page","valueUri":"CodeSystem-LanguageProficiencyCS.html"}],"reference":{"reference":"CodeSystem/LanguageProficiencyCS"},"name":"Language Proficiency CS","description":"Codes for documenting spoken language proficiency based on the Interagency Language Roundtable scale of abilities to communicate in a language.","exampleBoolean":false,"groupingId":"-term-codesystem"},{"extension":[{"url":"http://hl7.org/fhir/StructureDefinition/implementationguide-page","valueUri":"CodeSystem-OrgTypeCS.html"}],"reference":{"reference":"CodeSystem/OrgTypeCS"},"name":"Organization Type","description":"Categories of organizations based on criteria in provider directories.","exampleBoolean":false,"groupingId":"-term-codesystem"},{"extension":[{"url":"http://hl7.org/fhir/StructureDefinition/implementationguide-page","valueUri":"CodeSystem-OrganizationAffiliationRoleCS.html"}],"reference":{"reference":"CodeSystem/OrganizationAffiliationRoleCS"},"name":"Organization Affiliation Role","description":"Codes For Organization Affiliation Role","exampleBoolean":false,"groupingId":"-term-codesystem"},{"extension":[{"url":"http://hl7.org/fhir/StructureDefinition/implementationguide-page","valueUri":"CodeSystem-ProviderRoleCS.html"}],"reference":{"reference":"CodeSystem/ProviderRoleCS"},"name":"Provider Role Codes","description":"A capability that an individual, group, or organization is acknowledged to have in a payer network.","exampleBoolean":false,"groupingId":"-term-codesystem"},{"extension":[{"url":"http://hl7.org/fhir/StructureDefinition/implementationguide-page","valueUri":"CodeSystem-QualificationStatusCS.html"}],"reference":{"reference":"CodeSystem/QualificationStatusCS"},"name":"Qualification Status","description":"The state indicating if a qualification is currently valid.","exampleBoolean":false,"groupingId":"-term-codesystem"},{"extension":[{"url":"http://hl7.org/fhir/StructureDefinition/implementationguide-page","valueUri":"CodeSystem-VirtualModalitiesCS.html"}],"reference":{"reference":"CodeSystem/VirtualModalitiesCS"},"name":"Virtual Modalities","description":"Categories of virtual service delivery modalities.","exampleBoolean":false,"groupingId":"-term-codesystem"},{"extension":[{"url":"http://hl7.org/fhir/StructureDefinition/implementationguide-page","valueUri":"Organization-Acme.html"}],"reference":{"reference":"Organization/Acme"},"name":"Acme","description":"Payer Organization","exampleCanonical":"http://hl7.org/fhir/us/davinci-pdex-plan-net/StructureDefinition/plannet-Organization","groupingId":"-ex-example"},{"extension":[{"url":"http://hl7.org/fhir/StructureDefinition/implementationguide-page","valueUri":"Endpoint-AcmeOfCTPortalEndpoint.html"}],"reference":{"reference":"Endpoint/AcmeOfCTPortalEndpoint"},"name":"AcmeOfCTPortalEndpoint","description":"Endpoint for Acme of CT Portal","exampleCanonical":"http://hl7.org/fhir/us/davinci-pdex-plan-net/StructureDefinition/plannet-Endpoint","groupingId":"-ex-example"},{"extension":[{"url":"http://hl7.org/fhir/StructureDefinition/implementationguide-page","valueUri":"InsurancePlan-AcmeQHPBronze.html"}],"reference":{"reference":"InsurancePlan/AcmeQHPBronze"},"name":"AcmeQHPBronze","description":"Acme of CT QHP Bronze Plan","exampleCanonical":"http://hl7.org/fhir/us/davinci-pdex-plan-net/StructureDefinition/plannet-InsurancePlan","groupingId":"-ex-example"},{"extension":[{"url":"http://hl7.org/fhir/StructureDefinition/implementationguide-page","valueUri":"InsurancePlan-AcmeQHPGold.html"}],"reference":{"reference":"InsurancePlan/AcmeQHPGold"},"name":"AcmeQHPGold","description":"Acme of CT QHP Gold Plan","exampleCanonical":"http://hl7.org/fhir/us/davinci-pdex-plan-net/StructureDefinition/plannet-InsurancePlan","groupingId":"-ex-example"},{"extension":[{"url":"http://hl7.org/fhir/StructureDefinition/implementationguide-page","valueUri":"Organization-AcmeofCTPremNet.html"}],"reference":{"reference":"Organization/AcmeofCTPremNet"},"name":"AcmeofCTPremNet","description":"Acme of CT Premium Premium Network","exampleCanonical":"http://hl7.org/fhir/us/davinci-pdex-plan-net/StructureDefinition/plannet-Network","groupingId":"-ex-example"},{"extension":[{"url":"http://hl7.org/fhir/StructureDefinition/implementationguide-page","valueUri":"Organization-AcmeofCTStdNet.html"}],"reference":{"reference":"Organization/AcmeofCTStdNet"},"name":"AcmeofCTStdNet","description":"Acme of CT Standard Network","exampleCanonical":"http://hl7.org/fhir/us/davinci-pdex-plan-net/StructureDefinition/plannet-Network","groupingId":"-ex-example"},{"extension":[{"url":"http://hl7.org/fhir/StructureDefinition/implementationguide-page","valueUri":"PractitionerRole-AnonRole.html"}],"reference":{"reference":"PractitionerRole/AnonRole"},"name":"AnonRole","description":"Practitioner role that doesn't refer to a specific practitioner","exampleCanonical":"http://hl7.org/fhir/us/davinci-pdex-plan-net/StructureDefinition/plannet-PractitionerRole","groupingId":"-ex-example"},{"extension":[{"url":"http://hl7.org/fhir/StructureDefinition/implementationguide-page","valueUri":"Organization-BigBox.html"}],"reference":{"reference":"Organization/BigBox"},"name":"BigBox","description":"Organization that Manages 2 of PharmChain's pharmacies","exampleCanonical":"http://hl7.org/fhir/us/davinci-pdex-plan-net/StructureDefinition/plannet-Organization","groupingId":"-ex-example"},{"extension":[{"url":"http://hl7.org/fhir/StructureDefinition/implementationguide-page","valueUri":"Organization-BurrClinic.html"}],"reference":{"reference":"Organization/BurrClinic"},"name":"BurrClinic","description":"Burr Clinic provides service to Hartford Hospital","exampleCanonical":"http://hl7.org/fhir/us/davinci-pdex-plan-net/StructureDefinition/plannet-Organization","groupingId":"-ex-example"},{"extension":[{"url":"http://hl7.org/fhir/StructureDefinition/implementationguide-page","valueUri":"OrganizationAffiliation-BurrClinicAffil.html"}],"reference":{"reference":"OrganizationAffiliation/BurrClinicAffil"},"name":"BurrClinicAffil","description":"Burr Clinic's affiliation with Acme of CT Provider Network and Hartford General Hospital","exampleCanonical":"http://hl7.org/fhir/us/davinci-pdex-plan-net/StructureDefinition/plannet-OrganizationAffiliation","groupingId":"-ex-example"},{"extension":[{"url":"http://hl7.org/fhir/StructureDefinition/implementationguide-page","valueUri":"HealthcareService-BurrClinicServices.html"}],"reference":{"reference":"HealthcareService/BurrClinicServices"},"name":"BurrClinicServices","description":"Burr Clinic Services","exampleCanonical":"http://hl7.org/fhir/us/davinci-pdex-plan-net/StructureDefinition/plannet-HealthcareService","groupingId":"-ex-example"},{"extension":[{"url":"http://hl7.org/fhir/StructureDefinition/implementationguide-page","valueUri":"Organization-CancerClinic.html"}],"reference":{"reference":"Organization/CancerClinic"},"name":"CancerClinic","description":"HartfordCancerClinicLLC","exampleCanonical":"http://hl7.org/fhir/us/davinci-pdex-plan-net/StructureDefinition/plannet-Organization","groupingId":"-ex-example"},{"extension":[{"url":"http://hl7.org/fhir/StructureDefinition/implementationguide-page","valueUri":"Location-CancerClinicLoc.html"}],"reference":{"reference":"Location/CancerClinicLoc"},"name":"CancerClinicLoc","description":"Location1 of Cancer Clinic","exampleCanonical":"http://hl7.org/fhir/us/davinci-pdex-plan-net/StructureDefinition/plannet-Location","groupingId":"-ex-example"},{"extension":[{"url":"http://hl7.org/fhir/StructureDefinition/implementationguide-page","valueUri":"HealthcareService-CancerClinicService.html"}],"reference":{"reference":"HealthcareService/CancerClinicService"},"name":"CancerClinicService","description":"Cancer Clinic Services","exampleCanonical":"http://hl7.org/fhir/us/davinci-pdex-plan-net/StructureDefinition/plannet-HealthcareService","groupingId":"-ex-example"},{"extension":[{"url":"http://hl7.org/fhir/StructureDefinition/implementationguide-page","valueUri":"Organization-ConnHIE.html"}],"reference":{"reference":"Organization/ConnHIE"},"name":"ConnHIE","description":"Connecticut HIE","exampleCanonical":"http://hl7.org/fhir/us/davinci-pdex-plan-net/StructureDefinition/plannet-Organization","groupingId":"-ex-example"},{"extension":[{"url":"http://hl7.org/fhir/StructureDefinition/implementationguide-page","valueUri":"OrganizationAffiliation-ConnHIEAffil.html"}],"reference":{"reference":"OrganizationAffiliation/ConnHIEAffil"},"name":"ConnHIEAffil","description":"Burr Clinic's affiliation with Conn HIE","exampleCanonical":"http://hl7.org/fhir/us/davinci-pdex-plan-net/StructureDefinition/plannet-OrganizationAffiliation","groupingId":"-ex-example"},{"extension":[{"url":"http://hl7.org/fhir/StructureDefinition/implementationguide-page","valueUri":"Practitioner-Counselor.html"}],"reference":{"reference":"Practitioner/Counselor"},"name":"Counselor","description":"Counselor Susie Smith","exampleCanonical":"http://hl7.org/fhir/us/davinci-pdex-plan-net/StructureDefinition/plannet-Practitioner","groupingId":"-ex-example"},{"extension":[{"url":"http://hl7.org/fhir/StructureDefinition/implementationguide-page","valueUri":"PractitionerRole-CounselorRole1.html"}],"reference":{"reference":"PractitionerRole/CounselorRole1"},"name":"CounselorRole1","description":"Susie  Smith is a counselor via Telemedicine","exampleCanonical":"http://hl7.org/fhir/us/davinci-pdex-plan-net/StructureDefinition/plannet-PractitionerRole","groupingId":"-ex-example"},{"extension":[{"url":"http://hl7.org/fhir/StructureDefinition/implementationguide-page","valueUri":"Organization-HamiltonClinic.html"}],"reference":{"reference":"Organization/HamiltonClinic"},"name":"HamiltonClinic","description":"Hamilton Clinic (a Division of Hartford Hospital)","exampleCanonical":"http://hl7.org/fhir/us/davinci-pdex-plan-net/StructureDefinition/plannet-Organization","groupingId":"-ex-example"},{"extension":[{"url":"http://hl7.org/fhir/StructureDefinition/implementationguide-page","valueUri":"OrganizationAffiliation-HamiltonClinicAffil.html"}],"reference":{"reference":"OrganizationAffiliation/HamiltonClinicAffil"},"name":"HamiltonClinicAffil","description":"Hamilton Clinic's affiliation with Acme of CT Provider Network and Hartford General Hospital","exampleCanonical":"http://hl7.org/fhir/us/davinci-pdex-plan-net/StructureDefinition/plannet-OrganizationAffiliation","groupingId":"-ex-example"},{"extension":[{"url":"http://hl7.org/fhir/StructureDefinition/implementationguide-page","valueUri":"HealthcareService-HamiltonClinicServices.html"}],"reference":{"reference":"HealthcareService/HamiltonClinicServices"},"name":"HamiltonClinicServices","description":"Hamilton Clinic Services","exampleCanonical":"http://hl7.org/fhir/us/davinci-pdex-plan-net/StructureDefinition/plannet-HealthcareService","groupingId":"-ex-example"},{"extension":[{"url":"http://hl7.org/fhir/StructureDefinition/implementationguide-page","valueUri":"Practitioner-HansSolo.html"}],"reference":{"reference":"Practitioner/HansSolo"},"name":"HansSolo","description":"Solo Practitioner Hans Solo","exampleCanonical":"http://hl7.org/fhir/us/davinci-pdex-plan-net/StructureDefinition/plannet-Practitioner","groupingId":"-ex-example"},{"extension":[{"url":"http://hl7.org/fhir/StructureDefinition/implementationguide-page","valueUri":"Location-HansSoloClinic.html"}],"reference":{"reference":"Location/HansSoloClinic"},"name":"HansSoloClinic","description":"Location of Hans Solo's clinic","exampleCanonical":"http://hl7.org/fhir/us/davinci-pdex-plan-net/StructureDefinition/plannet-Location","groupingId":"-ex-example"},{"extension":[{"url":"http://hl7.org/fhir/StructureDefinition/implementationguide-page","valueUri":"PractitionerRole-HansSoloRole1.html"}],"reference":{"reference":"PractitionerRole/HansSoloRole1"},"name":"HansSoloRole1","description":"Hans Solo is a solo practitioner","exampleCanonical":"http://hl7.org/fhir/us/davinci-pdex-plan-net/StructureDefinition/plannet-PractitionerRole","groupingId":"-ex-example"},{"extension":[{"url":"http://hl7.org/fhir/StructureDefinition/implementationguide-page","valueUri":"HealthcareService-HansSoloService.html"}],"reference":{"reference":"HealthcareService/HansSoloService"},"name":"HansSoloService","description":"Hans Solo Services","exampleCanonical":"http://hl7.org/fhir/us/davinci-pdex-plan-net/StructureDefinition/plannet-HealthcareService","groupingId":"-ex-example"},{"extension":[{"url":"http://hl7.org/fhir/StructureDefinition/implementationguide-page","valueUri":"OrganizationAffiliation-HartfordOrthopedicAffil.html"}],"reference":{"reference":"OrganizationAffiliation/HartfordOrthopedicAffil"},"name":"HartfordOrthopedicAffil","description":"Hartford Orthopedic Services affiliation with Acme of CT Provider Network and Hartford General Hospital","exampleCanonical":"http://hl7.org/fhir/us/davinci-pdex-plan-net/StructureDefinition/plannet-OrganizationAffiliation","groupingId":"-ex-example"},{"extension":[{"url":"http://hl7.org/fhir/StructureDefinition/implementationguide-page","valueUri":"HealthcareService-HartfordOrthopedicServices.html"}],"reference":{"reference":"HealthcareService/HartfordOrthopedicServices"},"name":"HartfordOrthopedicServices","description":"Hartford Orthopedic Services","exampleCanonical":"http://hl7.org/fhir/us/davinci-pdex-plan-net/StructureDefinition/plannet-HealthcareService","groupingId":"-ex-example"},{"extension":[{"url":"http://hl7.org/fhir/StructureDefinition/implementationguide-page","valueUri":"Organization-HartfordOrthopedics.html"}],"reference":{"reference":"Organization/HartfordOrthopedics"},"name":"HartfordOrthopedics","description":"Hartford Orthpedic Services is a group providing Orthpods for Acme of CT at Hartford General Hospital","exampleCanonical":"http://hl7.org/fhir/us/davinci-pdex-plan-net/StructureDefinition/plannet-Organization","groupingId":"-ex-example"},{"extension":[{"url":"http://hl7.org/fhir/StructureDefinition/implementationguide-page","valueUri":"HealthcareService-HospERService.html"}],"reference":{"reference":"HealthcareService/HospERService"},"name":"HospERService","description":"Hartford General Hospital ER","exampleCanonical":"http://hl7.org/fhir/us/davinci-pdex-plan-net/StructureDefinition/plannet-HealthcareService","groupingId":"-ex-example"},{"extension":[{"url":"http://hl7.org/fhir/StructureDefinition/implementationguide-page","valueUri":"Location-HospLoc1.html"}],"reference":{"reference":"Location/HospLoc1"},"name":"HospLoc1","description":"Location1 of Hartford Hospital","exampleCanonical":"http://hl7.org/fhir/us/davinci-pdex-plan-net/StructureDefinition/plannet-Location","groupingId":"-ex-example"},{"extension":[{"url":"http://hl7.org/fhir/StructureDefinition/implementationguide-page","valueUri":"Location-HospLoc2.html"}],"reference":{"reference":"Location/HospLoc2"},"name":"HospLoc2","description":"Location2 of Hartford Hospital","exampleCanonical":"http://hl7.org/fhir/us/davinci-pdex-plan-net/StructureDefinition/plannet-Location","groupingId":"-ex-example"},{"extension":[{"url":"http://hl7.org/fhir/StructureDefinition/implementationguide-page","valueUri":"Organization-Hospital.html"}],"reference":{"reference":"Organization/Hospital"},"name":"Hospital","description":"Hartford General Hospital","exampleCanonical":"http://hl7.org/fhir/us/davinci-pdex-plan-net/StructureDefinition/plannet-Organization","groupingId":"-ex-example"},{"extension":[{"url":"http://hl7.org/fhir/StructureDefinition/implementationguide-page","valueUri":"Practitioner-JoeSmith.html"}],"reference":{"reference":"Practitioner/JoeSmith"},"name":"JoeSmith","description":"Practitioner Dr Joe Smith","exampleCanonical":"http://hl7.org/fhir/us/davinci-pdex-plan-net/StructureDefinition/plannet-Practitioner","groupingId":"-ex-example"},{"extension":[{"url":"http://hl7.org/fhir/StructureDefinition/implementationguide-page","valueUri":"PractitionerRole-JoeSmithRole1.html"}],"reference":{"reference":"PractitionerRole/JoeSmithRole1"},"name":"JoeSmithRole1","description":"Dr Smith moonlighting as ER Doc at Hartford Hospital","exampleCanonical":"http://hl7.org/fhir/us/davinci-pdex-plan-net/StructureDefinition/plannet-PractitionerRole","groupingId":"-ex-example"},{"extension":[{"url":"http://hl7.org/fhir/StructureDefinition/implementationguide-page","valueUri":"PractitionerRole-JoeSmithRole2.html"}],"reference":{"reference":"PractitionerRole/JoeSmithRole2"},"name":"JoeSmithRole2","description":"Dr Smith Internal Medicine at Burr Clinic","exampleCanonical":"http://hl7.org/fhir/us/davinci-pdex-plan-net/StructureDefinition/plannet-PractitionerRole","groupingId":"-ex-example"},{"extension":[{"url":"http://hl7.org/fhir/StructureDefinition/implementationguide-page","valueUri":"PractitionerRole-JoeSmithRole3.html"}],"reference":{"reference":"PractitionerRole/JoeSmithRole3"},"name":"JoeSmithRole3","description":"Dr Smith Admitting Privileges at Hartford General","exampleCanonical":"http://hl7.org/fhir/us/davinci-pdex-plan-net/StructureDefinition/plannet-PractitionerRole","groupingId":"-ex-example"},{"extension":[{"url":"http://hl7.org/fhir/StructureDefinition/implementationguide-page","valueUri":"Organization-PharmChain.html"}],"reference":{"reference":"Organization/PharmChain"},"name":"PharmChain","description":"Organization that Provides Pharmacy Services","exampleCanonical":"http://hl7.org/fhir/us/davinci-pdex-plan-net/StructureDefinition/plannet-Organization","groupingId":"-ex-example"},{"extension":[{"url":"http://hl7.org/fhir/StructureDefinition/implementationguide-page","valueUri":"OrganizationAffiliation-PharmChainAffil1.html"}],"reference":{"reference":"OrganizationAffiliation/PharmChainAffil1"},"name":"PharmChainAffil1","description":"Organization Affiliation for PharmChain (Retail)","exampleCanonical":"http://hl7.org/fhir/us/davinci-pdex-plan-net/StructureDefinition/plannet-OrganizationAffiliation","groupingId":"-ex-example"},{"extension":[{"url":"http://hl7.org/fhir/StructureDefinition/implementationguide-page","valueUri":"OrganizationAffiliation-PharmChainAffil2.html"}],"reference":{"reference":"OrganizationAffiliation/PharmChainAffil2"},"name":"PharmChainAffil2","description":"Organization Affiliation for PharmChain (Compounding)","exampleCanonical":"http://hl7.org/fhir/us/davinci-pdex-plan-net/StructureDefinition/plannet-OrganizationAffiliation","groupingId":"-ex-example"},{"extension":[{"url":"http://hl7.org/fhir/StructureDefinition/implementationguide-page","valueUri":"OrganizationAffiliation-PharmChainAffil3.html"}],"reference":{"reference":"OrganizationAffiliation/PharmChainAffil3"},"name":"PharmChainAffil3","description":"Organization Affiliation for PharmChain (MailOrder)","exampleCanonical":"http://hl7.org/fhir/us/davinci-pdex-plan-net/StructureDefinition/plannet-OrganizationAffiliation","groupingId":"-ex-example"},{"extension":[{"url":"http://hl7.org/fhir/StructureDefinition/implementationguide-page","valueUri":"HealthcareService-PharmChainCompService.html"}],"reference":{"reference":"HealthcareService/PharmChainCompService"},"name":"PharmChainCompService","description":"Compound Pharmacy Service provided by PharmacyOrganization A","exampleCanonical":"http://hl7.org/fhir/us/davinci-pdex-plan-net/StructureDefinition/plannet-HealthcareService","groupingId":"-ex-example"},{"extension":[{"url":"http://hl7.org/fhir/StructureDefinition/implementationguide-page","valueUri":"HealthcareService-PharmChainMailService.html"}],"reference":{"reference":"HealthcareService/PharmChainMailService"},"name":"PharmChainMailService","description":"Mail Order Pharmacy Service provided by PharmacyOrganization A","exampleCanonical":"http://hl7.org/fhir/us/davinci-pdex-plan-net/StructureDefinition/plannet-HealthcareService","groupingId":"-ex-example"},{"extension":[{"url":"http://hl7.org/fhir/StructureDefinition/implementationguide-page","valueUri":"HealthcareService-PharmChainRetailService.html"}],"reference":{"reference":"HealthcareService/PharmChainRetailService"},"name":"PharmChainRetailService","description":"Pharmacy Service provided by PharmChain","exampleCanonical":"http://hl7.org/fhir/us/davinci-pdex-plan-net/StructureDefinition/plannet-HealthcareService","groupingId":"-ex-example"},{"extension":[{"url":"http://hl7.org/fhir/StructureDefinition/implementationguide-page","valueUri":"Location-PharmLoc1.html"}],"reference":{"reference":"Location/PharmLoc1"},"name":"PharmLoc1","description":"Location of Pharmacy1 in PharmChain's network","exampleCanonical":"http://hl7.org/fhir/us/davinci-pdex-plan-net/StructureDefinition/plannet-Location","groupingId":"-ex-example"},{"extension":[{"url":"http://hl7.org/fhir/StructureDefinition/implementationguide-page","valueUri":"Location-PharmLoc2.html"}],"reference":{"reference":"Location/PharmLoc2"},"name":"PharmLoc2","description":"Location of Pharmacy2 in PharmChain's network","exampleCanonical":"http://hl7.org/fhir/us/davinci-pdex-plan-net/StructureDefinition/plannet-Location","groupingId":"-ex-example"},{"extension":[{"url":"http://hl7.org/fhir/StructureDefinition/implementationguide-page","valueUri":"Location-PharmLoc3.html"}],"reference":{"reference":"Location/PharmLoc3"},"name":"PharmLoc3","description":"Location of Pharmacy3 in PharmChain's network","exampleCanonical":"http://hl7.org/fhir/us/davinci-pdex-plan-net/StructureDefinition/plannet-Location","groupingId":"-ex-example"},{"extension":[{"url":"http://hl7.org/fhir/StructureDefinition/implementationguide-page","valueUri":"Location-PharmLoc4.html"}],"reference":{"reference":"Location/PharmLoc4"},"name":"PharmLoc4","description":"Location of Pharmacy4 in PharmChain's network","exampleCanonical":"http://hl7.org/fhir/us/davinci-pdex-plan-net/StructureDefinition/plannet-Location","groupingId":"-ex-example"},{"extension":[{"url":"http://hl7.org/fhir/StructureDefinition/implementationguide-page","valueUri":"Location-StateOfCTLocation.html"}],"reference":{"reference":"Location/StateOfCTLocation"},"name":"StateOfCTLocation","description":"State of CT Area","exampleCanonical":"http://hl7.org/fhir/us/davinci-pdex-plan-net/StructureDefinition/plannet-Location","groupingId":"-ex-example"},{"extension":[{"url":"http://hl7.org/fhir/StructureDefinition/implementationguide-page","valueUri":"HealthcareService-VirtualCounselService.html"}],"reference":{"reference":"HealthcareService/VirtualCounselService"},"name":"VirtualCounselService","description":"Virtual Counseling Service","exampleCanonical":"http://hl7.org/fhir/us/davinci-pdex-plan-net/StructureDefinition/plannet-HealthcareService","groupingId":"-ex-example"},{"extension":[{"url":"http://hl7.org/fhir/StructureDefinition/implementationguide-page","valueUri":"CapabilityStatement-plan-net.html"}],"reference":{"reference":"CapabilityStatement/plan-net"},"name":"Plan-Net CapabilityStatement","description":"This Section describes the expected capabilities of the Plan-Net Server actor which is responsible for providing responses to the queries submitted by the Plan-Net Requestors. The complete list of FHIR profiles, RESTful operations, and search parameters supported by Plan-Net Servers are defined. Systems implementing this capability statement should meet the CMS FInal Rule requirement for provider directory access.  Plan-Net  Clients can use the required capabilities to access necessary data based on their local use cases and other contextual requirements.","exampleBoolean":false,"groupingId":"-dyn-capabilitystatement"},{"extension":[{"url":"http://hl7.org/fhir/StructureDefinition/implementationguide-page","valueUri":"SearchParameter-endpoint-organization.html"}],"reference":{"reference":"SearchParameter/endpoint-organization"},"name":"Plannet_sp_endpoint_organization","description":"Select Endpoints managed by the specified organization","exampleBoolean":false,"groupingId":"-dyn-searchparameter"},{"extension":[{"url":"http://hl7.org/fhir/StructureDefinition/implementationguide-page","valueUri":"SearchParameter-healthcareservice-coverage-area.html"}],"reference":{"reference":"SearchParameter/healthcareservice-coverage-area"},"name":"Plannet_sp_healthcareservice_coverage_area","description":"Select services available in a region described by the specified location","exampleBoolean":false,"groupingId":"-dyn-searchparameter"},{"extension":[{"url":"http://hl7.org/fhir/StructureDefinition/implementationguide-page","valueUri":"SearchParameter-healthcareservice-organization.html"}],"reference":{"reference":"SearchParameter/healthcareservice-organization"},"name":"Plannet_sp_healthcareservice_organization","description":"Select HealthcareServices provided by the specified organization","exampleBoolean":false,"groupingId":"-dyn-searchparameter"},{"extension":[{"url":"http://hl7.org/fhir/StructureDefinition/implementationguide-page","valueUri":"SearchParameter-healthcareservice-endpoint.html"}],"reference":{"reference":"SearchParameter/healthcareservice-endpoint"},"name":"Plannet_sp_healthcareservice_endpoint","description":"Select HealthcareServices with the specified endpoint","exampleBoolean":false,"groupingId":"-dyn-searchparameter"},{"extension":[{"url":"http://hl7.org/fhir/StructureDefinition/implementationguide-page","valueUri":"SearchParameter-healthcareservice-location.html"}],"reference":{"reference":"SearchParameter/healthcareservice-location"},"name":"Plannet_sp_healthcareservice_location","description":"Select HealthcareServices available at the specified location","exampleBoolean":false,"groupingId":"-dyn-searchparameter"},{"extension":[{"url":"http://hl7.org/fhir/StructureDefinition/implementationguide-page","valueUri":"SearchParameter-healthcareservice-name.html"}],"reference":{"reference":"SearchParameter/healthcareservice-name"},"name":"Plannet_sp_healthcareservice_name","description":"Select HealthcareServices with the specified name","exampleBoolean":false,"groupingId":"-dyn-searchparameter"},{"extension":[{"url":"http://hl7.org/fhir/StructureDefinition/implementationguide-page","valueUri":"SearchParameter-healthcareservice-service-category.html"}],"reference":{"reference":"SearchParameter/healthcareservice-service-category"},"name":"Plannet_sp_healthcareservice_category","description":"Select HealthcareServices providing the specified category of services","exampleBoolean":false,"groupingId":"-dyn-searchparameter"},{"extension":[{"url":"http://hl7.org/fhir/StructureDefinition/implementationguide-page","valueUri":"SearchParameter-healthcareservice-service-type.html"}],"reference":{"reference":"SearchParameter/healthcareservice-service-type"},"name":"Plannet_sp_healthcareservice_type","description":"Select HealthcareServices of the specified type","exampleBoolean":false,"groupingId":"-dyn-searchparameter"},{"extension":[{"url":"http://hl7.org/fhir/StructureDefinition/implementationguide-page","valueUri":"SearchParameter-healthcareservice-specialty.html"}],"reference":{"reference":"SearchParameter/healthcareservice-specialty"},"name":"Plannet_sp_healthcareservice_specialty","description":"Select services associated with the specified specialty","exampleBoolean":false,"groupingId":"-dyn-searchparameter"},{"extension":[{"url":"http://hl7.org/fhir/StructureDefinition/implementationguide-page","valueUri":"SearchParameter-insuranceplan-administered-by.html"}],"reference":{"reference":"SearchParameter/insuranceplan-administered-by"},"name":"Plannet_sp_insuranceplan_administered_by","description":"Select products that are administered by the specified organization","exampleBoolean":false,"groupingId":"-dyn-searchparameter"},{"extension":[{"url":"http://hl7.org/fhir/StructureDefinition/implementationguide-page","valueUri":"SearchParameter-insuranceplan-coverage-area.html"}],"reference":{"reference":"SearchParameter/insuranceplan-coverage-area"},"name":"Plannet_sp_insuranceplan_coverage_area","description":"Select products that are offered in the specified location","exampleBoolean":false,"groupingId":"-dyn-searchparameter"},{"extension":[{"url":"http://hl7.org/fhir/StructureDefinition/implementationguide-page","valueUri":"SearchParameter-insuranceplan-identifier.html"}],"reference":{"reference":"SearchParameter/insuranceplan-identifier"},"name":"Plannet_sp_insuranceplan_identifier","description":"Select products with the specified identifier","exampleBoolean":false,"groupingId":"-dyn-searchparameter"},{"extension":[{"url":"http://hl7.org/fhir/StructureDefinition/implementationguide-page","valueUri":"SearchParameter-insuranceplan-name.html"}],"reference":{"reference":"SearchParameter/insuranceplan-name"},"name":"Plannet_sp_insuranceplan_name","description":"Select products with the specified name","exampleBoolean":false,"groupingId":"-dyn-searchparameter"},{"extension":[{"url":"http://hl7.org/fhir/StructureDefinition/implementationguide-page","valueUri":"SearchParameter-insuranceplan-owned-by.html"}],"reference":{"reference":"SearchParameter/insuranceplan-owned-by"},"name":"Plannet_sp_insuranceplan_owned_by","description":"Select products that are owned by the specified organization","exampleBoolean":false,"groupingId":"-dyn-searchparameter"},{"extension":[{"url":"http://hl7.org/fhir/StructureDefinition/implementationguide-page","valueUri":"SearchParameter-insuranceplan-plan-type.html"}],"reference":{"reference":"SearchParameter/insuranceplan-plan-type"},"name":"Plannet_sp_insuranceplan_plan_type","description":"Select plans of the specified type","exampleBoolean":false,"groupingId":"-dyn-searchparameter"},{"extension":[{"url":"http://hl7.org/fhir/StructureDefinition/implementationguide-page","valueUri":"SearchParameter-insuranceplan-type.html"}],"reference":{"reference":"SearchParameter/insuranceplan-type"},"name":"Plannet_sp_insuranceplan_type","description":"Select insurance plans of the specified type","exampleBoolean":false,"groupingId":"-dyn-searchparameter"},{"extension":[{"url":"http://hl7.org/fhir/StructureDefinition/implementationguide-page","valueUri":"SearchParameter-location-address-city.html"}],"reference":{"reference":"SearchParameter/location-address-city"},"name":"Plannet_sp_location_address_city","description":"Select Locations with the specified address.city","exampleBoolean":false,"groupingId":"-dyn-searchparameter"},{"extension":[{"url":"http://hl7.org/fhir/StructureDefinition/implementationguide-page","valueUri":"SearchParameter-location-address-postalcode.html"}],"reference":{"reference":"SearchParameter/location-address-postalcode"},"name":"Plannet_sp_location_address_postalcode","description":"Select Locations with the specified address","exampleBoolean":false,"groupingId":"-dyn-searchparameter"},{"extension":[{"url":"http://hl7.org/fhir/StructureDefinition/implementationguide-page","valueUri":"SearchParameter-location-address-state.html"}],"reference":{"reference":"SearchParameter/location-address-state"},"name":"Plannet_sp_location_address_state","description":"Select Locations with the specified address.state","exampleBoolean":false,"groupingId":"-dyn-searchparameter"},{"extension":[{"url":"http://hl7.org/fhir/StructureDefinition/implementationguide-page","valueUri":"SearchParameter-location-address.html"}],"reference":{"reference":"SearchParameter/location-address"},"name":"Plannet_sp_location_address","description":"Select Locations with the specified address","exampleBoolean":false,"groupingId":"-dyn-searchparameter"},{"extension":[{"url":"http://hl7.org/fhir/StructureDefinition/implementationguide-page","valueUri":"SearchParameter-location-endpoint.html"}],"reference":{"reference":"SearchParameter/location-endpoint"},"name":"Plannet_sp_location_endpoint","description":"Select Locations with the specified endpoint","exampleBoolean":false,"groupingId":"-dyn-searchparameter"},{"extension":[{"url":"http://hl7.org/fhir/StructureDefinition/implementationguide-page","valueUri":"SearchParameter-location-organization.html"}],"reference":{"reference":"SearchParameter/location-organization"},"name":"Plannet_sp_location_organization","description":"Select Locations managed by the specified organization","exampleBoolean":false,"groupingId":"-dyn-searchparameter"},{"extension":[{"url":"http://hl7.org/fhir/StructureDefinition/implementationguide-page","valueUri":"SearchParameter-location-partof.html"}],"reference":{"reference":"SearchParameter/location-partof"},"name":"Plannet_sp_location_partof","description":"Select Locations that are part of the specified location","exampleBoolean":false,"groupingId":"-dyn-searchparameter"},{"extension":[{"url":"http://hl7.org/fhir/StructureDefinition/implementationguide-page","valueUri":"SearchParameter-location-type.html"}],"reference":{"reference":"SearchParameter/location-type"},"name":"Plannet_sp_location_type","description":"Select Locations of the specified type","exampleBoolean":false,"groupingId":"-dyn-searchparameter"},{"extension":[{"url":"http://hl7.org/fhir/StructureDefinition/implementationguide-page","valueUri":"SearchParameter-organization-address.html"}],"reference":{"reference":"SearchParameter/organization-address"},"name":"Plannet_sp_organization_address","description":"Select organizations with the specified address (matches any of the string elements of an address)","exampleBoolean":false,"groupingId":"-dyn-searchparameter"},{"extension":[{"url":"http://hl7.org/fhir/StructureDefinition/implementationguide-page","valueUri":"SearchParameter-organization-coverage-area.html"}],"reference":{"reference":"SearchParameter/organization-coverage-area"},"name":"Plannet_sp_network_coverage_area","description":"Select health insurance provider networks available in a region described by the specified location","exampleBoolean":false,"groupingId":"-dyn-searchparameter"},{"extension":[{"url":"http://hl7.org/fhir/StructureDefinition/implementationguide-page","valueUri":"SearchParameter-organization-endpoint.html"}],"reference":{"reference":"SearchParameter/organization-endpoint"},"name":"Plannet_sp_organization_endpoint","description":"Select Organizations with the specified endpoint","exampleBoolean":false,"groupingId":"-dyn-searchparameter"},{"extension":[{"url":"http://hl7.org/fhir/StructureDefinition/implementationguide-page","valueUri":"SearchParameter-organization-name.html"}],"reference":{"reference":"SearchParameter/organization-name"},"name":"Plannet_sp_organization_name","description":"Select Organizations with the specified name","exampleBoolean":false,"groupingId":"-dyn-searchparameter"},{"extension":[{"url":"http://hl7.org/fhir/StructureDefinition/implementationguide-page","valueUri":"SearchParameter-organization-partof.html"}],"reference":{"reference":"SearchParameter/organization-partof"},"name":"Plannet_sp_organization_partof","description":"Select Organizations that are part of the specified organization","exampleBoolean":false,"groupingId":"-dyn-searchparameter"},{"extension":[{"url":"http://hl7.org/fhir/StructureDefinition/implementationguide-page","valueUri":"SearchParameter-organization-type.html"}],"reference":{"reference":"SearchParameter/organization-type"},"name":"Plannet_sp_organization_type","description":"Select Organizations of the specified type","exampleBoolean":false,"groupingId":"-dyn-searchparameter"},{"extension":[{"url":"http://hl7.org/fhir/StructureDefinition/implementationguide-page","valueUri":"SearchParameter-organizationaffiliation-endpoint.html"}],"reference":{"reference":"SearchParameter/organizationaffiliation-endpoint"},"name":"Plannet_sp_organizationaffiliation_endpoint","description":"Select OrganizationAffiliations with the specified endpoint","exampleBoolean":false,"groupingId":"-dyn-searchparameter"},{"extension":[{"url":"http://hl7.org/fhir/StructureDefinition/implementationguide-page","valueUri":"SearchParameter-organizationaffiliation-location.html"}],"reference":{"reference":"SearchParameter/organizationaffiliation-location"},"name":"Plannet_sp_organizationaffiliation_location","description":"Select OrganizationAffiliations available at the specified location","exampleBoolean":false,"groupingId":"-dyn-searchparameter"},{"extension":[{"url":"http://hl7.org/fhir/StructureDefinition/implementationguide-page","valueUri":"SearchParameter-organizationaffiliation-network.html"}],"reference":{"reference":"SearchParameter/organizationaffiliation-network"},"name":"Plannet_sp_organizationaffiliation_network","description":"Select roles where the organization is a member of the specified health insurance provider network","exampleBoolean":false,"groupingId":"-dyn-searchparameter"},{"extension":[{"url":"http://hl7.org/fhir/StructureDefinition/implementationguide-page","valueUri":"SearchParameter-organizationaffiliation-participating-organization.html"}],"reference":{"reference":"SearchParameter/organizationaffiliation-participating-organization"},"name":"Plannet_sp_organizationaffiliation_participating_organization","description":"Select roles filled by the specified organization","exampleBoolean":false,"groupingId":"-dyn-searchparameter"},{"extension":[{"url":"http://hl7.org/fhir/StructureDefinition/implementationguide-page","valueUri":"SearchParameter-organizationaffiliation-period.html"}],"reference":{"reference":"SearchParameter/organizationaffiliation-period"},"name":"Plannet_sp_organizationaffiliation_period","description":"Select Organization Affiliations available in the specified period","exampleBoolean":false,"groupingId":"-dyn-searchparameter"},{"extension":[{"url":"http://hl7.org/fhir/StructureDefinition/implementationguide-page","valueUri":"SearchParameter-organizationaffiliation-primary-organization.html"}],"reference":{"reference":"SearchParameter/organizationaffiliation-primary-organization"},"name":"Plannet_sp_organizationaffiliation_primary_organization","description":"Select roles offered by the specified organization","exampleBoolean":false,"groupingId":"-dyn-searchparameter"},{"extension":[{"url":"http://hl7.org/fhir/StructureDefinition/implementationguide-page","valueUri":"SearchParameter-organizationaffiliation-role.html"}],"reference":{"reference":"SearchParameter/organizationaffiliation-role"},"name":"Plannet_sp_organizationaffiliation_role","description":"Select OrganizationAffiliations with the specified role","exampleBoolean":false,"groupingId":"-dyn-searchparameter"},{"extension":[{"url":"http://hl7.org/fhir/StructureDefinition/implementationguide-page","valueUri":"SearchParameter-organizationaffiliation-service.html"}],"reference":{"reference":"SearchParameter/organizationaffiliation-service"},"name":"Plannet_sp_organizationaffiliation_service","description":"Select OrganizationAffiliations providing the specified service","exampleBoolean":false,"groupingId":"-dyn-searchparameter"},{"extension":[{"url":"http://hl7.org/fhir/StructureDefinition/implementationguide-page","valueUri":"SearchParameter-organizationaffiliation-specialty.html"}],"reference":{"reference":"SearchParameter/organizationaffiliation-specialty"},"name":"Plannet_sp_organizationaffiliation_specialty","description":"Select OrganizationAffiliations associated with the specified specialty","exampleBoolean":false,"groupingId":"-dyn-searchparameter"},{"extension":[{"url":"http://hl7.org/fhir/StructureDefinition/implementationguide-page","valueUri":"SearchParameter-practitioner-family-name.html"}],"reference":{"reference":"SearchParameter/practitioner-family-name"},"name":"Plannet_sp_practitioner_family_name","description":"Select Practitioners with the specified family name","exampleBoolean":false,"groupingId":"-dyn-searchparameter"},{"extension":[{"url":"http://hl7.org/fhir/StructureDefinition/implementationguide-page","valueUri":"SearchParameter-practitioner-given-name.html"}],"reference":{"reference":"SearchParameter/practitioner-given-name"},"name":"Plannet_sp_practitioner_given_name","description":"Select Practitioners with the specified given name","exampleBoolean":false,"groupingId":"-dyn-searchparameter"},{"extension":[{"url":"http://hl7.org/fhir/StructureDefinition/implementationguide-page","valueUri":"SearchParameter-practitioner-name.html"}],"reference":{"reference":"SearchParameter/practitioner-name"},"name":"Plannet_sp_practitioner_name","description":"Select Practitioners with the specified name (matches against any of the elements in the HumanName data type)","exampleBoolean":false,"groupingId":"-dyn-searchparameter"},{"extension":[{"url":"http://hl7.org/fhir/StructureDefinition/implementationguide-page","valueUri":"SearchParameter-practitionerrole-endpoint.html"}],"reference":{"reference":"SearchParameter/practitionerrole-endpoint"},"name":"Plannet_sp_practitionerrole_endpoint","description":"Select PractitionerRoles with the specified endpoint","exampleBoolean":false,"groupingId":"-dyn-searchparameter"},{"extension":[{"url":"http://hl7.org/fhir/StructureDefinition/implementationguide-page","valueUri":"SearchParameter-practitionerrole-location.html"}],"reference":{"reference":"SearchParameter/practitionerrole-location"},"name":"Plannet_sp_practitionerrole_location","description":"Select PractitionerRoles available at the specified location","exampleBoolean":false,"groupingId":"-dyn-searchparameter"},{"extension":[{"url":"http://hl7.org/fhir/StructureDefinition/implementationguide-page","valueUri":"SearchParameter-practitionerrole-network.html"}],"reference":{"reference":"SearchParameter/practitionerrole-network"},"name":"Plannet_sp_practitionerrole_network","description":"Select roles where the practitioner is a member of the specified health insurance provider network","exampleBoolean":false,"groupingId":"-dyn-searchparameter"},{"extension":[{"url":"http://hl7.org/fhir/StructureDefinition/implementationguide-page","valueUri":"SearchParameter-practitionerrole-organization.html"}],"reference":{"reference":"SearchParameter/practitionerrole-organization"},"name":"Plannet_sp_practitionerrole_organization","description":"Select PractitionerRoles available at the specified organization","exampleBoolean":false,"groupingId":"-dyn-searchparameter"},{"extension":[{"url":"http://hl7.org/fhir/StructureDefinition/implementationguide-page","valueUri":"SearchParameter-practitionerrole-period.html"}],"reference":{"reference":"SearchParameter/practitionerrole-period"},"name":"Plannet_sp_practitionerrole_period","description":"Select PractitionerRoles available in the specified period","exampleBoolean":false,"groupingId":"-dyn-searchparameter"},{"extension":[{"url":"http://hl7.org/fhir/StructureDefinition/implementationguide-page","valueUri":"SearchParameter-practitionerrole-practitioner.html"}],"reference":{"reference":"SearchParameter/practitionerrole-practitioner"},"name":"Plannet_sp_practitionerrole_practitioner","description":"Select roles filled by the specified practitioner","exampleBoolean":false,"groupingId":"-dyn-searchparameter"},{"extension":[{"url":"http://hl7.org/fhir/StructureDefinition/implementationguide-page","valueUri":"SearchParameter-practitionerrole-role.html"}],"reference":{"reference":"SearchParameter/practitionerrole-role"},"name":"Plannet_sp_practitionerrole_role","description":"Select PractitionerRoles with the specified role","exampleBoolean":false,"groupingId":"-dyn-searchparameter"},{"extension":[{"url":"http://hl7.org/fhir/StructureDefinition/implementationguide-page","valueUri":"SearchParameter-practitionerrole-service.html"}],"reference":{"reference":"SearchParameter/practitionerrole-service"},"name":"Plannet_sp_practitionerrole_service","description":"Select PractitionerRoles providing the specified service","exampleBoolean":false,"groupingId":"-dyn-searchparameter"},{"extension":[{"url":"http://hl7.org/fhir/StructureDefinition/implementationguide-page","valueUri":"SearchParameter-practitionerrole-specialty.html"}],"reference":{"reference":"SearchParameter/practitionerrole-specialty"},"name":"Plannet_sp_practitionerrole_specialty","description":"Select PractitionerRoles associated with the specified specialty","exampleBoolean":false,"groupingId":"-dyn-searchparameter"}],"page":{"nameUrl":"toc.html","title":"Table of Contents","generation":"html","page":[{"nameUrl":"index.html","title":"Home","generation":"markdown"},{"nameUrl":"ChangeHistory.html","title":"Change History","generation":"markdown"},{"nameUrl":"downloads.html","title":"Downloads","generation":"markdown"},{"nameUrl":"examples.html","title":"Examples","generation":"html"},{"nameUrl":"implementation.html","title":"Implementation","generation":"markdown"},{"nameUrl":"profiles.html","title":"Profiles","generation":"markdown"},{"nameUrl":"artifacts.html","title":"Artifacts Summary","generation":"html","page":[{"nameUrl":"CapabilityStatement-plan-net.html","title":"Plan-Net CapabilityStatement","generation":"generated"},{"nameUrl":"SearchParameter-endpoint-organization.html","title":"Plannet_sp_endpoint_organization","generation":"generated"},{"nameUrl":"SearchParameter-healthcareservice-coverage-area.html","title":"Plannet_sp_healthcareservice_coverage_area","generation":"generated"},{"nameUrl":"SearchParameter-healthcareservice-organization.html","title":"Plannet_sp_healthcareservice_organization","generation":"generated"},{"nameUrl":"SearchParameter-healthcareservice-endpoint.html","title":"Plannet_sp_healthcareservice_endpoint","generation":"generated"},{"nameUrl":"SearchParameter-healthcareservice-location.html","title":"Plannet_sp_healthcareservice_location","generation":"generated"},{"nameUrl":"SearchParameter-healthcareservice-name.html","title":"Plannet_sp_healthcareservice_name","generation":"generated"},{"nameUrl":"SearchParameter-healthcareservice-service-category.html","title":"Plannet_sp_healthcareservice_category","generation":"generated"},{"nameUrl":"SearchParameter-healthcareservice-service-type.html","title":"Plannet_sp_healthcareservice_type","generation":"generated"},{"nameUrl":"SearchParameter-healthcareservice-specialty.html","title":"Plannet_sp_healthcareservice_specialty","generation":"generated"},{"nameUrl":"SearchParameter-insuranceplan-administered-by.html","title":"Plannet_sp_insuranceplan_administered_by","generation":"generated"},{"nameUrl":"SearchParameter-insuranceplan-coverage-area.html","title":"Plannet_sp_insuranceplan_coverage_area","generation":"generated"},{"nameUrl":"SearchParameter-insuranceplan-identifier.html","title":"Plannet_sp_insuranceplan_identifier","generation":"generated"},{"nameUrl":"SearchParameter-insuranceplan-name.html","title":"Plannet_sp_insuranceplan_name","generation":"generated"},{"nameUrl":"SearchParameter-insuranceplan-owned-by.html","title":"Plannet_sp_insuranceplan_owned_by","generation":"generated"},{"nameUrl":"SearchParameter-insuranceplan-plan-type.html","title":"Plannet_sp_insuranceplan_plan_type","generation":"generated"},{"nameUrl":"SearchParameter-insuranceplan-type.html","title":"Plannet_sp_insuranceplan_type","generation":"generated"},{"nameUrl":"SearchParameter-location-address-city.html","title":"Plannet_sp_location_address_city","generation":"generated"},{"nameUrl":"SearchParameter-location-address-postalcode.html","title":"Plannet_sp_location_address_postalcode","generation":"generated"},{"nameUrl":"SearchParameter-location-address-state.html","title":"Plannet_sp_location_address_state","generation":"generated"},{"nameUrl":"SearchParameter-location-address.html","title":"Plannet_sp_location_address","generation":"generated"},{"nameUrl":"SearchParameter-location-endpoint.html","title":"Plannet_sp_location_endpoint","generation":"generated"},{"nameUrl":"SearchParameter-location-organization.html","title":"Plannet_sp_location_organization","generation":"generated"},{"nameUrl":"SearchParameter-location-partof.html","title":"Plannet_sp_location_partof","generation":"generated"},{"nameUrl":"SearchParameter-location-type.html","title":"Plannet_sp_location_type","generation":"generated"},{"nameUrl":"SearchParameter-organization-address.html","title":"Plannet_sp_organization_address","generation":"generated"},{"nameUrl":"SearchParameter-organization-coverage-area.html","title":"Plannet_sp_network_coverage_area","generation":"generated"},{"nameUrl":"SearchParameter-organization-endpoint.html","title":"Plannet_sp_organization_endpoint","generation":"generated"},{"nameUrl":"SearchParameter-organization-name.html","title":"Plannet_sp_organization_name","generation":"generated"},{"nameUrl":"SearchParameter-organization-partof.html","title":"Plannet_sp_organization_partof","generation":"generated"},{"nameUrl":"SearchParameter-organization-type.html","title":"Plannet_sp_organization_type","generation":"generated"},{"nameUrl":"SearchParameter-organizationaffiliation-endpoint.html","title":"Plannet_sp_organizationaffiliation_endpoint","generation":"generated"},{"nameUrl":"SearchParameter-organizationaffiliation-location.html","title":"Plannet_sp_organizationaffiliation_location","generation":"generated"},{"nameUrl":"SearchParameter-organizationaffiliation-network.html","title":"Plannet_sp_organizationaffiliation_network","generation":"generated"},{"nameUrl":"SearchParameter-organizationaffiliation-participating-organization.html","title":"Plannet_sp_organizationaffiliation_participating_organization","generation":"generated"},{"nameUrl":"SearchParameter-organizationaffiliation-period.html","title":"Plannet_sp_organizationaffiliation_period","generation":"generated"},{"nameUrl":"SearchParameter-organizationaffiliation-primary-organization.html","title":"Plannet_sp_organizationaffiliation_primary_organization","generation":"generated"},{"nameUrl":"SearchParameter-organizationaffiliation-role.html","title":"Plannet_sp_organizationaffiliation_role","generation":"generated"},{"nameUrl":"SearchParameter-organizationaffiliation-service.html","title":"Plannet_sp_organizationaffiliation_service","generation":"generated"},{"nameUrl":"SearchParameter-organizationaffiliation-specialty.html","title":"Plannet_sp_organizationaffiliation_specialty","generation":"generated"},{"nameUrl":"SearchParameter-practitioner-family-name.html","title":"Plannet_sp_practitioner_family_name","generation":"generated"},{"nameUrl":"SearchParameter-practitioner-given-name.html","title":"Plannet_sp_practitioner_given_name","generation":"generated"},{"nameUrl":"SearchParameter-practitioner-name.html","title":"Plannet_sp_practitioner_name","generation":"generated"},{"nameUrl":"SearchParameter-practitionerrole-endpoint.html","title":"Plannet_sp_practitionerrole_endpoint","generation":"generated"},{"nameUrl":"SearchParameter-practitionerrole-location.html","title":"Plannet_sp_practitionerrole_location","generation":"generated"},{"nameUrl":"SearchParameter-practitionerrole-network.html","title":"Plannet_sp_practitionerrole_network","generation":"generated"},{"nameUrl":"SearchParameter-practitionerrole-organization.html","title":"Plannet_sp_practitionerrole_organization","generation":"generated"},{"nameUrl":"SearchParameter-practitionerrole-period.html","title":"Plannet_sp_practitionerrole_period","generation":"generated"},{"nameUrl":"SearchParameter-practitionerrole-practitioner.html","title":"Plannet_sp_practitionerrole_practitioner","generation":"generated"},{"nameUrl":"SearchParameter-practitionerrole-role.html","title":"Plannet_sp_practitionerrole_role","generation":"generated"},{"nameUrl":"SearchParameter-practitionerrole-service.html","title":"Plannet_sp_practitionerrole_service","generation":"generated"},{"nameUrl":"SearchParameter-practitionerrole-specialty.html","title":"Plannet_sp_practitionerrole_specialty","generation":"generated"},{"nameUrl":"StructureDefinition-plannet-Endpoint.html","title":"Plan-Net Endpoint","generation":"generated"},{"nameUrl":"StructureDefinition-plannet-HealthcareService.html","title":"Plan-Net HealthcareService","generation":"generated"},{"nameUrl":"StructureDefinition-plannet-InsurancePlan.html","title":"Plan-Net InsurancePlan","generation":"generated"},{"nameUrl":"StructureDefinition-plannet-Location.html","title":"Plan-Net Location","generation":"generated"},{"nameUrl":"StructureDefinition-plannet-Network.html","title":"Plan-Net Network","generation":"generated"},{"nameUrl":"StructureDefinition-plannet-Organization.html","title":"Plan-Net Organization","generation":"generated"},{"nameUrl":"StructureDefinition-plannet-OrganizationAffiliation.html","title":"Plan-Net OrganizationAffiliation","generation":"generated"},{"nameUrl":"StructureDefinition-plannet-Practitioner.html","title":"Plan-Net Practitioner","generation":"generated"},{"nameUrl":"StructureDefinition-plannet-PractitionerRole.html","title":"Plan-Net PractitionerRole","generation":"generated"},{"nameUrl":"StructureDefinition-accessibility.html","title":"Accessibility","generation":"generated"},{"nameUrl":"StructureDefinition-communication-proficiency.html","title":"Communication Proficiency","generation":"generated"},{"nameUrl":"StructureDefinition-contactpoint-availabletime.html","title":"Contactpoint Availabletime","generation":"generated"},{"nameUrl":"StructureDefinition-delivery-method.html","title":"Delivery Method","generation":"generated"},{"nameUrl":"StructureDefinition-endpoint-usecase.html","title":"Endpoint Usecase","generation":"generated"},{"nameUrl":"StructureDefinition-location-reference.html","title":"Location Reference","generation":"generated"},{"nameUrl":"StructureDefinition-network-reference.html","title":"Network Reference","generation":"generated"},{"nameUrl":"StructureDefinition-newpatients.html","title":"New Patients","generation":"generated"},{"nameUrl":"StructureDefinition-org-description.html","title":"Org Description","generation":"generated"},{"nameUrl":"StructureDefinition-practitioner-qualification.html","title":"Practitioner Qualification","generation":"generated"},{"nameUrl":"StructureDefinition-qualification.html","title":"Qualification","generation":"generated"},{"nameUrl":"StructureDefinition-via-intermediary.html","title":"Via Intermediary","generation":"generated"},{"nameUrl":"ValueSet-AcceptingPatientsVS.html","title":"Accepting Patients Codes VS","generation":"generated"},{"nameUrl":"ValueSet-AccessibilityVS.html","title":"Accessibility VS","generation":"generated"},{"nameUrl":"ValueSet-DeliveryMethodVS.html","title":"Delivery Methods VS","generation":"generated"},{"nameUrl":"ValueSet-EndpointConnectionTypeVS.html","title":"Endpoint Connection Types VS","generation":"generated"},{"nameUrl":"ValueSet-EndpointPayloadTypeVS.html","title":"Endpoint Payload Types VS","generation":"generated"},{"nameUrl":"ValueSet-EndpointUsecaseVS.html","title":"Endpoint Usecases VS","generation":"generated"},{"nameUrl":"ValueSet-HealthcareServiceCategoryVS.html","title":"Healthcare Service CategoryVS","generation":"generated"},{"nameUrl":"ValueSet-HealthcareServiceTypeVS.html","title":"HealthcareService Types VS","generation":"generated"},{"nameUrl":"ValueSet-IndividualAndGroupSpecialtiesVS.html","title":"Individual and Group Specialties","generation":"generated"},{"nameUrl":"ValueSet-IndividualSpecialtyAndDegreeLicenseCertificateVS.html","title":"Individual Specialties, Degrees, Licenses, and Certificates VS","generation":"generated"},{"nameUrl":"ValueSet-InsurancePlanTypeVS.html","title":"Insurance Plan TypeVS","generation":"generated"},{"nameUrl":"ValueSet-InsuranceProductTypeVS.html","title":"Insurance Product Type VS","generation":"generated"},{"nameUrl":"ValueSet-LanguageProficiencyVS.html","title":"Language Proficiency VS","generation":"generated"},{"nameUrl":"ValueSet-MinEndpointConnectionTypeVS.html","title":"Minimum Endpoint Connection Types VS","generation":"generated"},{"nameUrl":"ValueSet-NetworkTypeVS.html","title":"Network Type VS","generation":"generated"},{"nameUrl":"ValueSet-NonIndividualSpecialtiesVS.html","title":"Non-Individual Specialties","generation":"generated"},{"nameUrl":"ValueSet-NonIndividualSpecialtyAndDegreeLicenseCertificateVS.html","title":"Non-Individual Specialties, Degrees, Licenses, and Certificates VS","generation":"generated"},{"nameUrl":"ValueSet-OrgTypeVS.html","title":"Organization Type VS","generation":"generated"},{"nameUrl":"ValueSet-OrganizationAffiliationRoleVS.html","title":"OrganizationAffiliation Roles","generation":"generated"},{"nameUrl":"ValueSet-PractitionerRoleVS.html","title":"PractitionerRole Code VS","generation":"generated"},{"nameUrl":"ValueSet-QualificationStatusVS.html","title":"Qualification Status VS","generation":"generated"},{"nameUrl":"ValueSet-SpecialtiesVS.html","title":"Specialties VS","generation":"generated"},{"nameUrl":"ValueSet-SpecialtyAndDegreeLicenseCertificateVS.html","title":"Specialties, Degrees, Licenses, and Certificates VS","generation":"generated"},{"nameUrl":"ValueSet-VirtualModalitiesVS.html","title":"Virtual Modalities VS","generation":"generated"},{"nameUrl":"CodeSystem-AcceptingPatientsCS.html","title":"Accepting Patients Codes","generation":"generated"},{"nameUrl":"CodeSystem-AccessibilityCS.html","title":"Accessibility CS","generation":"generated"},{"nameUrl":"CodeSystem-DeliveryMethodCS.html","title":"Delivery Methods","generation":"generated"},{"nameUrl":"CodeSystem-EndpointConnectionTypeCS.html","title":"Endpoint Connection Types (additional)","generation":"generated"},{"nameUrl":"CodeSystem-EndpointPayloadTypeCS.html","title":"Endpoint Payload Types","generation":"generated"},{"nameUrl":"CodeSystem-HealthcareServiceCategoryCS.html","title":"Healthcare Service Category","generation":"generated"},{"nameUrl":"CodeSystem-InsurancePlanTypeCS.html","title":"Insurance Plan Type","generation":"generated"},{"nameUrl":"CodeSystem-InsuranceProductTypeCS.html","title":"Insurance Product Type","generation":"generated"},{"nameUrl":"CodeSystem-LanguageProficiencyCS.html","title":"Language Proficiency CS","generation":"generated"},{"nameUrl":"CodeSystem-OrgTypeCS.html","title":"Organization Type","generation":"generated"},{"nameUrl":"CodeSystem-OrganizationAffiliationRoleCS.html","title":"Organization Affiliation Role","generation":"generated"},{"nameUrl":"CodeSystem-ProviderRoleCS.html","title":"Provider Role Codes","generation":"generated"},{"nameUrl":"CodeSystem-QualificationStatusCS.html","title":"Qualification Status","generation":"generated"},{"nameUrl":"CodeSystem-VirtualModalitiesCS.html","title":"Virtual Modalities","generation":"generated"},{"nameUrl":"Organization-Acme.html","title":"Acme","generation":"generated"},{"nameUrl":"Endpoint-AcmeOfCTPortalEndpoint.html","title":"AcmeOfCTPortalEndpoint","generation":"generated"},{"nameUrl":"InsurancePlan-AcmeQHPBronze.html","title":"AcmeQHPBronze","generation":"generated"},{"nameUrl":"InsurancePlan-AcmeQHPGold.html","title":"AcmeQHPGold","generation":"generated"},{"nameUrl":"Organization-AcmeofCTPremNet.html","title":"AcmeofCTPremNet","generation":"generated"},{"nameUrl":"Organization-AcmeofCTStdNet.html","title":"AcmeofCTStdNet","generation":"generated"},{"nameUrl":"PractitionerRole-AnonRole.html","title":"AnonRole","generation":"generated"},{"nameUrl":"Organization-BigBox.html","title":"BigBox","generation":"generated"},{"nameUrl":"Organization-BurrClinic.html","title":"BurrClinic","generation":"generated"},{"nameUrl":"OrganizationAffiliation-BurrClinicAffil.html","title":"BurrClinicAffil","generation":"generated"},{"nameUrl":"HealthcareService-BurrClinicServices.html","title":"BurrClinicServices","generation":"generated"},{"nameUrl":"Organization-CancerClinic.html","title":"CancerClinic","generation":"generated"},{"nameUrl":"Location-CancerClinicLoc.html","title":"CancerClinicLoc","generation":"generated"},{"nameUrl":"HealthcareService-CancerClinicService.html","title":"CancerClinicService","generation":"generated"},{"nameUrl":"Organization-ConnHIE.html","title":"ConnHIE","generation":"generated"},{"nameUrl":"OrganizationAffiliation-ConnHIEAffil.html","title":"ConnHIEAffil","generation":"generated"},{"nameUrl":"Practitioner-Counselor.html","title":"Counselor","generation":"generated"},{"nameUrl":"PractitionerRole-CounselorRole1.html","title":"CounselorRole1","generation":"generated"},{"nameUrl":"Organization-HamiltonClinic.html","title":"HamiltonClinic","generation":"generated"},{"nameUrl":"OrganizationAffiliation-HamiltonClinicAffil.html","title":"HamiltonClinicAffil","generation":"generated"},{"nameUrl":"HealthcareService-HamiltonClinicServices.html","title":"HamiltonClinicServices","generation":"generated"},{"nameUrl":"Practitioner-HansSolo.html","title":"HansSolo","generation":"generated"},{"nameUrl":"Location-HansSoloClinic.html","title":"HansSoloClinic","generation":"generated"},{"nameUrl":"PractitionerRole-HansSoloRole1.html","title":"HansSoloRole1","generation":"generated"},{"nameUrl":"HealthcareService-HansSoloService.html","title":"HansSoloService","generation":"generated"},{"nameUrl":"OrganizationAffiliation-HartfordOrthopedicAffil.html","title":"HartfordOrthopedicAffil","generation":"generated"},{"nameUrl":"HealthcareService-HartfordOrthopedicServices.html","title":"HartfordOrthopedicServices","generation":"generated"},{"nameUrl":"Organization-HartfordOrthopedics.html","title":"HartfordOrthopedics","generation":"generated"},{"nameUrl":"HealthcareService-HospERService.html","title":"HospERService","generation":"generated"},{"nameUrl":"Location-HospLoc1.html","title":"HospLoc1","generation":"generated"},{"nameUrl":"Location-HospLoc2.html","title":"HospLoc2","generation":"generated"},{"nameUrl":"Organization-Hospital.html","title":"Hospital","generation":"generated"},{"nameUrl":"Practitioner-JoeSmith.html","title":"JoeSmith","generation":"generated"},{"nameUrl":"PractitionerRole-JoeSmithRole1.html","title":"JoeSmithRole1","generation":"generated"},{"nameUrl":"PractitionerRole-JoeSmithRole2.html","title":"JoeSmithRole2","generation":"generated"},{"nameUrl":"PractitionerRole-JoeSmithRole3.html","title":"JoeSmithRole3","generation":"generated"},{"nameUrl":"Organization-PharmChain.html","title":"PharmChain","generation":"generated"},{"nameUrl":"OrganizationAffiliation-PharmChainAffil1.html","title":"PharmChainAffil1","generation":"generated"},{"nameUrl":"OrganizationAffiliation-PharmChainAffil2.html","title":"PharmChainAffil2","generation":"generated"},{"nameUrl":"OrganizationAffiliation-PharmChainAffil3.html","title":"PharmChainAffil3","generation":"generated"},{"nameUrl":"HealthcareService-PharmChainCompService.html","title":"PharmChainCompService","generation":"generated"},{"nameUrl":"HealthcareService-PharmChainMailService.html","title":"PharmChainMailService","generation":"generated"},{"nameUrl":"HealthcareService-PharmChainRetailService.html","title":"PharmChainRetailService","generation":"generated"},{"nameUrl":"Location-PharmLoc1.html","title":"PharmLoc1","generation":"generated"},{"nameUrl":"Location-PharmLoc2.html","title":"PharmLoc2","generation":"generated"},{"nameUrl":"Location-PharmLoc3.html","title":"PharmLoc3","generation":"generated"},{"nameUrl":"Location-PharmLoc4.html","title":"PharmLoc4","generation":"generated"},{"nameUrl":"Location-StateOfCTLocation.html","title":"StateOfCTLocation","generation":"generated"},{"nameUrl":"HealthcareService-VirtualCounselService.html","title":"VirtualCounselService","generation":"generated"}]}]},"parameter":[{"code":"path-resource","value":"input/capabilities"},{"code":"path-resource","value":"input/examples"},{"code":"path-resource","value":"input/extensions"},{"code":"path-resource","value":"input/models"},{"code":"path-resource","value":"input/operations"},{"code":"path-resource","value":"input/profiles"},{"code":"path-resource","value":"input/resources"},{"code":"path-resource","value":"input/vocabulary"},{"code":"path-resource","value":"input/maps"},{"code":"path-resource","value":"input/testing"},{"code":"path-resource","value":"input/history"},{"code":"path-resource","value":"fsh-generated/resources"},{"code":"path-pages","value":"template/config"},{"code":"path-pages","value":"input/images"},{"code":"path-tx-cache","value":"input-cache/txcache"}]}}