{"resourceType":"SearchParameter","id":"practitioner-family-name","url":"http://hl7.org/fhir/us/davinci-pdex-plan-net/SearchParameter/practitioner-family-name","version":"1.1.0","name":"Plannet_sp_practitioner_family_name","derivedFrom":"http://hl7.org/fhir/SearchParameter/individual-family","status":"active","date":"2018-05-23T00:00:00+00:00","publisher":"HL7 Financial Management Working Group","contact":[{"name":"HL7 Financial Management Working Group","telecom":[{"system":"url","value":"http://www.hl7.org/Special/committees/fm"},{"system":"email","value":"fm@lists.HL7.org"}]}],"description":"Select Practitioners with the specified family name","jurisdiction":[{"coding":[{"system":"urn:iso:std:iso:3166","code":"US"}]}],"code":"family","base":["Practitioner"],"type":"string","expression":"Practitioner.name.family","multipleOr":true,"multipleAnd":true,"modifier":["exact"]}