{"resourceType":"SearchParameter","id":"insuranceplan-owned-by","url":"http://hl7.org/fhir/us/davinci-pdex-plan-net/SearchParameter/insuranceplan-owned-by","version":"1.1.0","name":"Plannet_sp_insuranceplan_owned_by","derivedFrom":"http://hl7.org/fhir/SearchParameter/InsurancePlan-owned-by","status":"active","date":"2018-05-23T00:00:00+00:00","publisher":"HL7 Financial Management Working Group","contact":[{"name":"HL7 Financial Management Working Group","telecom":[{"system":"url","value":"http://www.hl7.org/Special/committees/fm"},{"system":"email","value":"fm@lists.HL7.org"}]}],"description":"Select products that are owned by the specified organization","jurisdiction":[{"coding":[{"system":"urn:iso:std:iso:3166","code":"US"}]}],"code":"owned-by","base":["InsurancePlan"],"type":"reference","expression":"InsurancePlan.ownedBy","target":["Organization"],"multipleOr":true,"multipleAnd":true,"chain":["name","partof"]}