{"resourceType":"SearchParameter","id":"healthcareservice-endpoint","url":"http://hl7.org/fhir/us/davinci-pdex-plan-net/SearchParameter/healthcareservice-endpoint","version":"1.1.0","name":"Plannet_sp_healthcareservice_endpoint","derivedFrom":"http://hl7.org/fhir/SearchParameter/HealthcareService-endpoint","status":"active","date":"2018-05-23T00:00:00+00:00","publisher":"HL7 Financial Management Working Group","contact":[{"name":"HL7 Financial Management Working Group","telecom":[{"system":"url","value":"http://www.hl7.org/Special/committees/fm"},{"system":"email","value":"fm@lists.HL7.org"}]}],"description":"Select HealthcareServices with the specified endpoint","jurisdiction":[{"coding":[{"system":"urn:iso:std:iso:3166","code":"US"}]}],"code":"endpoint","base":["HealthcareService"],"type":"reference","expression":"HealthcareService.endpoint","target":["Endpoint"],"multipleOr":true,"multipleAnd":true,"chain":["organization"]}