{"resourceType":"SearchParameter","id":"location-address-postalcode","url":"http://hl7.org/fhir/us/davinci-pdex-plan-net/SearchParameter/location-address-postalcode","version":"1.1.0","name":"Plannet_sp_location_address_postalcode","derivedFrom":"http://hl7.org/fhir/SearchParameter/Location-address-postalcode","status":"active","date":"2018-05-23T00:00:00+00:00","publisher":"HL7 Financial Management Working Group","contact":[{"name":"HL7 Financial Management Working Group","telecom":[{"system":"url","value":"http://www.hl7.org/Special/committees/fm"},{"system":"email","value":"fm@lists.HL7.org"}]}],"description":"Select Locations with the specified address","jurisdiction":[{"coding":[{"system":"urn:iso:std:iso:3166","code":"US"}]}],"code":"address-postalcode","base":["Location"],"type":"string","expression":"Location.address.postalCode","multipleOr":true,"multipleAnd":true,"modifier":["exact","contains"]}