{"resourceType":"SearchParameter","id":"organization-coverage-area","url":"http://hl7.org/fhir/us/davinci-pdex-plan-net/SearchParameter/organization-coverage-area","version":"1.1.0","name":"Plannet_sp_network_coverage_area","status":"active","date":"2018-05-23T00:00:00+00:00","publisher":"HL7 Financial Management Working Group","contact":[{"name":"HL7 Financial Management Working Group","telecom":[{"system":"url","value":"http://www.hl7.org/Special/committees/fm"},{"system":"email","value":"fm@lists.HL7.org"}]}],"description":"Select health insurance provider networks available in a region described by the specified location","jurisdiction":[{"coding":[{"system":"urn:iso:std:iso:3166","code":"US"}]}],"code":"coverage-area","base":["Organization"],"type":"reference","expression":"Organization.extension.where(url='http://hl7.org/fhir/us/davinci-pdex-plan-net/StructureDefinition/location-reference')","target":["Location"],"multipleOr":true,"multipleAnd":true}