{"resourceType":"SearchParameter","id":"practitionerrole-period","url":"http://hl7.org/fhir/us/davinci-pdex-plan-net/SearchParameter/practitionerrole-period","version":"1.1.0","name":"Plannet_sp_practitionerrole_period","derivedFrom":"http://hl7.org/fhir/SearchParameter/PractitionerRole-date","status":"active","date":"2018-05-23T00:00:00+00:00","publisher":"HL7 Financial Management Working Group","contact":[{"name":"HL7 Financial Management Working Group","telecom":[{"system":"url","value":"http://www.hl7.org/Special/committees/fm"},{"system":"email","value":"fm@lists.HL7.org"}]}],"description":"Select PractitionerRoles available in the specified period","jurisdiction":[{"coding":[{"system":"urn:iso:std:iso:3166","code":"US"}]}],"code":"period","base":["PractitionerRole"],"type":"date","expression":"PractitionerRole.period","multipleOr":true}