{"resourceType":"SearchParameter","id":"location-partof","url":"http://hl7.org/fhir/us/davinci-pdex-plan-net/SearchParameter/location-partof","version":"1.1.0","name":"Plannet_sp_location_partof","derivedFrom":"http://hl7.org/fhir/SearchParameter/Location-partof","status":"active","date":"2018-05-23T00:00:00+00:00","publisher":"HL7 Financial Management Working Group","contact":[{"name":"HL7 Financial Management Working Group","telecom":[{"system":"url","value":"http://www.hl7.org/Special/committees/fm"},{"system":"email","value":"fm@lists.HL7.org"}]}],"description":"Select Locations that are part of the specified location","jurisdiction":[{"coding":[{"system":"urn:iso:std:iso:3166","code":"US"}]}],"code":"partof","base":["Location"],"type":"reference","expression":"Location.partOf","target":["Location"],"multipleOr":true,"chain":["type","address","organization"]}