{"resourceType":"SearchParameter","id":"organizationaffiliation-endpoint","url":"http://hl7.org/fhir/us/davinci-pdex-plan-net/SearchParameter/organizationaffiliation-endpoint","version":"1.1.0","name":"Plannet_sp_organizationaffiliation_endpoint","derivedFrom":"http://hl7.org/fhir/SearchParameter/OrganizationAffiliation-endpoint","status":"draft","date":"2018-05-23T00:00:00+00:00","publisher":"HL7 Financial Management Working Group","contact":[{"name":"HL7 Financial Management Working Group","telecom":[{"system":"url","value":"http://www.hl7.org/Special/committees/fm"},{"system":"email","value":"fm@lists.HL7.org"}]}],"description":"Select OrganizationAffiliations with the specified endpoint","jurisdiction":[{"coding":[{"system":"urn:iso:std:iso:3166","code":"US"}]}],"code":"endpoint","base":["OrganizationAffiliation"],"type":"reference","expression":"OrganizationAffiliation.endpoint","target":["Endpoint"],"multipleOr":true,"multipleAnd":true,"chain":["organization"]}