{"resourceType":"SearchParameter","id":"location-address-city","url":"http://hl7.org/fhir/us/davinci-pdex-plan-net/SearchParameter/location-address-city","version":"1.1.0","name":"Plannet_sp_location_address_city","derivedFrom":"http://hl7.org/fhir/SearchParameter/Location-address-city","status":"active","date":"2018-05-23T00:00:00+00:00","publisher":"HL7 Financial Management Working Group","contact":[{"name":"HL7 Financial Management Working Group","telecom":[{"system":"url","value":"http://www.hl7.org/Special/committees/fm"},{"system":"email","value":"fm@lists.HL7.org"}]}],"description":"Select Locations with the specified address.city","jurisdiction":[{"coding":[{"system":"urn:iso:std:iso:3166","code":"US"}]}],"code":"address-city","base":["Location"],"type":"string","expression":"Location.address.city","multipleOr":true,"multipleAnd":true,"modifier":["exact","contains"]}