{"resourceType":"SearchParameter","id":"organizationaffiliation-network","url":"http://hl7.org/fhir/us/davinci-pdex-plan-net/SearchParameter/organizationaffiliation-network","version":"1.1.0","name":"Plannet_sp_organizationaffiliation_network","derivedFrom":"http://hl7.org/fhir/SearchParameter/OrganizationAffiliation-network","status":"active","date":"2018-05-23T00:00:00+00:00","publisher":"HL7 Financial Management Working Group","contact":[{"name":"HL7 Financial Management Working Group","telecom":[{"system":"url","value":"http://www.hl7.org/Special/committees/fm"},{"system":"email","value":"fm@lists.HL7.org"}]}],"description":"Select roles where the organization is a member of the specified health insurance provider network","jurisdiction":[{"coding":[{"system":"urn:iso:std:iso:3166","code":"US"}]}],"code":"network","base":["OrganizationAffiliation"],"type":"reference","expression":"OrganizationAffiliation.network","target":["Organization"],"multipleOr":true,"multipleAnd":true,"chain":["name","partof"]}