{"resourceType":"SearchParameter","id":"location-organization","url":"http://hl7.org/fhir/us/davinci-pdex-plan-net/SearchParameter/location-organization","version":"1.1.0","name":"Plannet_sp_location_organization","derivedFrom":"http://hl7.org/fhir/SearchParameter/Location-organization","status":"active","date":"2018-05-23T00:00:00+00:00","publisher":"HL7 Financial Management Working Group","contact":[{"name":"HL7 Financial Management Working Group","telecom":[{"system":"url","value":"http://www.hl7.org/Special/committees/fm"},{"system":"email","value":"fm@lists.HL7.org"}]}],"description":"Select Locations managed by the specified organization","jurisdiction":[{"coding":[{"system":"urn:iso:std:iso:3166","code":"US"}]}],"code":"organization","base":["Location"],"type":"reference","expression":"Location.managingOrganization","target":["Organization"],"multipleOr":true,"multipleAnd":true,"chain":["name","address","partof","type"]}