{"resourceType":"SearchParameter","id":"location-type","url":"http://hl7.org/fhir/us/davinci-pdex-plan-net/SearchParameter/location-type","version":"1.1.0","name":"Plannet_sp_location_type","derivedFrom":"http://hl7.org/fhir/SearchParameter/Location-type","status":"active","date":"2018-05-23T00:00:00+00:00","publisher":"HL7 Financial Management Working Group","contact":[{"name":"HL7 Financial Management Working Group","telecom":[{"system":"url","value":"http://www.hl7.org/Special/committees/fm"},{"system":"email","value":"fm@lists.HL7.org"}]}],"description":"Select Locations of the specified type","jurisdiction":[{"coding":[{"system":"urn:iso:std:iso:3166","code":"US"}]}],"code":"type","base":["Location"],"type":"token","expression":"Location.type","multipleOr":true,"multipleAnd":true,"modifier":["text"]}