{"resourceType":"SearchParameter","id":"practitionerrole-service","url":"http://hl7.org/fhir/us/davinci-pdex-plan-net/SearchParameter/practitionerrole-service","version":"1.1.0","name":"Plannet_sp_practitionerrole_service","derivedFrom":"http://hl7.org/fhir/SearchParameter/PractitionerRole-service","status":"active","date":"2018-05-23T00:00:00+00:00","publisher":"HL7 Financial Management Working Group","contact":[{"name":"HL7 Financial Management Working Group","telecom":[{"system":"url","value":"http://www.hl7.org/Special/committees/fm"},{"system":"email","value":"fm@lists.HL7.org"}]}],"description":"Select PractitionerRoles providing the specified service","jurisdiction":[{"coding":[{"system":"urn:iso:std:iso:3166","code":"US"}]}],"code":"service","base":["PractitionerRole"],"type":"reference","expression":"PractitionerRole.healthcareService","target":["HealthcareService"],"multipleOr":true,"multipleAnd":true,"chain":["service-category","organization","location"]}