{"resourceType":"ValueSet","id":"InsuranceProductTypeVS","text":{"status":"generated","div":"<div xmlns=\"http://www.w3.org/1999/xhtml\"><ul><li>Include all codes defined in <a href=\"CodeSystem-InsuranceProductTypeCS.html\"><code>http://hl7.org/fhir/us/davinci-pdex-plan-net/CodeSystem/InsuranceProductTypeCS</code></a></li></ul></div>"},"url":"http://hl7.org/fhir/us/davinci-pdex-plan-net/ValueSet/InsuranceProductTypeVS","version":"1.1.0","name":"InsuranceProductTypeVS","title":"Insurance Product Type VS","status":"active","date":"2022-04-04T14:04:34+00:00","publisher":"HL7 Financial Management Working Group","contact":[{"name":"HL7 Financial Management Working Group","telecom":[{"system":"url","value":"http://www.hl7.org/Special/committees/fm"},{"system":"email","value":"fm@lists.HL7.org"}]}],"description":"A distinct package of health insurance coverage benefits that are offered using a particular product network type.","jurisdiction":[{"coding":[{"system":"urn:iso:std:iso:3166","code":"US"}]}],"compose":{"include":[{"system":"http://hl7.org/fhir/us/davinci-pdex-plan-net/CodeSystem/InsuranceProductTypeCS"}]}}