{"resourceType":"ValueSet","id":"EndpointPayloadTypeVS","text":{"status":"extensions","div":"<div xmlns=\"http://www.w3.org/1999/xhtml\"><ul><li>Include these codes as defined in <a href=\"CodeSystem-EndpointPayloadTypeCS.html\"><code>http://hl7.org/fhir/us/davinci-pdex-plan-net/CodeSystem/EndpointPayloadTypeCS</code></a><table class=\"none\"><tr><td style=\"white-space:nowrap\"><b>Code</b></td><td><b>Display</b></td><td><b>Definition</b></td></tr><tr><td><a href=\"CodeSystem-EndpointPayloadTypeCS.html#EndpointPayloadTypeCS-NA\">NA</a></td><td>Not Applicable</td><td>Not Applicable</td></tr></table></li></ul></div>"},"url":"http://hl7.org/fhir/us/davinci-pdex-plan-net/ValueSet/EndpointPayloadTypeVS","version":"1.1.0","name":"EndpointPayloadTypeVS","title":"Endpoint Payload Types VS","status":"active","date":"2022-04-04T14:04:34+00:00","publisher":"HL7 Financial Management Working Group","contact":[{"name":"HL7 Financial Management Working Group","telecom":[{"system":"url","value":"http://www.hl7.org/Special/committees/fm"},{"system":"email","value":"fm@lists.HL7.org"}]}],"description":"Endpoint Payload Types are constrained to NA (Not Applicable) as part of this IG","jurisdiction":[{"coding":[{"system":"urn:iso:std:iso:3166","code":"US"}]}],"compose":{"include":[{"system":"http://hl7.org/fhir/us/davinci-pdex-plan-net/CodeSystem/EndpointPayloadTypeCS","concept":[{"code":"NA","display":"Not Applicable"}]}]}}