{"resourceType":"ValueSet","id":"NetworkTypeVS","text":{"status":"extensions","div":"<div xmlns=\"http://www.w3.org/1999/xhtml\"><ul><li>Include these codes as defined in <a href=\"CodeSystem-OrgTypeCS.html\"><code>http://hl7.org/fhir/us/davinci-pdex-plan-net/CodeSystem/OrgTypeCS</code></a><table class=\"none\"><tr><td style=\"white-space:nowrap\"><b>Code</b></td><td><b>Display</b></td><td><b>Definition</b></td></tr><tr><td><a href=\"CodeSystem-OrgTypeCS.html#OrgTypeCS-ntwk\">ntwk</a></td><td>Network</td><td>A healthcare provider insurance network</td></tr></table></li></ul></div>"},"url":"http://hl7.org/fhir/us/davinci-pdex-plan-net/ValueSet/NetworkTypeVS","version":"1.1.0","name":"NetworkTypeVS","title":"Network Type VS","status":"active","date":"2022-04-04T14:04:34+00:00","publisher":"HL7 Financial Management Working Group","contact":[{"name":"HL7 Financial Management Working Group","telecom":[{"system":"url","value":"http://www.hl7.org/Special/committees/fm"},{"system":"email","value":"fm@lists.HL7.org"}]}],"description":"Single value describing networks.","jurisdiction":[{"coding":[{"system":"urn:iso:std:iso:3166","code":"US"}]}],"compose":{"include":[{"system":"http://hl7.org/fhir/us/davinci-pdex-plan-net/CodeSystem/OrgTypeCS","concept":[{"code":"ntwk"}]}]}}