{"resourceType":"ValueSet","id":"IndividualSpecialtyAndDegreeLicenseCertificateVS","text":{"status":"generated","div":"<div xmlns=\"http://www.w3.org/1999/xhtml\"><p>This value set includes codes based on the following rules:</p><ul><li>Import all the codes that are contained in <a href=\"ValueSet-IndividualAndGroupSpecialtiesVS.html\">http://hl7.org/fhir/us/davinci-pdex-plan-net/ValueSet/IndividualAndGroupSpecialtiesVS</a></li><li>Include all codes defined in <a href=\"http://terminology.hl7.org/3.1.0/CodeSystem-v2-0360.html\"><code>http://terminology.hl7.org/CodeSystem/v2-0360</code></a></li></ul></div>"},"url":"http://hl7.org/fhir/us/davinci-pdex-plan-net/ValueSet/IndividualSpecialtyAndDegreeLicenseCertificateVS","version":"1.1.0","name":"IndividualSpecialtyAndDegreeLicenseCertificateVS","title":"Individual Specialties, Degrees, Licenses, and Certificates VS","status":"active","date":"2022-04-04T14:04:34+00:00","publisher":"HL7 Financial Management Working Group","contact":[{"name":"HL7 Financial Management Working Group","telecom":[{"system":"url","value":"http://www.hl7.org/Special/committees/fm"},{"system":"email","value":"fm@lists.HL7.org"}]}],"description":"Individual Specialties, Degrees, Licenses, and Certificates","jurisdiction":[{"coding":[{"system":"urn:iso:std:iso:3166","code":"US"}]}],"compose":{"include":[{"valueSet":["http://hl7.org/fhir/us/davinci-pdex-plan-net/ValueSet/IndividualAndGroupSpecialtiesVS"]},{"system":"http://terminology.hl7.org/CodeSystem/v2-0360"}]}}