{"resourceType":"ValueSet","id":"DeliveryMethodVS","text":{"status":"generated","div":"<div xmlns=\"http://www.w3.org/1999/xhtml\"><ul><li>Include all codes defined in <a href=\"CodeSystem-DeliveryMethodCS.html\"><code>http://hl7.org/fhir/us/davinci-pdex-plan-net/CodeSystem/DeliveryMethodCS</code></a></li></ul></div>"},"url":"http://hl7.org/fhir/us/davinci-pdex-plan-net/ValueSet/DeliveryMethodVS","version":"1.1.0","name":"DeliveryMethodVS","title":"Delivery Methods VS","status":"active","date":"2022-04-04T14:04:34+00:00","publisher":"HL7 Financial Management Working Group","contact":[{"name":"HL7 Financial Management Working Group","telecom":[{"system":"url","value":"http://www.hl7.org/Special/committees/fm"},{"system":"email","value":"fm@lists.HL7.org"}]}],"description":"Codes for documenting delivery methods.","jurisdiction":[{"coding":[{"system":"urn:iso:std:iso:3166","code":"US"}]}],"compose":{"include":[{"system":"http://hl7.org/fhir/us/davinci-pdex-plan-net/CodeSystem/DeliveryMethodCS"}]}}