"Id","Path","Slice Name","Alias(s)","Label","Min","Max","Must Support?","Is Modifier?","Is Summary?","Type(s)","Short","Definition","Comments","Requirements","Default Value","Meaning When Missing","Fixed Value","Pattern","Example","Minimum Value","Maximum Value","Maximum Length","Binding Strength","Binding Description","Binding Value Set","Code","Slicing Discriminator","Slicing Description","Slicing Ordered","Slicing Rules","Base Path","Base Min","Base Max","Condition(s)","Constraint(s)","Mapping: Workflow Pattern","Mapping: RIM Mapping","Mapping: FiveWs Pattern Mapping","Mapping: Canadian Dental Association eclaims standard","Mapping: HL7 v2 Mapping","Mapping: Canadian Pharmacy Associaiton eclaims standard"
"Coverage","Coverage","","","",0,*,"","","","null {[]} {[]}
","Insurance or medical plan or a payment agreement","Financial instrument which may be used to reimburse or pay for health care products and services. Includes both insurance and self-payment.","The Coverage resource contains the insurance card level information, which is customary to provide on claims and other communications between providers and insurers.","","","","","","","","",,,,,"",,,,"Coverage",0,*,"","dom-2:If the resource is contained in another resource, it SHALL NOT contain nested Resources {contained.contained.empty()}
dom-3:If the resource is contained in another resource, it SHALL be referred to from elsewhere in the resource or SHALL refer to the containing resource {contained.where((('#'+id in (%resource.descendants().reference | %resource.descendants().as(canonical) | %resource.descendants().as(uri) | %resource.descendants().as(url))) or descendants().where(reference = '#').exists() or descendants().where(as(canonical) = '#').exists() or descendants().where(as(canonical) = '#').exists()).not()).trace('unmatched', id).empty()}dom-4:If a resource is contained in another resource, it SHALL NOT have a meta.versionId or a meta.lastUpdated {contained.meta.versionId.empty() and contained.meta.lastUpdated.empty()}dom-5:If a resource is contained in another resource, it SHALL NOT have a security label {contained.meta.security.empty()}dom-6:A resource should have narrative for robust management {text.`div`.exists()}us-core-15:Member Id in Coverage.identifier or Coverage.subscriberId SHALL be present {identifier.type.coding.where(system='http://terminology.hl7.org/CodeSystem/v2-0203' and code='MB').exists() or subscriberId.exists()}","Event","Entity. Role, or Act","Coverage"
"Coverage.id","Coverage.id","","","",0,1,"","","Y","id {[]} {[]}
","Logical id of this artifact","The logical id of the resource, as used in the URL for the resource. Once assigned, this value never changes.","The only time that a resource does not have an id is when it is being submitted to the server using a create operation.","","","","","","","","",,,,,"",,,,"Resource.id",0,1,"",""
"Coverage.meta","Coverage.meta","","","",0,1,"","","Y","Meta {[]} {[]}
","Metadata about the resource","The metadata about the resource. This is content that is maintained by the infrastructure. Changes to the content might not always be associated with version changes to the resource.","","","","","","","","","",,,,,"",,,,"Resource.meta",0,1,"","ele-1:All FHIR elements must have a @value or children {hasValue() or (children().count() > id.count())}
"
"Coverage.implicitRules","Coverage.implicitRules","","","",0,1,"","Y","Y","uri {[]} {[]}
","A set of rules under which this content was created","A reference to a set of rules that were followed when the resource was constructed, and which must be understood when processing the content. Often, this is a reference to an implementation guide that defines the special rules along with other profiles etc.","Asserting this rule set restricts the content to be only understood by a limited set of trading partners. This inherently limits the usefulness of the data in the long term. However, the existing health eco-system is highly fractured, and not yet ready to define, collect, and exchange data in a generally computable sense. Wherever possible, implementers and/or specification writers should avoid using this element. Often, when used, the URL is a reference to an implementation guide that defines these special rules as part of it's narrative along with other profiles, value sets, etc.","","","","","","","","",,,,,"",,,,"Resource.implicitRules",0,1,"","ele-1:All FHIR elements must have a @value or children {hasValue() or (children().count() > id.count())}
"
"Coverage.language","Coverage.language","","","",0,1,"","","","code {[]} {[]}
","Language of the resource content","The base language in which the resource is written.","Language is provided to support indexing and accessibility (typically, services such as text to speech use the language tag). The html language tag in the narrative applies  to the narrative. The language tag on the resource may be used to specify the language of other presentations generated from the data in the resource. Not all the content has to be in the base language. The Resource.language should not be assumed to apply to the narrative automatically. If a language is specified, it should it also be specified on the div element in the html (see rules in HTML5 for information about the relationship between xml:lang and the html lang attribute).","","","","","","","","",,"preferred","A human language.","http://hl7.org/fhir/ValueSet/languages","",,,,"Resource.language",0,1,"","ele-1:All FHIR elements must have a @value or children {hasValue() or (children().count() > id.count())}
"
"Coverage.text","Coverage.text","","narrative
htmlxhtmldisplay","",0,1,"","","","Narrative {[]} {[]}
","Text summary of the resource, for human interpretation","A human-readable narrative that contains a summary of the resource and can be used to represent the content of the resource to a human. The narrative need not encode all the structured data, but is required to contain sufficient detail to make it ""clinically safe"" for a human to just read the narrative. Resource definitions may define what content should be represented in the narrative to ensure clinical safety.","Contained resources do not have narrative. Resources that are not contained SHOULD have a narrative. In some cases, a resource may only have text with little or no additional discrete data (as long as all minOccurs=1 elements are satisfied).  This may be necessary for data from legacy systems where information is captured as a ""text blob"" or where text is additionally entered raw or narrated and encoded information is added later.","","","","","","","","",,,,,"",,,,"DomainResource.text",0,1,"","ele-1:All FHIR elements must have a @value or children {hasValue() or (children().count() > id.count())}
","Act.text?"
"Coverage.contained","Coverage.contained","","inline resources
anonymous resourcescontained resources","",0,*,"","","","Resource {[]} {[]}
","Contained, inline Resources","These resources do not have an independent existence apart from the resource that contains them - they cannot be identified independently, and nor can they have their own independent transaction scope.","This should never be done when the content can be identified properly, as once identification is lost, it is extremely difficult (and context dependent) to restore it again. Contained resources may have profiles and tags In their meta elements, but SHALL NOT have security labels.","","","","","","","","",,,,,"",,,,"DomainResource.contained",0,*,"","","N/A"
"Coverage.extension","Coverage.extension","","extensions
user content","",0,*,"","","","Extension {[]} {[]}
","Additional content defined by implementations","May be used to represent additional information that is not part of the basic definition of the resource. To make the use of extensions safe and manageable, there is a strict set of governance  applied to the definition and use of extensions. Though any implementer can define an extension, there is a set of requirements that SHALL be met as part of the definition of the extension.","There can be no stigma associated with the use of extensions by any application, project, or standard - regardless of the institution or jurisdiction that uses or defines the extensions.  The use of extensions is what allows the FHIR specification to retain a core level of simplicity for everyone.","","","","","","","","",,,,,"",,,,"DomainResource.extension",0,*,"","ele-1:All FHIR elements must have a @value or children {hasValue() or (children().count() > id.count())}
ext-1:Must have either extensions or value[x], not both {extension.exists() != value.exists()}","N/A"
"Coverage.modifierExtension","Coverage.modifierExtension","","extensions
user content","",0,*,"","Y","","Extension {[]} {[]}
","Extensions that cannot be ignored","May be used to represent additional information that is not part of the basic definition of the resource and that modifies the understanding of the element that contains it and/or the understanding of the containing element's descendants. Usually modifier elements provide negation or qualification. To make the use of extensions safe and manageable, there is a strict set of governance applied to the definition and use of extensions. Though any implementer is allowed to define an extension, there is a set of requirements that SHALL be met as part of the definition of the extension. Applications processing a resource are required to check for modifier extensions.

Modifier extensions SHALL NOT change the meaning of any elements on Resource or DomainResource (including cannot change the meaning of modifierExtension itself).","There can be no stigma associated with the use of extensions by any application, project, or standard - regardless of the institution or jurisdiction that uses or defines the extensions.  The use of extensions is what allows the FHIR specification to retain a core level of simplicity for everyone.","Modifier extensions allow for extensions that *cannot* be safely ignored to be clearly distinguished from the vast majority of extensions which can be safely ignored.  This promotes interoperability by eliminating the need for implementers to prohibit the presence of extensions. For further information, see the [definition of modifier extensions](http://hl7.org/fhir/R4/extensibility.html#modifierExtension).","","","","","","","",,,,,"",,,,"DomainResource.modifierExtension",0,*,"","ele-1:All FHIR elements must have a @value or children {hasValue() or (children().count() > id.count())}
ext-1:Must have either extensions or value[x], not both {extension.exists() != value.exists()}","N/A"
"Coverage.identifier","Coverage.identifier","","","",0,*,"Y","","Y","Identifier {[]} {[]}
","Member ID and other identifiers","A unique identifier assigned to this coverage.","The main (and possibly only) identifier for the coverage - often referred to as a Member Id, Certificate number, Personal Health Number or Case ID. May be constructed as the concatenation of the Coverage.SubscriberID and the Coverage.dependant.","Allows coverages to be distinguished and referenced.","","","","","","","",,,,,"","value:type}
","",,"open","Coverage.identifier",0,*,"","ele-1:All FHIR elements must have a @value or children {hasValue() or (children().count() > id.count())}
","Event.identifier",".id","FiveWs.identifier","C02","IN1-2","C.32, C.33, C.39"
"Coverage.identifier:memberid","Coverage.identifier","memberid","","",0,1,"Y","","Y","Identifier {[]} {[]}
","Member ID","A unique identifier assigned to this coverage.","The main (and possibly only) identifier for the coverage - often referred to as a Member Id, Certificate number, Personal Health Number or Case ID. May be constructed as the concatenation of the Coverage.SubscriberID and the Coverage.dependant.","Allows coverages to be distinguished and referenced.","","","","","","","",,,,,"",,,,"Coverage.identifier",0,*,"us-core-15
","ele-1:All FHIR elements must have a @value or children {hasValue() or (children().count() > id.count())}
","Event.identifier",".id","FiveWs.identifier","C02","IN1-2","C.32, C.33, C.39"
"Coverage.identifier:memberid.id","Coverage.identifier.id","","","",0,1,"","","","string {[]} {[]}
","Unique id for inter-element referencing","Unique id for the element within a resource (for internal references). This may be any string value that does not contain spaces.","","","","","","","","","",,,,,"",,,,"Element.id",0,1,"","","n/a"
"Coverage.identifier:memberid.extension","Coverage.identifier.extension","","extensions
user content","",0,*,"","","","Extension {[]} {[]}
","Additional content defined by implementations","May be used to represent additional information that is not part of the basic definition of the element. To make the use of extensions safe and manageable, there is a strict set of governance  applied to the definition and use of extensions. Though any implementer can define an extension, there is a set of requirements that SHALL be met as part of the definition of the extension.","There can be no stigma associated with the use of extensions by any application, project, or standard - regardless of the institution or jurisdiction that uses or defines the extensions.  The use of extensions is what allows the FHIR specification to retain a core level of simplicity for everyone.","","","","","","","","",,,,,"","value:url}
","Extensions are always sliced by (at least) url",,"open","Element.extension",0,*,"","ele-1:All FHIR elements must have a @value or children {hasValue() or (children().count() > id.count())}
ext-1:Must have either extensions or value[x], not both {extension.exists() != value.exists()}","n/a"
"Coverage.identifier:memberid.use","Coverage.identifier.use","","","",0,1,"","Y","Y","code {[]} {[]}
","usual | official | temp | secondary | old (If known)","The purpose of this identifier.","Applications can assume that an identifier is permanent unless it explicitly says that it is temporary.","Allows the appropriate identifier for a particular context of use to be selected from among a set of identifiers.","","","","","","","",,"required","Identifies the purpose for this identifier, if known .","http://hl7.org/fhir/ValueSet/identifier-use|4.0.1","",,,,"Identifier.use",0,1,"","ele-1:All FHIR elements must have a @value or children {hasValue() or (children().count() > id.count())}
","Role.code or implied by context","N/A"
"Coverage.identifier:memberid.type","Coverage.identifier.type","","","",1,1,"Y","","Y","CodeableConcept {[]} {[]}
","Member Number identifier type","A coded type for the identifier that can be used to determine which identifier to use for a specific purpose.","This element deals only with general categories of identifiers.  It SHOULD not be used for codes that correspond 1..1 with the Identifier.system. Some identifiers may fall into multiple categories due to common usage.   Where the system is known, a type is unnecessary because the type is always part of the system definition. However systems often need to handle identifiers where the system is not known. There is not a 1:1 relationship between type and system, since many different systems have the same type.","Allows users to make use of identifiers when the identifier system is not known.","","","","<valueCodeableConcept xmlns=""http://hl7.org/fhir"">
  <coding>
    <system value=""http://terminology.hl7.org/CodeSystem/v2-0203""/>
    <code value=""MB""/>
  </coding>
</valueCodeableConcept>","","","",,"extensible","A coded type for an identifier that can be used to determine which identifier to use for a specific purpose.","http://hl7.org/fhir/ValueSet/identifier-type","",,,,"Identifier.type",0,1,"","ele-1:All FHIR elements must have a @value or children {hasValue() or (children().count() > id.count())}
","Role.code or implied by context","CX.5"
"Coverage.identifier:memberid.system","Coverage.identifier.system","","","",0,1,"","","Y","uri {[]} {[]}
","The namespace for the identifier value","Establishes the namespace for the value - that is, a URL that describes a set values that are unique.","Identifier.system is always case sensitive.","There are many sets  of identifiers.  To perform matching of two identifiers, we need to know what set we're dealing with. The system identifies a particular set of unique identifiers.","","","","","<valueUri xmlns=""http://hl7.org/fhir"" value=""http://www.acme.com/identifiers/patient""/>","","",,,,,"",,,,"Identifier.system",0,1,"","ele-1:All FHIR elements must have a @value or children {hasValue() or (children().count() > id.count())}
","II.root or Role.id.root","CX.4 / EI-2-4"
"Coverage.identifier:memberid.value","Coverage.identifier.value","","","",0,1,"","","Y","string {[]} {[]}
","The value that is unique","The portion of the identifier typically relevant to the user and which is unique within the context of the system.","If the value is a full URI, then the system SHALL be urn:ietf:rfc:3986.  The value's primary purpose is computational mapping.  As a result, it may be normalized for comparison purposes (e.g. removing non-significant whitespace, dashes, etc.)  A value formatted for human display can be conveyed using the [Rendered Value extension](http://hl7.org/fhir/R4/extension-rendered-value.html). Identifier.value is to be treated as case sensitive unless knowledge of the Identifier.system allows the processer to be confident that non-case-sensitive processing is safe.","","","","","","<valueString xmlns=""http://hl7.org/fhir"" value=""123456""/>","","",,,,,"",,,,"Identifier.value",0,1,"","ele-1:All FHIR elements must have a @value or children {hasValue() or (children().count() > id.count())}
","II.extension or II.root if system indicates OID or GUID (Or Role.id.extension or root)","CX.1 / EI.1"
"Coverage.identifier:memberid.period","Coverage.identifier.period","","","",0,1,"","","Y","Period {[]} {[]}
","Time period when id is/was valid for use","Time period during which identifier is/was valid for use.","","","","","","","","","",,,,,"",,,,"Identifier.period",0,1,"","ele-1:All FHIR elements must have a @value or children {hasValue() or (children().count() > id.count())}
","Role.effectiveTime or implied by context","CX.7 + CX.8"
"Coverage.identifier:memberid.assigner","Coverage.identifier.assigner","","","",0,1,"","","Y","Reference {[]} {[CanonicalType[http://hl7.org/fhir/StructureDefinition/Organization]]}
","Organization that issued id (may be just text)","Organization that issued/manages the identifier.","The Identifier.assigner may omit the .reference element and only contain a .display element reflecting the name or other textual information about the assigning organization.","","","","","","","","",,,,,"",,,,"Identifier.assigner",0,1,"","ele-1:All FHIR elements must have a @value or children {hasValue() or (children().count() > id.count())}
","II.assigningAuthorityName but note that this is an improper use by the definition of the field.  Also Role.scoper","CX.4 / (CX.4,CX.9,CX.10)"
"Coverage.status","Coverage.status","","","",1,1,"Y","Y","Y","code {[]} {[]}
","active | cancelled | draft | entered-in-error","The status of the resource instance.","The `Coverage.status` alone does not indicate whether an individual's coverage is terminated or that the individual is not covered. The `Coverage.period` needs to be considered as well.","Need to track the status of the resource as 'draft' resources may undergo further edits while 'active' resources are immutable and may only have their status changed to 'cancelled'.","","","","","","","",,"required","A code specifying the state of the resource instance.","http://hl7.org/fhir/ValueSet/fm-status|4.0.1","",,,,"Coverage.status",1,1,"","ele-1:All FHIR elements must have a @value or children {hasValue() or (children().count() > id.count())}
","Event.status","Act.status","FiveWs.status"
"Coverage.type","Coverage.type","","","",0,1,"Y","","Y","CodeableConcept {[]} {[]}
","Coverage category such as medical or accident","The type of coverage: social program, medical plan, accident coverage (workers compensation, auto), group health or payment by an individual or organization.","Identifies if the coverage is PPO, HMO, POS, etc.","The order of application of coverages is dependent on the types of coverage.","","","","","","","",,"extensible","US Public Health Data Consortium Source of Payment Codes","http://cts.nlm.nih.gov/fhir/ValueSet/2.16.840.1.114222.4.11.3591","",,,,"Coverage.type",0,1,"","ele-1:All FHIR elements must have a @value or children {hasValue() or (children().count() > id.count())}
","FiveWs.class","IN1-15"
"Coverage.policyHolder","Coverage.policyHolder","","","",0,1,"","","Y","Reference {[]} {[CanonicalType[http://hl7.org/fhir/StructureDefinition/Patient], CanonicalType[http://hl7.org/fhir/StructureDefinition/RelatedPerson], CanonicalType[http://hl7.org/fhir/StructureDefinition/Organization]]}
","Owner of the policy","The party who 'owns' the insurance policy.","For example: may be an individual, corporation or the subscriber's employer.","This provides employer information in the case of Worker's Compensation and other policies.","","","","","","","",,,,,"",,,,"Coverage.policyHolder",0,1,"","ele-1:All FHIR elements must have a @value or children {hasValue() or (children().count() > id.count())}
","FiveWs.subject[x]","FiveWs.subject","D01 through D09","IN1-16, 18,  19-name of insured, address, date of birth","C.35"
"Coverage.subscriber","Coverage.subscriber","","","",0,1,"","","Y","Reference {[]} {[CanonicalType[http://hl7.org/fhir/StructureDefinition/Patient], CanonicalType[http://hl7.org/fhir/StructureDefinition/RelatedPerson]]}
","Subscriber to the policy","The party who has signed-up for or 'owns' the contractual relationship to the policy or to whom the benefit of the policy for services rendered to them or their family is due.","May be self or a parent in the case of dependants.","This is the party who is entitled to the benfits under the policy.","","","","","","","",,,,,"",,,,"Coverage.subscriber",0,1,"","ele-1:All FHIR elements must have a @value or children {hasValue() or (children().count() > id.count())}
","FiveWs.subject[x]","FiveWs.subject","D01 through D09","IN1-16, 18,  19-name of insured, address, date of birth","C.35"
"Coverage.subscriberId","Coverage.subscriberId","","","",0,1,"Y","","Y","string {[]} {[]}
","ID assigned to the subscriber","The insurer assigned ID for the Subscriber.","The identifier assigned by the Payer on the subscriber's ID card","The insurer requires this identifier on correspondance and claims (digital and otherwise).","","","","","","","",,,,,"",,,,"Coverage.subscriberId",0,1,"us-core-15
","ele-1:All FHIR elements must have a @value or children {hasValue() or (children().count() > id.count())}
","FiveWs.subject[x]","FiveWs.subject","D01 through D09","IN1-16, 18,  19-name of insured, address, date of birth","C.35"
"Coverage.beneficiary","Coverage.beneficiary","","","",1,1,"Y","","Y","Reference {[]} {[CanonicalType[http://hl7.org/fhir/us/core/StructureDefinition/us-core-patient]]}
","Plan beneficiary","The party who benefits from the insurance coverage; the patient when products and/or services are provided.","Identifier for a member assigned by the Payer.","This is the party who receives treatment for which the costs are reimbursed under the coverage.","","","","","","","",,,,,"",,,,"Coverage.beneficiary",1,1,"","ele-1:All FHIR elements must have a @value or children {hasValue() or (children().count() > id.count())}
","Event.subject","FiveWs.subject[x]","FiveWs.subject","D01 through D09","IN1-16, 18,  19-name of insured, address, date of birth","C.35"
"Coverage.dependent","Coverage.dependent","","","",0,1,"","","Y","string {[]} {[]}
","Dependent number","A unique identifier for a dependent under the coverage.","Periodically the member number is constructed from the subscriberId and the dependant number.","For some coverages a single identifier is issued to the Subscriber and then a unique dependent number is issued to each beneficiary.","","","","","","","",,,,,"",,,,"Coverage.dependent",0,1,"","ele-1:All FHIR elements must have a @value or children {hasValue() or (children().count() > id.count())}
","C17","- No exact HL7 v2 equivalent concept seems to exist;"
"Coverage.relationship","Coverage.relationship","","","",1,1,"Y","","","CodeableConcept {[]} {[]}
","Beneficiary relationship to the subscriber","The relationship of beneficiary (patient) to the subscriber.","Relationship of the member to the person insured (subscriber)","To determine relationship between the patient and the subscriber to determine coordination of benefits.","","","","","","","",,"extensible","","http://hl7.org/fhir/ValueSet/subscriber-relationship","",,,,"Coverage.relationship",0,1,"","ele-1:All FHIR elements must have a @value or children {hasValue() or (children().count() > id.count())}
","C03"
"Coverage.period","Coverage.period","","","",0,1,"Y","","Y","Period {[]} {[]}
","Coverage start and end dates","Time period during which the coverage is in force. A missing start date indicates the start date isn't known, a missing end date means the coverage is continuing to be in force.","Date that the contract became effective and Date that the contract was terminated or coverage changed.","Some insurers require the submission of the coverage term.","","","","","","","",,,,,"",,,,"Coverage.period",0,1,"","ele-1:All FHIR elements must have a @value or children {hasValue() or (children().count() > id.count())}
","Event.occurrence[x]","Act.effectiveTime","FiveWs.done[x]","IN1-12 / IN1-13"
"Coverage.payor","Coverage.payor","","","",1,1,"Y","","Y","Reference {[]} {[CanonicalType[http://hl7.org/fhir/us/core/StructureDefinition/us-core-organization], CanonicalType[http://hl7.org/fhir/us/core/StructureDefinition/us-core-patient], CanonicalType[http://hl7.org/fhir/us/core/StructureDefinition/us-core-relatedperson]]}
","Issuer of the policy","The program or plan underwriter or payor including both insurance and non-insurance agreements, such as patient-pay agreements.","Issuer of the Policy","Need to identify the issuer to target for claim processing and for coordination of benefit processing.","","","","","","","",,,,,"",,,,"Coverage.payor",1,*,"","ele-1:All FHIR elements must have a @value or children {hasValue() or (children().count() > id.count())}
","FiveWs.author","A05","IN1-3","C.30"
"Coverage.class","Coverage.class","","","",0,*,"Y","","","BackboneElement {[]} {[]}
","Additional coverage classifications","A suite of underwriter specific classifiers.","For example may be used to identify a class of coverage or employer group, Policy, Plan.","The codes provided on the health card which identify or confirm the specific policy for the insurer.","","","","","","","",,,,,"","value:type}
","Slice based on value pattern",,"open","Coverage.class",0,*,"","ele-1:All FHIR elements must have a @value or children {hasValue() or (children().count() > id.count())}
"
"Coverage.class.id","Coverage.class.id","","","",0,1,"","","","string {[]} {[]}
","Unique id for inter-element referencing","Unique id for the element within a resource (for internal references). This may be any string value that does not contain spaces.","","","","","","","","","",,,,,"",,,,"Element.id",0,1,"","","n/a"
"Coverage.class.extension","Coverage.class.extension","","extensions
user content","",0,*,"","","","Extension {[]} {[]}
","Additional content defined by implementations","May be used to represent additional information that is not part of the basic definition of the element. To make the use of extensions safe and manageable, there is a strict set of governance  applied to the definition and use of extensions. Though any implementer can define an extension, there is a set of requirements that SHALL be met as part of the definition of the extension.","There can be no stigma associated with the use of extensions by any application, project, or standard - regardless of the institution or jurisdiction that uses or defines the extensions.  The use of extensions is what allows the FHIR specification to retain a core level of simplicity for everyone.","","","","","","","","",,,,,"",,,,"Element.extension",0,*,"","ele-1:All FHIR elements must have a @value or children {hasValue() or (children().count() > id.count())}
ext-1:Must have either extensions or value[x], not both {extension.exists() != value.exists()}","n/a"
"Coverage.class.modifierExtension","Coverage.class.modifierExtension","","extensions
user contentmodifiers","",0,*,"","Y","Y","Extension {[]} {[]}
","Extensions that cannot be ignored even if unrecognized","May be used to represent additional information that is not part of the basic definition of the element and that modifies the understanding of the element in which it is contained and/or the understanding of the containing element's descendants. Usually modifier elements provide negation or qualification. To make the use of extensions safe and manageable, there is a strict set of governance applied to the definition and use of extensions. Though any implementer can define an extension, there is a set of requirements that SHALL be met as part of the definition of the extension. Applications processing a resource are required to check for modifier extensions.

Modifier extensions SHALL NOT change the meaning of any elements on Resource or DomainResource (including cannot change the meaning of modifierExtension itself).","There can be no stigma associated with the use of extensions by any application, project, or standard - regardless of the institution or jurisdiction that uses or defines the extensions.  The use of extensions is what allows the FHIR specification to retain a core level of simplicity for everyone.","Modifier extensions allow for extensions that *cannot* be safely ignored to be clearly distinguished from the vast majority of extensions which can be safely ignored.  This promotes interoperability by eliminating the need for implementers to prohibit the presence of extensions. For further information, see the [definition of modifier extensions](http://hl7.org/fhir/R4/extensibility.html#modifierExtension).","","","","","","","",,,,,"",,,,"BackboneElement.modifierExtension",0,*,"","ele-1:All FHIR elements must have a @value or children {hasValue() or (children().count() > id.count())}
ext-1:Must have either extensions or value[x], not both {extension.exists() != value.exists()}","N/A"
"Coverage.class.type","Coverage.class.type","","","",1,1,"","","Y","CodeableConcept {[]} {[]}
","Type of class such as 'group' or 'plan'","The type of classification for which an insurer-specific class label or number and optional name is provided, for example may be used to identify a class of coverage or employer group, Policy, Plan.","","The insurer issued label for a specific health card value.","","","","","","","",,"extensible","The policy classifications, eg. Group, Plan, Class, etc.","http://hl7.org/fhir/ValueSet/coverage-class","",,,,"Coverage.class.type",1,1,"","ele-1:All FHIR elements must have a @value or children {hasValue() or (children().count() > id.count())}
"
"Coverage.class.value","Coverage.class.value","","","",1,1,"","","Y","string {[]} {[]}
","Value associated with the type","The alphanumeric string value associated with the insurer issued label.","For example, the Group or Plan number.","The insurer issued label and value are necessary to identify the specific policy.","","","","","","","",,,,,"",,,,"Coverage.class.value",1,1,"","ele-1:All FHIR elements must have a @value or children {hasValue() or (children().count() > id.count())}
","C11 (Division,Section)","IN1-8","C.31"
"Coverage.class.name","Coverage.class.name","","","",0,1,"","","Y","string {[]} {[]}
","Human readable description of the type and value","A short description for the class.","","Used to provide a meaningful description in correspondence to the patient.","","","","","","","",,,,,"",,,,"Coverage.class.name",0,1,"","ele-1:All FHIR elements must have a @value or children {hasValue() or (children().count() > id.count())}
","C11 (Division,Section)","IN1-8","C.31"
"Coverage.class:group","Coverage.class","group","","",0,1,"Y","","","BackboneElement {[]} {[]}
","Group","A suite of underwriter specific classifiers.","For example may be used to identify a class of coverage or employer group, Policy, Plan.","The codes provided on the health card which identify or confirm the specific policy for the insurer.","","","","","","","",,,,,"",,,,"Coverage.class",0,*,"","ele-1:All FHIR elements must have a @value or children {hasValue() or (children().count() > id.count())}
"
"Coverage.class:group.id","Coverage.class.id","","","",0,1,"","","","string {[]} {[]}
","Unique id for inter-element referencing","Unique id for the element within a resource (for internal references). This may be any string value that does not contain spaces.","","","","","","","","","",,,,,"",,,,"Element.id",0,1,"","","n/a"
"Coverage.class:group.extension","Coverage.class.extension","","extensions
user content","",0,*,"","","","Extension {[]} {[]}
","Additional content defined by implementations","May be used to represent additional information that is not part of the basic definition of the element. To make the use of extensions safe and manageable, there is a strict set of governance  applied to the definition and use of extensions. Though any implementer can define an extension, there is a set of requirements that SHALL be met as part of the definition of the extension.","There can be no stigma associated with the use of extensions by any application, project, or standard - regardless of the institution or jurisdiction that uses or defines the extensions.  The use of extensions is what allows the FHIR specification to retain a core level of simplicity for everyone.","","","","","","","","",,,,,"",,,,"Element.extension",0,*,"","ele-1:All FHIR elements must have a @value or children {hasValue() or (children().count() > id.count())}
ext-1:Must have either extensions or value[x], not both {extension.exists() != value.exists()}","n/a"
"Coverage.class:group.modifierExtension","Coverage.class.modifierExtension","","extensions
user contentmodifiers","",0,*,"","Y","Y","Extension {[]} {[]}
","Extensions that cannot be ignored even if unrecognized","May be used to represent additional information that is not part of the basic definition of the element and that modifies the understanding of the element in which it is contained and/or the understanding of the containing element's descendants. Usually modifier elements provide negation or qualification. To make the use of extensions safe and manageable, there is a strict set of governance applied to the definition and use of extensions. Though any implementer can define an extension, there is a set of requirements that SHALL be met as part of the definition of the extension. Applications processing a resource are required to check for modifier extensions.

Modifier extensions SHALL NOT change the meaning of any elements on Resource or DomainResource (including cannot change the meaning of modifierExtension itself).","There can be no stigma associated with the use of extensions by any application, project, or standard - regardless of the institution or jurisdiction that uses or defines the extensions.  The use of extensions is what allows the FHIR specification to retain a core level of simplicity for everyone.","Modifier extensions allow for extensions that *cannot* be safely ignored to be clearly distinguished from the vast majority of extensions which can be safely ignored.  This promotes interoperability by eliminating the need for implementers to prohibit the presence of extensions. For further information, see the [definition of modifier extensions](http://hl7.org/fhir/R4/extensibility.html#modifierExtension).","","","","","","","",,,,,"",,,,"BackboneElement.modifierExtension",0,*,"","ele-1:All FHIR elements must have a @value or children {hasValue() or (children().count() > id.count())}
ext-1:Must have either extensions or value[x], not both {extension.exists() != value.exists()}","N/A"
"Coverage.class:group.type","Coverage.class.type","","","",1,1,"","","Y","CodeableConcept {[]} {[]}
","Type of class such as 'group' or 'plan'","The type of classification for which an insurer-specific class label or number and optional name is provided, for example may be used to identify a class of coverage or employer group, Policy, Plan.","","The insurer issued label for a specific health card value.","","","","<valueCodeableConcept xmlns=""http://hl7.org/fhir"">
  <coding>
    <system value=""http://terminology.hl7.org/CodeSystem/coverage-class""/>
    <code value=""group""/>
  </coding>
</valueCodeableConcept>","","","",,"extensible","The policy classifications, eg. Group, Plan, Class, etc.","http://hl7.org/fhir/ValueSet/coverage-class","",,,,"Coverage.class.type",1,1,"","ele-1:All FHIR elements must have a @value or children {hasValue() or (children().count() > id.count())}
"
"Coverage.class:group.value","Coverage.class.value","","","",1,1,"Y","","Y","string {[]} {[]}
","Group Identifier","The alphanumeric string value associated with the insurer issued label.","Employer account identifier","The insurer issued label and value are necessary to identify the specific policy.","","","","","","","",,,,,"",,,,"Coverage.class.value",1,1,"","ele-1:All FHIR elements must have a @value or children {hasValue() or (children().count() > id.count())}
","C11 (Division,Section)","IN1-8","C.31"
"Coverage.class:group.name","Coverage.class.name","","","",0,1,"","","Y","string {[]} {[]}
","Human readable description of the type and value","A short description for the class.","","Used to provide a meaningful description in correspondence to the patient.","","","","","","","",,,,,"",,,,"Coverage.class.name",0,1,"","ele-1:All FHIR elements must have a @value or children {hasValue() or (children().count() > id.count())}
","C11 (Division,Section)","IN1-8","C.31"
"Coverage.class:plan","Coverage.class","plan","","",0,1,"Y","","","BackboneElement {[]} {[]}
","Plan","A suite of underwriter specific classifiers.","For example may be used to identify a class of coverage or employer group, Policy, Plan.","The codes provided on the health card which identify or confirm the specific policy for the insurer.","","","","","","","",,,,,"",,,,"Coverage.class",0,*,"","ele-1:All FHIR elements must have a @value or children {hasValue() or (children().count() > id.count())}
"
"Coverage.class:plan.id","Coverage.class.id","","","",0,1,"","","","string {[]} {[]}
","Unique id for inter-element referencing","Unique id for the element within a resource (for internal references). This may be any string value that does not contain spaces.","","","","","","","","","",,,,,"",,,,"Element.id",0,1,"","","n/a"
"Coverage.class:plan.extension","Coverage.class.extension","","extensions
user content","",0,*,"","","","Extension {[]} {[]}
","Additional content defined by implementations","May be used to represent additional information that is not part of the basic definition of the element. To make the use of extensions safe and manageable, there is a strict set of governance  applied to the definition and use of extensions. Though any implementer can define an extension, there is a set of requirements that SHALL be met as part of the definition of the extension.","There can be no stigma associated with the use of extensions by any application, project, or standard - regardless of the institution or jurisdiction that uses or defines the extensions.  The use of extensions is what allows the FHIR specification to retain a core level of simplicity for everyone.","","","","","","","","",,,,,"",,,,"Element.extension",0,*,"","ele-1:All FHIR elements must have a @value or children {hasValue() or (children().count() > id.count())}
ext-1:Must have either extensions or value[x], not both {extension.exists() != value.exists()}","n/a"
"Coverage.class:plan.modifierExtension","Coverage.class.modifierExtension","","extensions
user contentmodifiers","",0,*,"","Y","Y","Extension {[]} {[]}
","Extensions that cannot be ignored even if unrecognized","May be used to represent additional information that is not part of the basic definition of the element and that modifies the understanding of the element in which it is contained and/or the understanding of the containing element's descendants. Usually modifier elements provide negation or qualification. To make the use of extensions safe and manageable, there is a strict set of governance applied to the definition and use of extensions. Though any implementer can define an extension, there is a set of requirements that SHALL be met as part of the definition of the extension. Applications processing a resource are required to check for modifier extensions.

Modifier extensions SHALL NOT change the meaning of any elements on Resource or DomainResource (including cannot change the meaning of modifierExtension itself).","There can be no stigma associated with the use of extensions by any application, project, or standard - regardless of the institution or jurisdiction that uses or defines the extensions.  The use of extensions is what allows the FHIR specification to retain a core level of simplicity for everyone.","Modifier extensions allow for extensions that *cannot* be safely ignored to be clearly distinguished from the vast majority of extensions which can be safely ignored.  This promotes interoperability by eliminating the need for implementers to prohibit the presence of extensions. For further information, see the [definition of modifier extensions](http://hl7.org/fhir/R4/extensibility.html#modifierExtension).","","","","","","","",,,,,"",,,,"BackboneElement.modifierExtension",0,*,"","ele-1:All FHIR elements must have a @value or children {hasValue() or (children().count() > id.count())}
ext-1:Must have either extensions or value[x], not both {extension.exists() != value.exists()}","N/A"
"Coverage.class:plan.type","Coverage.class.type","","","",1,1,"","","Y","CodeableConcept {[]} {[]}
","Type of class such as 'group' or 'plan'","The type of classification for which an insurer-specific class label or number and optional name is provided, for example may be used to identify a class of coverage or employer group, Policy, Plan.","","The insurer issued label for a specific health card value.","","","","<valueCodeableConcept xmlns=""http://hl7.org/fhir"">
  <coding>
    <system value=""http://terminology.hl7.org/CodeSystem/coverage-class""/>
    <code value=""plan""/>
  </coding>
</valueCodeableConcept>","","","",,"extensible","The policy classifications, eg. Group, Plan, Class, etc.","http://hl7.org/fhir/ValueSet/coverage-class","",,,,"Coverage.class.type",1,1,"","ele-1:All FHIR elements must have a @value or children {hasValue() or (children().count() > id.count())}
"
"Coverage.class:plan.value","Coverage.class.value","","","",1,1,"Y","","Y","string {[]} {[]}
","Plan Number","The alphanumeric string value associated with the insurer issued label.","Business concept used by a health plan to describe its benefit offerings","The insurer issued label and value are necessary to identify the specific policy.","","","","","","","",,,,,"",,,,"Coverage.class.value",1,1,"","ele-1:All FHIR elements must have a @value or children {hasValue() or (children().count() > id.count())}
","C11 (Division,Section)","IN1-8","C.31"
"Coverage.class:plan.name","Coverage.class.name","","","",0,1,"Y","","Y","string {[]} {[]}
","Plan Name","A short description for the class.","Name of the health plan benefit offering assigned to the Plan Identifier","Used to provide a meaningful description in correspondence to the patient.","","","","","","","",,,,,"",,,,"Coverage.class.name",0,1,"","ele-1:All FHIR elements must have a @value or children {hasValue() or (children().count() > id.count())}
","C11 (Division,Section)","IN1-8","C.31"
"Coverage.order","Coverage.order","","","",0,1,"","","Y","positiveInt {[]} {[]}
","Relative order of the coverage","The order of applicability of this coverage relative to other coverages which are currently in force. Note, there may be gaps in the numbering and this does not imply primary, secondary etc. as the specific positioning of coverages depends upon the episode of care.","","Used in managing the coordination of benefits.","","","","","","","",,,,,"",,,,"Coverage.order",0,1,"","ele-1:All FHIR elements must have a @value or children {hasValue() or (children().count() > id.count())}
","- No exact HL7 v2 equivalent concept seems to exist;"
"Coverage.network","Coverage.network","","","",0,1,"","","Y","string {[]} {[]}
","Insurer network","The insurer-specific identifier for the insurer-defined network of providers to which the beneficiary may seek treatment which will be covered at the 'in-network' rate, otherwise 'out of network' terms and conditions apply.","","Used in referral for treatment and in claims processing.","","","","","","","",,,,,"",,,,"Coverage.network",0,1,"","ele-1:All FHIR elements must have a @value or children {hasValue() or (children().count() > id.count())}
","D10"
"Coverage.costToBeneficiary","Coverage.costToBeneficiary","","CoPay
DeductibleExceptions","",0,*,"","","","BackboneElement {[]} {[]}
","Patient payments for services/products","A suite of codes indicating the cost category and associated amount which have been detailed in the policy and may have been  included on the health card.","For example by knowing the patient visit co-pay, the provider can collect the amount prior to undertaking treatment.","Required by providers to manage financial transaction with the patient.","","","","","","","",,,,,"",,,,"Coverage.costToBeneficiary",0,*,"","ele-1:All FHIR elements must have a @value or children {hasValue() or (children().count() > id.count())}
"
"Coverage.costToBeneficiary.id","Coverage.costToBeneficiary.id","","","",0,1,"","","","string {[]} {[]}
","Unique id for inter-element referencing","Unique id for the element within a resource (for internal references). This may be any string value that does not contain spaces.","","","","","","","","","",,,,,"",,,,"Element.id",0,1,"","","n/a"
"Coverage.costToBeneficiary.extension","Coverage.costToBeneficiary.extension","","extensions
user content","",0,*,"","","","Extension {[]} {[]}
","Additional content defined by implementations","May be used to represent additional information that is not part of the basic definition of the element. To make the use of extensions safe and manageable, there is a strict set of governance  applied to the definition and use of extensions. Though any implementer can define an extension, there is a set of requirements that SHALL be met as part of the definition of the extension.","There can be no stigma associated with the use of extensions by any application, project, or standard - regardless of the institution or jurisdiction that uses or defines the extensions.  The use of extensions is what allows the FHIR specification to retain a core level of simplicity for everyone.","","","","","","","","",,,,,"",,,,"Element.extension",0,*,"","ele-1:All FHIR elements must have a @value or children {hasValue() or (children().count() > id.count())}
ext-1:Must have either extensions or value[x], not both {extension.exists() != value.exists()}","n/a"
"Coverage.costToBeneficiary.modifierExtension","Coverage.costToBeneficiary.modifierExtension","","extensions
user contentmodifiers","",0,*,"","Y","Y","Extension {[]} {[]}
","Extensions that cannot be ignored even if unrecognized","May be used to represent additional information that is not part of the basic definition of the element and that modifies the understanding of the element in which it is contained and/or the understanding of the containing element's descendants. Usually modifier elements provide negation or qualification. To make the use of extensions safe and manageable, there is a strict set of governance applied to the definition and use of extensions. Though any implementer can define an extension, there is a set of requirements that SHALL be met as part of the definition of the extension. Applications processing a resource are required to check for modifier extensions.

Modifier extensions SHALL NOT change the meaning of any elements on Resource or DomainResource (including cannot change the meaning of modifierExtension itself).","There can be no stigma associated with the use of extensions by any application, project, or standard - regardless of the institution or jurisdiction that uses or defines the extensions.  The use of extensions is what allows the FHIR specification to retain a core level of simplicity for everyone.","Modifier extensions allow for extensions that *cannot* be safely ignored to be clearly distinguished from the vast majority of extensions which can be safely ignored.  This promotes interoperability by eliminating the need for implementers to prohibit the presence of extensions. For further information, see the [definition of modifier extensions](http://hl7.org/fhir/R4/extensibility.html#modifierExtension).","","","","","","","",,,,,"",,,,"BackboneElement.modifierExtension",0,*,"","ele-1:All FHIR elements must have a @value or children {hasValue() or (children().count() > id.count())}
ext-1:Must have either extensions or value[x], not both {extension.exists() != value.exists()}","N/A"
"Coverage.costToBeneficiary.type","Coverage.costToBeneficiary.type","","","",0,1,"","","Y","CodeableConcept {[]} {[]}
","Cost category","The category of patient centric costs associated with treatment.","For example visit, specialist visits, emergency, inpatient care, etc.","Needed to identify the category associated with the amount for the patient.","","","","","","","",,"extensible","The types of services to which patient copayments are specified.","http://hl7.org/fhir/ValueSet/coverage-copay-type","",,,,"Coverage.costToBeneficiary.type",0,1,"","ele-1:All FHIR elements must have a @value or children {hasValue() or (children().count() > id.count())}
"
"Coverage.costToBeneficiary.value[x]","Coverage.costToBeneficiary.value[x]","","","",1,1,"","","Y","Quantity {[CanonicalType[http://hl7.org/fhir/StructureDefinition/SimpleQuantity]]} {[]}
Money {[]} {[]}","The amount or percentage due from the beneficiary","The amount due from the patient for the cost category.","Amount may be expressed as a percentage of the service/product cost or a fixed amount of currency.","Needed to identify the amount for the patient associated with the category.","","","","","","","",,,,,"",,,,"Coverage.costToBeneficiary.value[x]",1,1,"","ele-1:All FHIR elements must have a @value or children {hasValue() or (children().count() > id.count())}
","C11 (Division,Section)","IN1-8","C.31"
"Coverage.costToBeneficiary.exception","Coverage.costToBeneficiary.exception","","","",0,*,"","","","BackboneElement {[]} {[]}
","Exceptions for patient payments","A suite of codes indicating exceptions or reductions to patient costs and their effective periods.","","Required by providers to manage financial transaction with the patient.","","","","","","","",,,,,"",,,,"Coverage.costToBeneficiary.exception",0,*,"","ele-1:All FHIR elements must have a @value or children {hasValue() or (children().count() > id.count())}
"
"Coverage.costToBeneficiary.exception.id","Coverage.costToBeneficiary.exception.id","","","",0,1,"","","","string {[]} {[]}
","Unique id for inter-element referencing","Unique id for the element within a resource (for internal references). This may be any string value that does not contain spaces.","","","","","","","","","",,,,,"",,,,"Element.id",0,1,"","","n/a"
"Coverage.costToBeneficiary.exception.extension","Coverage.costToBeneficiary.exception.extension","","extensions
user content","",0,*,"","","","Extension {[]} {[]}
","Additional content defined by implementations","May be used to represent additional information that is not part of the basic definition of the element. To make the use of extensions safe and manageable, there is a strict set of governance  applied to the definition and use of extensions. Though any implementer can define an extension, there is a set of requirements that SHALL be met as part of the definition of the extension.","There can be no stigma associated with the use of extensions by any application, project, or standard - regardless of the institution or jurisdiction that uses or defines the extensions.  The use of extensions is what allows the FHIR specification to retain a core level of simplicity for everyone.","","","","","","","","",,,,,"",,,,"Element.extension",0,*,"","ele-1:All FHIR elements must have a @value or children {hasValue() or (children().count() > id.count())}
ext-1:Must have either extensions or value[x], not both {extension.exists() != value.exists()}","n/a"
"Coverage.costToBeneficiary.exception.modifierExtension","Coverage.costToBeneficiary.exception.modifierExtension","","extensions
user contentmodifiers","",0,*,"","Y","Y","Extension {[]} {[]}
","Extensions that cannot be ignored even if unrecognized","May be used to represent additional information that is not part of the basic definition of the element and that modifies the understanding of the element in which it is contained and/or the understanding of the containing element's descendants. Usually modifier elements provide negation or qualification. To make the use of extensions safe and manageable, there is a strict set of governance applied to the definition and use of extensions. Though any implementer can define an extension, there is a set of requirements that SHALL be met as part of the definition of the extension. Applications processing a resource are required to check for modifier extensions.

Modifier extensions SHALL NOT change the meaning of any elements on Resource or DomainResource (including cannot change the meaning of modifierExtension itself).","There can be no stigma associated with the use of extensions by any application, project, or standard - regardless of the institution or jurisdiction that uses or defines the extensions.  The use of extensions is what allows the FHIR specification to retain a core level of simplicity for everyone.","Modifier extensions allow for extensions that *cannot* be safely ignored to be clearly distinguished from the vast majority of extensions which can be safely ignored.  This promotes interoperability by eliminating the need for implementers to prohibit the presence of extensions. For further information, see the [definition of modifier extensions](http://hl7.org/fhir/R4/extensibility.html#modifierExtension).","","","","","","","",,,,,"",,,,"BackboneElement.modifierExtension",0,*,"","ele-1:All FHIR elements must have a @value or children {hasValue() or (children().count() > id.count())}
ext-1:Must have either extensions or value[x], not both {extension.exists() != value.exists()}","N/A"
"Coverage.costToBeneficiary.exception.type","Coverage.costToBeneficiary.exception.type","","","",1,1,"","","Y","CodeableConcept {[]} {[]}
","Exception category","The code for the specific exception.","","Needed to identify the exception associated with the amount for the patient.","","","","","","","",,"example","The types of exceptions from the part or full value of financial obligations such as copays.","http://hl7.org/fhir/ValueSet/coverage-financial-exception","",,,,"Coverage.costToBeneficiary.exception.type",1,1,"","ele-1:All FHIR elements must have a @value or children {hasValue() or (children().count() > id.count())}
"
"Coverage.costToBeneficiary.exception.period","Coverage.costToBeneficiary.exception.period","","","",0,1,"","","Y","Period {[]} {[]}
","The effective period of the exception","The timeframe during when the exception is in force.","","Needed to identify the applicable timeframe for the exception for the correct calculation of patient costs.","","","","","","","",,,,,"",,,,"Coverage.costToBeneficiary.exception.period",0,1,"","ele-1:All FHIR elements must have a @value or children {hasValue() or (children().count() > id.count())}
"
"Coverage.subrogation","Coverage.subrogation","","","",0,1,"","","","boolean {[]} {[]}
","Reimbursement to insurer","When 'subrogation=true' this insurance instance has been included not for adjudication but to provide insurers with the details to recover costs.","Typically, automotive and worker's compensation policies would be flagged with 'subrogation=true' to enable healthcare payors to collect against accident claims.","See definition for when to be used.","","","","","","","",,,,,"",,,,"Coverage.subrogation",0,1,"","ele-1:All FHIR elements must have a @value or children {hasValue() or (children().count() > id.count())}
"
"Coverage.contract","Coverage.contract","","","",0,*,"","","","Reference {[]} {[CanonicalType[http://hl7.org/fhir/StructureDefinition/Contract]]}
","Contract details","The policy(s) which constitute this insurance coverage.","","To reference the legally binding contract between the policy holder and the insurer.","","","","","","","",,,,,"",,,,"Coverage.contract",0,*,"","ele-1:All FHIR elements must have a @value or children {hasValue() or (children().count() > id.count())}
","n/a","D01 through D09","IN1-16, 18,  19","C.35"
