<?xml version="1.0" encoding="UTF-8"?><CodeSystem xmlns="http://hl7.org/fhir"><id value="us-core-category"/><text><status value="generated"/><div xmlns="http://www.w3.org/1999/xhtml"><p class="res-header-id"><b>Generated Narrative: CodeSystem us-core-category</b></p><a name="us-core-category"> </a><a name="hcus-core-category"> </a><a name="us-core-category-en-US"> </a><p>This case-sensitive code system <code>http://hl7.org/fhir/us/core/CodeSystem/us-core-category</code> defines the following codes:</p><table class="codes"><tr><td style="white-space:nowrap"><b>Code</b></td><td><b>Display</b></td><td><b>Definition</b></td></tr><tr><td style="white-space:nowrap">sdoh<a name="us-core-category-sdoh"> </a></td><td>SDOH</td><td>Social Determinants of Health category</td></tr><tr><td style="white-space:nowrap">functional-status<a name="us-core-category-functional-status"> </a></td><td>Functional Status</td><td>Functional Status category</td></tr><tr><td style="white-space:nowrap">disability-status<a name="us-core-category-disability-status"> </a></td><td>Disability Status</td><td>Disability Status category</td></tr><tr><td style="white-space:nowrap">cognitive-status<a name="us-core-category-cognitive-status"> </a></td><td>Cognitive Status</td><td>Cognitive Status category</td></tr><tr><td style="white-space:nowrap">treatment-intervention-preference<a name="us-core-category-treatment-intervention-preference"> </a></td><td>Treatment Intervention Preference</td><td>A personal preference for a type of medical intervention (treatment) request under certain conditions.</td></tr><tr><td style="white-space:nowrap">care-experience-preference<a name="us-core-category-care-experience-preference"> </a></td><td>Care Experience Preference</td><td>Personal thoughts about something a person feels is relevant to their care experience and may be pertinent when planning their care.</td></tr><tr><td style="white-space:nowrap">observation-adi-documentation<a name="us-core-category-observation-adi-documentation"> </a></td><td>Observation ADI Documentation</td><td>Statement of presence and properties of patient or provider authored documents that record a patient's goals, preferences and priorities should a patient be unable to communicate them to a provider.</td></tr></table></div></text><extension url="http://hl7.org/fhir/StructureDefinition/structuredefinition-wg"><valueCode value="cgp"/></extension><extension url="http://hl7.org/fhir/StructureDefinition/structuredefinition-fmm"><valueInteger value="3"><extension url="http://hl7.org/fhir/StructureDefinition/structuredefinition-conformance-derivedFrom"><valueCanonical value="http://hl7.org/fhir/us/core/ImplementationGuide/hl7.fhir.us.core"/></extension></valueInteger></extension><extension url="http://hl7.org/fhir/StructureDefinition/structuredefinition-standards-status"><valueCode value="trial-use"><extension url="http://hl7.org/fhir/StructureDefinition/structuredefinition-conformance-derivedFrom"><valueCanonical value="http://hl7.org/fhir/us/core/ImplementationGuide/hl7.fhir.us.core"/></extension></valueCode></extension><url value="http://hl7.org/fhir/us/core/CodeSystem/us-core-category"/><identifier><system value="urn:ietf:rfc:3986"/><value value="urn:oid:2.16.840.1.113883.4.642.40.2.16.3"/></identifier><version value="8.0.0"/><name value="USCoreCategory"/><title value="US Core Category"/><status value="active"/><experimental value="false"/><date value="2022-04-20"/><publisher value="HL7 International / Cross-Group Projects"/><contact><name value="HL7 International / Cross-Group Projects"/><telecom><system value="url"/><value value="http://www.hl7.org/Special/committees/cgp"/></telecom><telecom><system value="email"/><value value="cgp@lists.HL7.org"/></telecom></contact><description value="Category codes used across US Core Profiles and resource types. They are typically used when there is a need for categorization for searching and finding resources or workflow hints."/><jurisdiction><coding><system value="urn:iso:std:iso:3166"/><code value="US"/></coding></jurisdiction><copyright value="Used by permission of HL7 International, all rights reserved Creative Commons License"/><caseSensitive value="true"/><content value="complete"/><concept><code value="sdoh"/><display value="SDOH"/><definition value="Social Determinants of Health category"/><designation><use><system value="http://terminology.hl7.org/CodeSystem/designation-usage"/><code value="display"/></use><value value="SDOH"/></designation><designation><use><system value="http://terminology.hl7.org/CodeSystem/designation-usage"/><code value="display"/></use><value value="SDOH"/></designation><designation><use><system value="http://terminology.hl7.org/CodeSystem/designation-usage"/><code value="display"/></use><value value="SDOH"/></designation><designation><use><system value="http://terminology.hl7.org/CodeSystem/designation-usage"/><code value="display"/></use><value value="SDOH"/></designation><designation><use><system value="http://terminology.hl7.org/CodeSystem/designation-usage"/><code value="display"/></use><value value="SDOH"/></designation></concept><concept><code value="functional-status"/><display value="Functional Status"/><definition value="Functional Status category"/><designation><use><system value="http://terminology.hl7.org/CodeSystem/designation-usage"/><code value="display"/></use><value value="Functional Status"/></designation><designation><use><system value="http://terminology.hl7.org/CodeSystem/designation-usage"/><code value="display"/></use><value value="Functional Status"/></designation><designation><use><system value="http://terminology.hl7.org/CodeSystem/designation-usage"/><code value="display"/></use><value value="Functional Status"/></designation><designation><use><system value="http://terminology.hl7.org/CodeSystem/designation-usage"/><code value="display"/></use><value value="Functional Status"/></designation><designation><use><system value="http://terminology.hl7.org/CodeSystem/designation-usage"/><code value="display"/></use><value value="Functional Status"/></designation></concept><concept><code value="disability-status"/><display value="Disability Status"/><definition value="Disability Status category"/><designation><use><system value="http://terminology.hl7.org/CodeSystem/designation-usage"/><code value="display"/></use><value value="Disability Status"/></designation><designation><use><system value="http://terminology.hl7.org/CodeSystem/designation-usage"/><code value="display"/></use><value value="Disability Status"/></designation><designation><use><system value="http://terminology.hl7.org/CodeSystem/designation-usage"/><code value="display"/></use><value value="Disability Status"/></designation><designation><use><system value="http://terminology.hl7.org/CodeSystem/designation-usage"/><code value="display"/></use><value value="Disability Status"/></designation><designation><use><system value="http://terminology.hl7.org/CodeSystem/designation-usage"/><code value="display"/></use><value value="Disability Status"/></designation></concept><concept><code value="cognitive-status"/><display value="Cognitive Status"/><definition value="Cognitive Status category"/><designation><use><system value="http://terminology.hl7.org/CodeSystem/designation-usage"/><code value="display"/></use><value value="Cognitive Status"/></designation><designation><use><system value="http://terminology.hl7.org/CodeSystem/designation-usage"/><code value="display"/></use><value value="Cognitive Status"/></designation><designation><use><system value="http://terminology.hl7.org/CodeSystem/designation-usage"/><code value="display"/></use><value value="Cognitive Status"/></designation><designation><use><system value="http://terminology.hl7.org/CodeSystem/designation-usage"/><code value="display"/></use><value value="Cognitive Status"/></designation><designation><use><system value="http://terminology.hl7.org/CodeSystem/designation-usage"/><code value="display"/></use><value value="Cognitive Status"/></designation></concept><concept><code value="treatment-intervention-preference"/><display value="Treatment Intervention Preference"/><definition value="A personal preference for a type of medical intervention (treatment) request under certain conditions."/><designation><use><system value="http://terminology.hl7.org/CodeSystem/designation-usage"/><code value="display"/></use><value value="Treatment Intervention Preference"/></designation><designation><use><system value="http://terminology.hl7.org/CodeSystem/designation-usage"/><code value="display"/></use><value value="Treatment Intervention Preference"/></designation><designation><use><system value="http://terminology.hl7.org/CodeSystem/designation-usage"/><code value="display"/></use><value value="Treatment Intervention Preference"/></designation><designation><use><system value="http://terminology.hl7.org/CodeSystem/designation-usage"/><code value="display"/></use><value value="Treatment Intervention Preference"/></designation><designation><use><system value="http://terminology.hl7.org/CodeSystem/designation-usage"/><code value="display"/></use><value value="Treatment Intervention Preference"/></designation></concept><concept><code value="care-experience-preference"/><display value="Care Experience Preference"/><definition value="Personal thoughts about something a person feels is relevant to their care experience and may be pertinent when planning their care."/><designation><use><system value="http://terminology.hl7.org/CodeSystem/designation-usage"/><code value="display"/></use><value value="Care Experience Preference"/></designation><designation><use><system value="http://terminology.hl7.org/CodeSystem/designation-usage"/><code value="display"/></use><value value="Care Experience Preference"/></designation><designation><use><system value="http://terminology.hl7.org/CodeSystem/designation-usage"/><code value="display"/></use><value value="Care Experience Preference"/></designation><designation><use><system value="http://terminology.hl7.org/CodeSystem/designation-usage"/><code value="display"/></use><value value="Care Experience Preference"/></designation><designation><use><system value="http://terminology.hl7.org/CodeSystem/designation-usage"/><code value="display"/></use><value value="Care Experience Preference"/></designation></concept><concept><code value="observation-adi-documentation"/><display value="Observation ADI Documentation"/><definition value="Statement of presence and properties of patient or provider authored documents that record a patient's goals, preferences and priorities should a patient be unable to communicate them to a provider."/><designation><use><system value="http://terminology.hl7.org/CodeSystem/designation-usage"/><code value="display"/></use><value value="Observation ADI Documentation"/></designation><designation><use><system value="http://terminology.hl7.org/CodeSystem/designation-usage"/><code value="display"/></use><value value="Observation ADI Documentation"/></designation><designation><use><system value="http://terminology.hl7.org/CodeSystem/designation-usage"/><code value="display"/></use><value value="Observation ADI Documentation"/></designation><designation><use><system value="http://terminology.hl7.org/CodeSystem/designation-usage"/><code value="display"/></use><value value="Observation ADI Documentation"/></designation><designation><use><system value="http://terminology.hl7.org/CodeSystem/designation-usage"/><code value="display"/></use><value value="Observation ADI Documentation"/></designation></concept></CodeSystem>