<?xml version="1.0" encoding="UTF-8"?><CodeSystem xmlns="http://hl7.org/fhir"><id value="us-core-documentreference-category"/><text><status value="generated"/><div xmlns="http://www.w3.org/1999/xhtml"><p class="res-header-id"><b>Generated Narrative: CodeSystem us-core-documentreference-category</b></p><a name="us-core-documentreference-category"> </a><a name="hcus-core-documentreference-category"> </a><a name="us-core-documentreference-category-en-US"> </a><p>This case-sensitive code system <code>http://hl7.org/fhir/us/core/CodeSystem/us-core-documentreference-category</code> defines the following code:</p><table class="codes"><tr><td style="white-space:nowrap"><b>Code</b></td><td><b>Display</b></td><td><b>Definition</b></td></tr><tr><td style="white-space:nowrap">clinical-note<a name="us-core-documentreference-category-clinical-note"> </a></td><td>Clinical Note</td><td><div><p>Part of health record where healthcare professionals record details to document a patient's clinical status or achievements during the course of a hospitalization or over the course of outpatient care (<a href="https://en.wikipedia.org/wiki/Progress_note">Wikipedia</a>)</p>
</div></td></tr></table></div></text><extension url="http://hl7.org/fhir/StructureDefinition/structuredefinition-wg"><valueCode value="cgp"/></extension><extension url="http://hl7.org/fhir/StructureDefinition/structuredefinition-fmm"><valueInteger value="3"><extension url="http://hl7.org/fhir/StructureDefinition/structuredefinition-conformance-derivedFrom"><valueCanonical value="http://hl7.org/fhir/us/core/ImplementationGuide/hl7.fhir.us.core"/></extension></valueInteger></extension><extension url="http://hl7.org/fhir/StructureDefinition/structuredefinition-standards-status"><valueCode value="trial-use"><extension url="http://hl7.org/fhir/StructureDefinition/structuredefinition-conformance-derivedFrom"><valueCanonical value="http://hl7.org/fhir/us/core/ImplementationGuide/hl7.fhir.us.core"/></extension></valueCode></extension><url value="http://hl7.org/fhir/us/core/CodeSystem/us-core-documentreference-category"/><identifier><system value="urn:ietf:rfc:3986"/><value value="urn:oid:2.16.840.1.113883.4.642.40.2.16.4"/></identifier><version value="8.0.0"/><name value="USCoreDocumentReferencesCategoryCodes"/><title value="US Core DocumentReferences Category Codes"/><status value="active"/><experimental value="false"/><date value="2019-05-21"/><publisher value="HL7 International / Cross-Group Projects"/><contact><name value="HL7 International / Cross-Group Projects"/><telecom><system value="url"/><value value="http://www.hl7.org/Special/committees/cgp"/></telecom><telecom><system value="email"/><value value="cgp@lists.HL7.org"/></telecom></contact><description value="The US Core DocumentReferences Type Code System is a 'starter set' of categories supported for fetching and storing DocumentReference Resources."/><jurisdiction><coding><system value="urn:iso:std:iso:3166"/><code value="US"/></coding></jurisdiction><copyright value="Used by permission of HL7 International, all rights reserved Creative Commons License"/><caseSensitive value="true"/><valueSet value="http://hl7.org/fhir/us/core/ValueSet/us-core-documentreference-category"/><content value="complete"/><count value="1"/><concept><code value="clinical-note"/><display value="Clinical Note"/><definition value="Part of health record where healthcare professionals record details to document a patient's clinical status or achievements during the course of a hospitalization or over the course of outpatient care ([Wikipedia](https://en.wikipedia.org/wiki/Progress_note))"/><designation><use><system value="http://terminology.hl7.org/CodeSystem/designation-usage"/><code value="display"/></use><value value="Clinical Note"/></designation></concept></CodeSystem>