<?xml version="1.0" encoding="UTF-8"?><CodeSystem xmlns="http://hl7.org/fhir"><id value="careplan-category"/><text><status value="generated"/><div xmlns="http://www.w3.org/1999/xhtml"><p class="res-header-id"><b>Generated Narrative: CodeSystem careplan-category</b></p><a name="careplan-category"> </a><a name="hccareplan-category"> </a><a name="careplan-category-en-US"> </a><p>This case-sensitive code system <code>http://hl7.org/fhir/us/core/CodeSystem/careplan-category</code> defines the following code:</p><table class="codes"><tr><td style="white-space:nowrap"><b>Code</b></td><td><b>Display</b></td><td><b>Definition</b></td></tr><tr><td style="white-space:nowrap">assess-plan<a name="careplan-category-assess-plan"> </a></td><td>Assessment and Plan of Treatment</td><td>The clinical conclusions and assumptions that guide the patient's treatment and the clinical activities formulated for a patient.</td></tr></table></div></text><extension url="http://hl7.org/fhir/StructureDefinition/structuredefinition-wg"><valueCode value="cgp"/></extension><extension url="http://hl7.org/fhir/StructureDefinition/structuredefinition-fmm"><valueInteger value="3"><extension url="http://hl7.org/fhir/StructureDefinition/structuredefinition-conformance-derivedFrom"><valueCanonical value="http://hl7.org/fhir/us/core/ImplementationGuide/hl7.fhir.us.core"/></extension></valueInteger></extension><extension url="http://hl7.org/fhir/StructureDefinition/structuredefinition-standards-status"><valueCode value="trial-use"><extension url="http://hl7.org/fhir/StructureDefinition/structuredefinition-conformance-derivedFrom"><valueCanonical value="http://hl7.org/fhir/us/core/ImplementationGuide/hl7.fhir.us.core"/></extension></valueCode></extension><url value="http://hl7.org/fhir/us/core/CodeSystem/careplan-category"/><identifier><system value="urn:ietf:rfc:3986"/><value value="urn:oid:2.16.840.1.113883.4.642.40.2.16.1"/></identifier><version value="8.0.0"/><name value="USCoreCarePlanCategoryExtensionCodes"/><title value="US Core CarePlan Category Extension Codes"/><status value="active"/><experimental value="false"/><date value="2022-09-29T14:59:24-07:00"/><publisher value="HL7 International / Cross-Group Projects"/><contact><name value="HL7 International / Cross-Group Projects"/><telecom><system value="url"/><value value="http://www.hl7.org/Special/committees/cgp"/></telecom><telecom><system value="email"/><value value="cgp@lists.HL7.org"/></telecom></contact><description value="Set of codes that are needed for implementation of the US-Core CarePlan Profile. These codes are used as extensions to the FHIR ValueSet."/><jurisdiction><coding><system value="urn:iso:std:iso:3166"/><code value="US"/></coding></jurisdiction><copyright value="Used by permission of HL7 International, all rights reserved Creative Commons License"/><caseSensitive value="true"/><content value="complete"/><concept><code value="assess-plan"/><display value="Assessment and Plan of Treatment"/><definition value="The clinical conclusions and assumptions that guide the patient's treatment and the clinical activities formulated for a patient."/></concept></CodeSystem>