<?xml version="1.0" encoding="UTF-8"?><SearchParameter xmlns="http://hl7.org/fhir"><id value="us-core-ethnicity"/><text><status value="generated"/><div xmlns="http://www.w3.org/1999/xhtml">  <!-- <h2>SearchParameter: USCoreEthnicity</h2>
				<b> description</b> : <p>Returns patients with an ethnicity extension matching the specified code.</p>

			<br/> --><p><b> id</b> us-core-ethnicity</p><p><b> url</b> : <b> http://hl7.org/fhir/us/core/SearchParameter/us-core-ethnicity</b>
			</p><p><b> version</b> : 4.1.0</p><p><b> name</b> : USCoreEthnicity</p><p><b> status</b> : active</p><p><b> date</b> : 04/14/2022</p><p><b> publisher</b> : HL7 International - Cross-Group Projects</p><p><b> contact</b> : http://www.hl7.org/Special/committees/cgp</p>  <!-- 
			<p>
				<b> useContext</b> : </p>
             --><p><b> jurisdiction</b> : United States of America (the) <span> (Details : {urn:iso:std:iso:3166 code 'US' = 'United States of America', given as 'United
           States of America (the)'})</span>
			</p>  <!-- 
	<p>
		<b> purpose</b> : Need to search by identifier for various infrastructural cases - mainly retrieving packages,
         and matching as part of a chain</p>
   --><p><b> code</b> : <code>ethnicity</code>
			</p><p><b> base</b> :Patient</p><p><b> type</b> : token</p><p><b> expression</b> : <code>Patient.extension.where(url = 'http://hl7.org/fhir/us/core/StructureDefinition/us-core-ethnicity').extension.value.code</code>
			</p><p><b> xpath</b> : <code>f:Patient/f:extension[@url='http://hl7.org/fhir/us/core/StructureDefinition/us-core-ethnicity']/f:extension/f:valueCoding/f:code/@value</code>
			</p><p><b> xpathUsage</b> : normal</p><p><b> multipleOr</b> : True   (Conformance Expectation = MAY)</p><p><b> multipleAnd</b> : True  ( Conformance Expectation = MAY)</p></div></text><extension url="http://hl7.org/fhir/StructureDefinition/structuredefinition-wg"><valueCode value="cgp"/></extension><extension url="http://hl7.org/fhir/StructureDefinition/structuredefinition-fmm"><valueInteger value="3"><extension url="http://hl7.org/fhir/StructureDefinition/structuredefinition-conformance-derivedFrom"><valueCanonical value="http://hl7.org/fhir/us/core/ImplementationGuide/hl7.fhir.us.core"/></extension></valueInteger></extension><extension url="http://hl7.org/fhir/StructureDefinition/structuredefinition-standards-status"><valueCode value="trial-use"><extension url="http://hl7.org/fhir/StructureDefinition/structuredefinition-conformance-derivedFrom"><valueCanonical value="http://hl7.org/fhir/us/core/ImplementationGuide/hl7.fhir.us.core"/></extension></valueCode></extension><url value="http://hl7.org/fhir/us/core/SearchParameter/us-core-ethnicity"/><version value="8.0.0"/><name value="USCoreEthnicity"/><status value="active"/><date value="2022-04-14"/><publisher value="HL7 International / Cross-Group Projects"/><contact><name value="HL7 International / Cross-Group Projects"/><telecom><system value="url"/><value value="http://www.hl7.org/Special/committees/cgp"/></telecom><telecom><system value="email"/><value value="cgp@lists.HL7.org"/></telecom></contact><description value="Returns patients with an ethnicity extension matching the specified code."/><jurisdiction><coding><system value="urn:iso:std:iso:3166"/><code value="US"/></coding></jurisdiction><code value="ethnicity"/><base value="Patient"/><type value="token"/><expression value="Patient.extension.where(url = 'http://hl7.org/fhir/us/core/StructureDefinition/us-core-ethnicity').extension.value.code"/><xpathUsage value="normal"/><multipleOr value="true"><extension url="http://hl7.org/fhir/StructureDefinition/capabilitystatement-expectation"><valueCode value="MAY"/></extension></multipleOr><multipleAnd value="true"><extension url="http://hl7.org/fhir/StructureDefinition/capabilitystatement-expectation"><valueCode value="MAY"/></extension></multipleAnd></SearchParameter>