<?xml version="1.0" encoding="UTF-8"?><ValueSet xmlns="http://hl7.org/fhir"><id value="us-core-screening-assessment-condition-category"/><text><status value="extensions"/><div xmlns="http://www.w3.org/1999/xhtml"><p class="res-header-id"><b>Generated Narrative: ValueSet us-core-screening-assessment-condition-category</b></p><a name="us-core-screening-assessment-condition-category"> </a><a name="hcus-core-screening-assessment-condition-category"> </a><a name="us-core-screening-assessment-condition-category-en-US"> </a><ul><li>Include these codes as defined in <a href="CodeSystem-us-core-category.html"><code>http://hl7.org/fhir/us/core/CodeSystem/us-core-category</code></a><table class="none"><tr><td style="white-space:nowrap"><b>Code</b></td><td><b>Display</b></td><td><b>Definition</b></td></tr><tr><td><a href="CodeSystem-us-core-category.html#us-core-category-sdoh">sdoh</a></td><td style="color: #cccccc">SDOH</td><td>Social Determinants of Health category</td></tr></table></li></ul></div></text><extension url="http://hl7.org/fhir/StructureDefinition/structuredefinition-wg"><valueCode value="cgp"/></extension><extension url="http://hl7.org/fhir/StructureDefinition/structuredefinition-fmm"><valueInteger value="3"><extension url="http://hl7.org/fhir/StructureDefinition/structuredefinition-conformance-derivedFrom"><valueCanonical value="http://hl7.org/fhir/us/core/ImplementationGuide/hl7.fhir.us.core"/></extension></valueInteger></extension><extension url="http://hl7.org/fhir/StructureDefinition/structuredefinition-standards-status"><valueCode value="trial-use"><extension url="http://hl7.org/fhir/StructureDefinition/structuredefinition-conformance-derivedFrom"><valueCanonical value="http://hl7.org/fhir/us/core/ImplementationGuide/hl7.fhir.us.core"/></extension></valueCode></extension><url value="http://hl7.org/fhir/us/core/ValueSet/us-core-screening-assessment-condition-category"/><identifier><system value="urn:ietf:rfc:3986"/><value value="urn:oid:2.16.840.1.113883.4.642.40.2.48.11"/></identifier><version value="8.0.0"/><name value="USCoreScreeningAssessmentConditionCategory"/><title value="US Core Screening Assessment Condition Category"/><status value="active"/><experimental value="false"/><date value="2024-11-16"/><publisher value="HL7 International / Cross-Group Projects"/><contact><name value="HL7 International / Cross-Group Projects"/><telecom><system value="url"/><value value="http://www.hl7.org/Special/committees/cgp"/></telecom><telecom><system value="email"/><value value="cgp@lists.HL7.org"/></telecom></contact><description value="This value set consists of the single code &quot;sdoh&quot;. It is the minimum value set of category codes used in the US Core Condition Problems and Health Concerns Profile that any conformant system **SHALL** support to help identify the type of USCDI Health Status/Assessment data class being reported."/><jurisdiction><coding><system value="urn:iso:std:iso:3166"/><code value="US"/></coding></jurisdiction><copyright value="Used by permission of HL7 International, all rights reserved Creative Commons License"/><compose><include><system value="http://hl7.org/fhir/us/core/CodeSystem/us-core-category"/><concept><code value="sdoh"/></concept></include></compose></ValueSet>