<?xml version="1.0" encoding="UTF-8"?><ValueSet xmlns="http://hl7.org/fhir"><id value="us-core-simple-observation-category"/><text><status value="generated"/><div xmlns="http://www.w3.org/1999/xhtml"><p class="res-header-id"><b>Generated Narrative: ValueSet us-core-simple-observation-category</b></p><a name="us-core-simple-observation-category"> </a><a name="hcus-core-simple-observation-category"> </a><a name="us-core-simple-observation-category-en-US"> </a><p>This value set includes codes based on the following rules:</p><ul><li>Include all codes defined in <a href="CodeSystem-us-core-category.html"><code>http://hl7.org/fhir/us/core/CodeSystem/us-core-category</code></a></li><li>Include all codes defined in <a href="http://terminology.hl7.org/5.5.0/CodeSystem-observation-category.html"><code>http://terminology.hl7.org/CodeSystem/observation-category</code></a></li></ul></div></text><extension url="http://hl7.org/fhir/StructureDefinition/structuredefinition-wg"><valueCode value="cgp"/></extension><extension url="http://hl7.org/fhir/StructureDefinition/structuredefinition-fmm"><valueInteger value="3"><extension url="http://hl7.org/fhir/StructureDefinition/structuredefinition-conformance-derivedFrom"><valueCanonical value="http://hl7.org/fhir/us/core/ImplementationGuide/hl7.fhir.us.core"/></extension></valueInteger></extension><extension url="http://hl7.org/fhir/StructureDefinition/structuredefinition-standards-status"><valueCode value="trial-use"><extension url="http://hl7.org/fhir/StructureDefinition/structuredefinition-conformance-derivedFrom"><valueCanonical value="http://hl7.org/fhir/us/core/ImplementationGuide/hl7.fhir.us.core"/></extension></valueCode></extension><url value="http://hl7.org/fhir/us/core/ValueSet/us-core-simple-observation-category"/><identifier><system value="urn:ietf:rfc:3986"/><value value="urn:oid:2.16.840.1.113883.4.642.40.2.48.14"/></identifier><version value="8.0.0"/><name value="USCoreSimpleObservationCategory"/><title value="US Core Simple Observation Category"/><status value="active"/><experimental value="false"/><date value="2024-11-16"/><publisher value="HL7 International / Cross-Group Projects"/><contact><name value="HL7 International / Cross-Group Projects"/><telecom><system value="url"/><value value="http://www.hl7.org/Special/committees/cgp"/></telecom><telecom><system value="email"/><value value="cgp@lists.HL7.org"/></telecom></contact><description value="This value set is a value set of category codes used in the US Core Simple Observation and Condition Problems and Health Concerns Profiles that any conformant system **SHOULD** support to help identify the type of USCDI Health Status/Assessment data class being reported."/><jurisdiction><coding><system value="urn:iso:std:iso:3166"/><code value="US"/></coding></jurisdiction><copyright value="Used by permission of HL7 International, all rights reserved Creative Commons License"/><compose><include><system value="http://hl7.org/fhir/us/core/CodeSystem/us-core-category"/></include><include><system value="http://terminology.hl7.org/CodeSystem/observation-category"/></include></compose></ValueSet>