<?xml version="1.0" encoding="UTF-8"?><ValueSet xmlns="http://hl7.org/fhir"><id value="us-core-diagnosticreport-category"/><text><status value="generated"/><div xmlns="http://www.w3.org/1999/xhtml"><p class="res-header-id"><b>Generated Narrative: ValueSet us-core-diagnosticreport-category</b></p><a name="us-core-diagnosticreport-category"> </a><a name="hcus-core-diagnosticreport-category"> </a><a name="us-core-diagnosticreport-category-en-US"> </a><ul><li>Include these codes as defined in <a href="http://loinc.org"><code>http://loinc.org</code></a><table class="none"><tr><td style="white-space:nowrap"><b>Code</b></td><td><b>Display</b></td></tr><tr><td><a href="https://loinc.org/LP29684-5/">LP29684-5</a></td><td>Radiology</td></tr><tr><td><a href="https://loinc.org/LP29708-2/">LP29708-2</a></td><td>Cardiology</td></tr><tr><td><a href="https://loinc.org/LP7839-6/">LP7839-6</a></td><td>Pathology</td></tr></table></li></ul></div></text><extension url="http://hl7.org/fhir/StructureDefinition/structuredefinition-wg"><valueCode value="cgp"/></extension><extension url="http://hl7.org/fhir/StructureDefinition/structuredefinition-fmm"><valueInteger value="3"><extension url="http://hl7.org/fhir/StructureDefinition/structuredefinition-conformance-derivedFrom"><valueCanonical value="http://hl7.org/fhir/us/core/ImplementationGuide/hl7.fhir.us.core"/></extension></valueInteger></extension><extension url="http://hl7.org/fhir/StructureDefinition/structuredefinition-standards-status"><valueCode value="trial-use"><extension url="http://hl7.org/fhir/StructureDefinition/structuredefinition-conformance-derivedFrom"><valueCanonical value="http://hl7.org/fhir/us/core/ImplementationGuide/hl7.fhir.us.core"/></extension></valueCode></extension><url value="http://hl7.org/fhir/us/core/ValueSet/us-core-diagnosticreport-category"/><identifier><system value="urn:ietf:rfc:3986"/><value value="urn:oid:2.16.840.1.113883.4.642.40.2.48.4"/></identifier><version value="8.0.0"/><name value="USCoreDiagnosticReportCategory"/><title value="US Core Diagnostic Report Category Codes"/><status value="active"/><experimental value="false"/><date value="2022-09-29"/><publisher value="HL7 International / Cross-Group Projects"/><contact><name value="HL7 International / Cross-Group Projects"/><telecom><system value="url"/><value value="http://www.hl7.org/Special/committees/cgp"/></telecom><telecom><system value="email"/><value value="cgp@lists.HL7.org"/></telecom></contact><description value="The US Core Diagnostic Report Category Value Set is a 'starter set' of categories supported for fetching and Diagnostic Reports and notes."/><jurisdiction><coding><system value="urn:iso:std:iso:3166"/><code value="US"/></coding></jurisdiction><copyright value="This material contains content from LOINC (http://loinc.org). LOINC is copyright © 1995-2020, Regenstrief Institute, Inc. and the Logical Observation Identifiers Names and Codes (LOINC) Committee and is available at no cost under the license at http://loinc.org/license. LOINC® is a registered United States trademark of Regenstrief Institute, Inc"/><compose><include><system value="http://loinc.org"/><concept><code value="LP29684-5"/><display value="Radiology"/></concept><concept><code value="LP29708-2"/><display value="Cardiology"/></concept><concept><code value="LP7839-6"/><display value="Pathology"/></concept></include></compose></ValueSet>