<?xml version="1.0" encoding="UTF-8"?><ValueSet xmlns="http://hl7.org/fhir"><id value="us-core-diagnosticreport-report-and-note-codes"/><text><status value="generated"/><div xmlns="http://www.w3.org/1999/xhtml"><p class="res-header-id"><b>Generated Narrative: ValueSet us-core-diagnosticreport-report-and-note-codes</b></p><a name="us-core-diagnosticreport-report-and-note-codes"> </a><a name="hcus-core-diagnosticreport-report-and-note-codes"> </a><a name="us-core-diagnosticreport-report-and-note-codes-en-US"> </a><ul><li>Include codes from<a href="http://loinc.org"><code>http://loinc.org</code></a> where CLASSTYPE  = 2</li></ul></div></text><extension url="http://hl7.org/fhir/StructureDefinition/structuredefinition-wg"><valueCode value="cgp"/></extension><extension url="http://hl7.org/fhir/StructureDefinition/structuredefinition-fmm"><valueInteger value="3"><extension url="http://hl7.org/fhir/StructureDefinition/structuredefinition-conformance-derivedFrom"><valueCanonical value="http://hl7.org/fhir/us/core/ImplementationGuide/hl7.fhir.us.core"/></extension></valueInteger></extension><extension url="http://hl7.org/fhir/StructureDefinition/structuredefinition-standards-status"><valueCode value="trial-use"><extension url="http://hl7.org/fhir/StructureDefinition/structuredefinition-conformance-derivedFrom"><valueCanonical value="http://hl7.org/fhir/us/core/ImplementationGuide/hl7.fhir.us.core"/></extension></valueCode></extension><url value="http://hl7.org/fhir/us/core/ValueSet/us-core-diagnosticreport-report-and-note-codes"/><identifier><system value="urn:ietf:rfc:3986"/><value value="urn:oid:2.16.840.1.113883.4.642.40.2.48.5"/></identifier><version value="8.0.0"/><name value="USCoreNonLaboratoryCodes"/><title value="US Core Non Laboratory Codes"/><status value="active"/><experimental value="false"/><date value="2022-09-29"/><publisher value="HL7 International / Cross-Group Projects"/><contact><name value="HL7 International / Cross-Group Projects"/><telecom><system value="url"/><value value="http://www.hl7.org/Special/committees/cgp"/></telecom><telecom><system value="email"/><value value="cgp@lists.HL7.org"/></telecom></contact><description value="This value set includes All LOINC codes defined as type &quot;clinical,&quot; therefore excluding laboratory tests, survey instruments, and claims documents. This includes observables such as vital signs, hemodynamics, intake/output, EKG, obstetric ultrasound, and cardiac echo, and includes discrete and narrative diagnostic observations and reports."/><jurisdiction><coding><system value="urn:iso:std:iso:3166"/><code value="US"/></coding></jurisdiction><copyright value="This material contains content from LOINC (http://loinc.org). LOINC is copyright © 1995-2020, Regenstrief Institute, Inc. and the Logical Observation Identifiers Names and Codes (LOINC) Committee and is available at no cost under the license at http://loinc.org/license. LOINC® is a registered United States trademark of Regenstrief Institute, Inc"/><compose><include><system value="http://loinc.org"/><filter><property value="CLASSTYPE"/><op value="="/><value value="2"/></filter></include></compose></ValueSet>