<?xml version="1.0" encoding="UTF-8"?><ValueSet xmlns="http://hl7.org/fhir"><id value="us-core-documentreference-category"/><text><status value="generated"/><div xmlns="http://www.w3.org/1999/xhtml"><p class="res-header-id"><b>Generated Narrative: ValueSet us-core-documentreference-category</b></p><a name="us-core-documentreference-category"> </a><a name="hcus-core-documentreference-category"> </a><a name="us-core-documentreference-category-en-US"> </a><ul><li>Include all codes defined in <a href="CodeSystem-us-core-documentreference-category.html"><code>http://hl7.org/fhir/us/core/CodeSystem/us-core-documentreference-category</code></a></li></ul></div></text><extension url="http://hl7.org/fhir/StructureDefinition/structuredefinition-wg"><valueCode value="cgp"/></extension><extension url="http://hl7.org/fhir/StructureDefinition/structuredefinition-fmm"><valueInteger value="3"><extension url="http://hl7.org/fhir/StructureDefinition/structuredefinition-conformance-derivedFrom"><valueCanonical value="http://hl7.org/fhir/us/core/ImplementationGuide/hl7.fhir.us.core"/></extension></valueInteger></extension><extension url="http://hl7.org/fhir/StructureDefinition/structuredefinition-standards-status"><valueCode value="trial-use"><extension url="http://hl7.org/fhir/StructureDefinition/structuredefinition-conformance-derivedFrom"><valueCanonical value="http://hl7.org/fhir/us/core/ImplementationGuide/hl7.fhir.us.core"/></extension></valueCode></extension><url value="http://hl7.org/fhir/us/core/ValueSet/us-core-documentreference-category"/><identifier><system value="urn:ietf:rfc:3986"/><value value="urn:oid:2.16.840.1.113883.4.642.40.2.48.6"/></identifier><version value="8.0.0"/><name value="USCoreDocumentReferenceCategory"/><title value="US Core DocumentReference Category"/><status value="active"/><experimental value="false"/><date value="2022-09-29"/><publisher value="HL7 International / Cross-Group Projects"/><contact><name value="HL7 International / Cross-Group Projects"/><telecom><system value="url"/><value value="http://www.hl7.org/Special/committees/cgp"/></telecom><telecom><system value="email"/><value value="cgp@lists.HL7.org"/></telecom></contact><description value="The US Core DocumentReferences Category Value Set is a 'starter set' of categories supported for fetching and storing clinical notes."/><jurisdiction><coding><system value="urn:iso:std:iso:3166"/><code value="US"/></coding></jurisdiction><copyright value="Used by permission of HL7 International, all rights reserved Creative Commons License"/><compose><include><system value="http://hl7.org/fhir/us/core/CodeSystem/us-core-documentreference-category"/></include></compose></ValueSet>