<?xml version="1.0" encoding="UTF-8"?><ValueSet xmlns="http://hl7.org/fhir"><id value="us-core-screening-assessment-observation-category"/><text><status value="extensions"/><div xmlns="http://www.w3.org/1999/xhtml"><p class="res-header-id"><b>Generated Narrative: ValueSet us-core-screening-assessment-observation-category</b></p><a name="us-core-screening-assessment-observation-category"> </a><a name="hcus-core-screening-assessment-observation-category"> </a><a name="us-core-screening-assessment-observation-category-en-US"> </a><p>This value set includes codes based on the following rules:</p><ul><li>Include these codes as defined in <a href="CodeSystem-us-core-category.html"><code>http://hl7.org/fhir/us/core/CodeSystem/us-core-category</code></a><table class="none"><tr><td style="white-space:nowrap"><b>Code</b></td><td><b>Display</b></td><td><b>Definition</b></td></tr><tr><td><a href="CodeSystem-us-core-category.html#us-core-category-sdoh">sdoh</a></td><td style="color: #cccccc">SDOH</td><td>Social Determinants of Health category</td></tr><tr><td><a href="CodeSystem-us-core-category.html#us-core-category-functional-status">functional-status</a></td><td style="color: #cccccc">Functional Status</td><td>Functional Status category</td></tr><tr><td><a href="CodeSystem-us-core-category.html#us-core-category-disability-status">disability-status</a></td><td style="color: #cccccc">Disability Status</td><td>Disability Status category</td></tr><tr><td><a href="CodeSystem-us-core-category.html#us-core-category-cognitive-status">cognitive-status</a></td><td style="color: #cccccc">Cognitive Status</td><td>Cognitive Status category</td></tr></table></li><li>Include these codes as defined in <a href="http://terminology.hl7.org/5.5.0/CodeSystem-observation-category.html"><code>http://terminology.hl7.org/CodeSystem/observation-category</code></a><table class="none"><tr><td style="white-space:nowrap"><b>Code</b></td><td><b>Display</b></td><td><b>Definition</b></td></tr><tr><td><a href="http://terminology.hl7.org/5.5.0/CodeSystem-observation-category.html#observation-category-activity">activity</a></td><td style="color: #cccccc">Activity</td><td>Observations that measure or record any bodily activity that enhances or maintains physical fitness and overall health and wellness.  Not under direct supervision of practitioner such as a physical therapist. (e.g., laps swum, steps, sleep data)</td></tr><tr><td><a href="http://terminology.hl7.org/5.5.0/CodeSystem-observation-category.html#observation-category-social-history">social-history</a></td><td style="color: #cccccc">Social History</td><td>Social History Observations define the patient's occupational, personal (e.g., lifestyle), social, familial, and environmental history and health risk factors that may impact the patient's health.</td></tr></table></li></ul></div></text><extension url="http://hl7.org/fhir/StructureDefinition/structuredefinition-wg"><valueCode value="cgp"/></extension><extension url="http://hl7.org/fhir/StructureDefinition/structuredefinition-fmm"><valueInteger value="3"><extension url="http://hl7.org/fhir/StructureDefinition/structuredefinition-conformance-derivedFrom"><valueCanonical value="http://hl7.org/fhir/us/core/ImplementationGuide/hl7.fhir.us.core"/></extension></valueInteger></extension><extension url="http://hl7.org/fhir/StructureDefinition/structuredefinition-standards-status"><valueCode value="trial-use"><extension url="http://hl7.org/fhir/StructureDefinition/structuredefinition-conformance-derivedFrom"><valueCanonical value="http://hl7.org/fhir/us/core/ImplementationGuide/hl7.fhir.us.core"/></extension></valueCode></extension><url value="http://hl7.org/fhir/us/core/ValueSet/us-core-screening-assessment-observation-category"/><identifier><system value="urn:ietf:rfc:3986"/><value value="urn:oid:2.16.840.1.113883.4.642.40.2.48.12"/></identifier><version value="8.0.0"/><name value="USCoreScreeningAssessmentObservationCategory"/><title value="US Core Screening Assessment Observation Category"/><status value="active"/><experimental value="false"/><date value="2024-11-16"/><publisher value="HL7 International / Cross-Group Projects"/><contact><name value="HL7 International / Cross-Group Projects"/><telecom><system value="url"/><value value="http://www.hl7.org/Special/committees/cgp"/></telecom><telecom><system value="email"/><value value="cgp@lists.HL7.org"/></telecom></contact><description value="This value set is the minimum value set of category codes used in the US Core Observation Screening Assessment and Simple Observation Profiles that any conformant system **SHALL** support to help identify the type of USCDI Health Status/Assessment data class being reported."/><jurisdiction><coding><system value="urn:iso:std:iso:3166"/><code value="US"/></coding></jurisdiction><copyright value="Used by permission of HL7 International, all rights reserved Creative Commons License"/><compose><include><system value="http://hl7.org/fhir/us/core/CodeSystem/us-core-category"/><concept><code value="sdoh"/></concept><concept><code value="functional-status"/></concept><concept><code value="disability-status"/></concept><concept><code value="cognitive-status"/></concept></include><include><system value="http://terminology.hl7.org/CodeSystem/observation-category"/><concept><code value="activity"/></concept><concept><code value="social-history"/></concept></include></compose></ValueSet>