<?xml version="1.0" encoding="UTF-8"?><ValueSet xmlns="http://hl7.org/fhir"><id value="us-core-servicerequest-category"/><text><status value="generated"/><div xmlns="http://www.w3.org/1999/xhtml"><p class="res-header-id"><b>Generated Narrative: ValueSet us-core-servicerequest-category</b></p><a name="us-core-servicerequest-category"> </a><a name="hcus-core-servicerequest-category"> </a><a name="us-core-servicerequest-category-en-US"> </a><p>This value set includes codes based on the following rules:</p><ul><li>Include all codes defined in <a href="CodeSystem-us-core-category.html"><code>http://hl7.org/fhir/us/core/CodeSystem/us-core-category</code></a></li><li>Include these codes as defined in <a href="http://www.snomed.org/"><code>http://snomed.info/sct</code></a><table class="none"><tr><td style="white-space:nowrap"><b>Code</b></td><td><b>Display</b></td></tr><tr><td><a href="http://snomed.info/id/386053000">386053000</a></td><td>Evaluation procedure (procedure)</td></tr><tr><td><a href="http://snomed.info/id/410606002">410606002</a></td><td>Social service procedure (procedure)</td></tr></table></li><li>Import all the codes that are contained in <a href="http://hl7.org/fhir/R4/valueset-servicerequest-category.html">Service Request Category Codes</a></li></ul></div></text><extension url="http://hl7.org/fhir/StructureDefinition/structuredefinition-wg"><valueCode value="cgp"/></extension><extension url="http://hl7.org/fhir/StructureDefinition/structuredefinition-fmm"><valueInteger value="3"><extension url="http://hl7.org/fhir/StructureDefinition/structuredefinition-conformance-derivedFrom"><valueCanonical value="http://hl7.org/fhir/us/core/ImplementationGuide/hl7.fhir.us.core"/></extension></valueInteger></extension><extension url="http://hl7.org/fhir/StructureDefinition/structuredefinition-standards-status"><valueCode value="trial-use"><extension url="http://hl7.org/fhir/StructureDefinition/structuredefinition-conformance-derivedFrom"><valueCanonical value="http://hl7.org/fhir/us/core/ImplementationGuide/hl7.fhir.us.core"/></extension></valueCode></extension><url value="http://hl7.org/fhir/us/core/ValueSet/us-core-servicerequest-category"/><identifier><system value="urn:ietf:rfc:3986"/><value value="urn:oid:2.16.840.1.113883.4.642.40.2.48.21"/></identifier><version value="8.0.0"/><name value="USCoreServiceRequestCategoryCodes"/><title value="US Core ServiceRequest Category Codes"/><status value="active"/><experimental value="false"/><date value="2022-09-29"/><publisher value="HL7 International / Cross-Group Projects"/><contact><name value="HL7 International / Cross-Group Projects"/><telecom><system value="url"/><value value="http://www.hl7.org/Special/committees/cgp"/></telecom><telecom><system value="email"/><value value="cgp@lists.HL7.org"/></telecom></contact><description value="A set of SNOMED CT and LOINC concepts to classify a requested service"/><jurisdiction><coding><system value="urn:iso:std:iso:3166"/><code value="US"/></coding></jurisdiction><copyright value="- This value set includes content from SNOMED CT, which is copyright © 2002+ International Health Terminology Standards Development Organisation (IHTSDO), and distributed by agreement between IHTSDO and HL7. Implementer use of SNOMED CT is not covered by this agreement.&#xA;- This material contains content from LOINC (http://loinc.org). LOINC is copyright © 1995-2020, Regenstrief Institute, Inc. and the Logical Observation Identifiers Names and Codes (LOINC) Committee and is available at no cost under the license at http://loinc.org/license. LOINC® is a registered United States trademark of Regenstrief Institute, Inc&quot;/&gt;"/><compose><include><system value="http://hl7.org/fhir/us/core/CodeSystem/us-core-category"/></include><include><system value="http://snomed.info/sct"/><concept><code value="386053000"/><display value="Evaluation procedure (procedure)"/></concept><concept><code value="410606002"/><display value="Social service procedure (procedure)"/></concept></include><include><valueSet value="http://hl7.org/fhir/ValueSet/servicerequest-category"/></include></compose></ValueSet>