<?xml version="1.0" encoding="UTF-8"?><ValueSet xmlns="http://hl7.org/fhir"><id value="us-core-narrative-status"/><text><status value="extensions"/><div xmlns="http://www.w3.org/1999/xhtml"><p class="res-header-id"><b>Generated Narrative: ValueSet us-core-narrative-status</b></p><a name="us-core-narrative-status"> </a><a name="hcus-core-narrative-status"> </a><a name="us-core-narrative-status-en-US"> </a><ul><li>Include these codes as defined in <a href="http://hl7.org/fhir/R4/codesystem-narrative-status.html"><code>http://hl7.org/fhir/narrative-status</code></a><table class="none"><tr><td style="white-space:nowrap"><b>Code</b></td><td><b>Display</b></td><td><b>Definition</b></td></tr><tr><td><a href="http://hl7.org/fhir/R4/codesystem-narrative-status.html#narrative-status-additional">additional</a></td><td>additional</td><td>The contents of the narrative may contain additional information not found in the structured data. Note that there is no computable way to determine what the extra information is, other than by human inspection.</td></tr><tr><td><a href="http://hl7.org/fhir/R4/codesystem-narrative-status.html#narrative-status-generated">generated</a></td><td>generated</td><td>The contents of the narrative are entirely generated from the core elements in the content.</td></tr></table></li></ul></div></text><extension url="http://hl7.org/fhir/StructureDefinition/structuredefinition-wg"><valueCode value="cgp"/></extension><extension url="http://hl7.org/fhir/StructureDefinition/structuredefinition-fmm"><valueInteger value="3"><extension url="http://hl7.org/fhir/StructureDefinition/structuredefinition-conformance-derivedFrom"><valueCanonical value="http://hl7.org/fhir/us/core/ImplementationGuide/hl7.fhir.us.core"/></extension></valueInteger></extension><extension url="http://hl7.org/fhir/StructureDefinition/structuredefinition-standards-status"><valueCode value="trial-use"><extension url="http://hl7.org/fhir/StructureDefinition/structuredefinition-conformance-derivedFrom"><valueCanonical value="http://hl7.org/fhir/us/core/ImplementationGuide/hl7.fhir.us.core"/></extension></valueCode></extension><url value="http://hl7.org/fhir/us/core/ValueSet/us-core-narrative-status"/><identifier><system value="urn:ietf:rfc:3986"/><value value="urn:oid:2.16.840.1.113883.4.642.40.2.48.8"/></identifier><version value="8.0.0"/><name value="NarrativeStatus"/><title value="US Core Narrative Status"/><status value="active"/><experimental value="false"/><date value="2022-09-29"/><publisher value="HL7 International / Cross-Group Projects"/><contact><name value="HL7 International / Cross-Group Projects"/><telecom><system value="url"/><value value="http://www.hl7.org/Special/committees/cgp"/></telecom><telecom><system value="email"/><value value="cgp@lists.HL7.org"/></telecom></contact><description value="The US Core Narrative Status Value Set limits the text status for the resource narrative."/><jurisdiction><coding><system value="urn:iso:std:iso:3166"/><code value="US"/></coding></jurisdiction><copyright value="Used by permission of HL7 International, all rights reserved Creative Commons License"/><compose><include><system value="http://hl7.org/fhir/narrative-status"/><concept><code value="additional"/><display value="additional"/></concept><concept><code value="generated"/><display value="generated"/></concept></include></compose></ValueSet>