<?xml version="1.0" encoding="UTF-8"?>

<Bundle xmlns="http://hl7.org/fhir">
  <id value="66c8856b-ba11-4876-8aa8-467aad8c11a2"/>
  <type value="searchset"/>
  <total value="1"/>
  <link>
    <relation value="self"/>
    <url value="http://example.org/fhir/PractitionerRole?_id=PractitionerRole-1&amp;_include=PractitionerRole%3Apractitioner&amp;_include=PractitionerRole%3Aendpoint"/>
  </link>
  <entry>
    <fullUrl value="http://52.90.126.238:8080/fhir/baseDstu3/PractitionerRole/PractitionerRole-1"/>
    <resource>
      <PractitionerRole>
        <id value="PractitionerRole-1"/>
        <meta>
          <profile value="http://hl7.org/fhir/us/core/StructureDefinition/us-core-practitionerrole"/>
        </meta>
        <text>
          <status value="generated"/><div xmlns="http://www.w3.org/1999/xhtml"><a name="PractitionerRole_PractitionerRole-1"> </a><p class="res-header-id"><b>Generated Narrative: PractitionerRole PractitionerRole-1</b></p><a name="PractitionerRole-1"> </a><a name="hcPractitionerRole-1"> </a><a name="PractitionerRole-1-en-US"> </a><div style="display: inline-block; background-color: #d9e0e7; padding: 6px; margin: 4px; border: 1px solid #8da1b4; border-radius: 5px; line-height: 60%"><p style="margin-bottom: 0px"/><p style="margin-bottom: 0px">Profile: <a href="StructureDefinition-us-core-practitionerrole.html">US Core PractitionerRole Profile</a></p></div><p><b>practitioner</b>: <a href="Bundle-66c8856b-ba11-4876-8aa8-467aad8c11a2.html#Practitioner_Practitioner-1011">Brenda Jennings Richard MD</a></p><p><b>organization</b>: <a href="Organization-acme-lab.html">Acme Lab</a></p><p><b>code</b>: <span title="Codes:{http://terminology.hl7.org/CodeSystem/v3-ParticipationFunction PCP}, {http://nucc.org/provider-taxonomy 261QP2300X}">primary care physician</span></p><p><b>specialty</b>: <span title="Codes:{http://nucc.org/provider-taxonomy 208D00000X}">General Practice Physician</span></p><p><b>location</b>: <a href="Location-hl7east.html">Health Level Seven International</a></p><p><b>endpoint</b>: </p><ul><li><a href="Bundle-66c8856b-ba11-4876-8aa8-467aad8c11a2.html#http-//52.90.126.238-8080/fhir/baseDstu3/Endpoint/71">Westwood Physicians Organization ADT</a></li><li><a href="Bundle-66c8856b-ba11-4876-8aa8-467aad8c11a2.html#http-//52.90.126.238-8080/fhir/baseDstu3/Endpoint/71">Brenda.Jennings.Richard.MD@direct.example.org</a></li></ul></div>
        </text>
        <practitioner>
          <reference value="Practitioner/Practitioner-1011"/>
          <display value="Brenda Jennings Richard MD"/>
        </practitioner>
        <organization>
          <reference value="Organization/acme-lab"/>
          <display value="Acme Lab"/>
        </organization>
        <code>
          <coding>
            <system value="http://terminology.hl7.org/CodeSystem/v3-ParticipationFunction"/>
            <code value="PCP"/>
            <display value="primary care physician"/>
          </coding>
          <coding>
            <system value="http://nucc.org/provider-taxonomy"/>
            <code value="261QP2300X"/>
            <display value="Primary Care Clinic/Center"/>
          </coding>
        </code>
        <specialty>
          <coding>
            <system value="http://nucc.org/provider-taxonomy"/>
            <code value="208D00000X"/>
            <display value="General Practice Physician"/>
          </coding>
        </specialty>
        <location>
          <reference value="Location/hl7east"/>
          <display value="Health Level Seven International"/>
        </location>
        <endpoint>
          <reference value="http://52.90.126.238:8080/fhir/baseDstu3/Endpoint/71"/>
          <display value="Westwood Physicians Organization ADT"/>
        </endpoint>
        <endpoint>
          <reference value="http://52.90.126.238:8080/fhir/baseDstu3/Endpoint/71"/>
          <display value="Brenda.Jennings.Richard.MD@direct.example.org"/>
        </endpoint>
      </PractitionerRole>
    </resource>
    <search>
      <mode value="match"/>
    </search>
  </entry>
  <entry>
    <fullUrl value="http://52.90.126.238:8080/fhir/baseDstu3/Practitioner/Practitioner-1011"/>
    <resource>
      <Practitioner>
        <id value="Practitioner-1011"/>
        <meta>
          <profile value="http://hl7.org/fhir/us/core/StructureDefinition/us-core-practitioner"/>
        </meta>
        <text>
          <status value="generated"/><div xmlns="http://www.w3.org/1999/xhtml"><a name="Practitioner_Practitioner-1011"> </a><p class="res-header-id"><b>Generated Narrative: Practitioner Practitioner-1011</b></p><a name="Practitioner-1011"> </a><a name="hcPractitioner-1011"> </a><a name="Practitioner-1011-en-US"> </a><div style="display: inline-block; background-color: #d9e0e7; padding: 6px; margin: 4px; border: 1px solid #8da1b4; border-radius: 5px; line-height: 60%"><p style="margin-bottom: 0px"/><p style="margin-bottom: 0px">Profile: <a href="StructureDefinition-us-core-practitioner.html">US Core Practitioner Profile</a></p></div><p><b>identifier</b>: <a href="http://terminology.hl7.org/5.5.0/NamingSystem-ssn.html" title="United States Social Security Number (SSN).  Assigned by the U.S. Social Security Administration.  Note: IRS assigned ITINs are often used as drop-ins for social security numbers.  The SSN is represented in resources with dashes removed. See http://www.ssa.gov/.">United States Social Security Number</a>/000001011 (use: official, ), <a href="http://terminology.hl7.org/5.5.0/NamingSystem-npi.html" title="National Provider Identifier">United States National Provider Identifier</a>/9999991018 (use: official, ), <code>http://example.org/fhir/cks</code>/d46f70565a1042f6a6ece48dd81b408f (use: official, )</p><p><b>name</b>: Brenda Jennings Richard </p><p><b>telecom</b>: ph: 313-555-6868(Home), ph: 313-555-6443(Work)</p><p><b>address</b>: 346 W Plum Avenu Dearborn MI 48123</p><p><b>birthDate</b>: 1976-11-15</p><h3>Qualifications</h3><table class="grid"><tr><td style="display: none">-</td><td><b>Identifier</b></td><td><b>Code</b></td><td><b>Issuer</b></td></tr><tr><td style="display: none">*</td><td>Michigan Medical License/LARA-1011 (use: official, )</td><td><span title="Codes:{http://example.org/fhir/michigan.gov/lara/license-type 4305}">Medical Doctor</span></td><td>Michigan Department of Licensing and Regulatory Affairs</td></tr></table></div>
        </text>
        <identifier>
          <use value="official"/>
          <system value="http://hl7.org/fhir/sid/us-ssn"/>
          <value value="000001011"/>
        </identifier>
        <identifier>
          <use value="official"/>
          <system value="http://hl7.org/fhir/sid/us-npi"/>
          <value value="9999991018"/>
        </identifier>
        <identifier>
          <use value="official"/>
          <system value="http://example.org/fhir/cks"/>
          <value value="d46f70565a1042f6a6ece48dd81b408f"/>
        </identifier>
        <name>
          <family value="Richard"/>
          <given value="Brenda"/>
          <given value="Jennings"/>
          <suffix value="MD"/>
        </name>
        <telecom>
          <system value="phone"/>
          <value value="313-555-6868"/>
          <use value="home"/>
        </telecom>
        <telecom>
          <system value="phone"/>
          <value value="313-555-6443"/>
          <use value="work"/>
        </telecom>
        <address>
          <text value="346 W Plum Avenu Dearborn MI 48123"/>
          <line value="346 W Plum Avenue"/>
          <city value="Dearborn"/>
          <state value="MI"/>
          <postalCode value="48126"/>
        </address>
        <birthDate value="1976-11-15"/>
        <qualification>
          <identifier>
            <use value="official"/>
            <type>
              <coding>
                <system value="http://terminology.hl7.org/CodeSystem/v2-0203"/>
                <code value="MD"/>
                <display value="Medical License number"/>
              </coding>
              <text value="Michigan Medical License"/>
            </type>
            <system value="http://example.org/fhir/michigan.gov/fhir/medical-license"/>
            <value value="LARA-1011"/>
            <assigner>
              <display value="State of Michigan"/>
            </assigner>
          </identifier>
          <code>
            <coding>
              <system value="http://example.org/fhir/michigan.gov/lara/license-type"/>
              <code value="4305"/>
              <display value="Medical Doctor"/>
            </coding>
          </code>
          <issuer>
            <display value="Michigan Department of Licensing and Regulatory Affairs"/>
          </issuer>
        </qualification>
      </Practitioner>
    </resource>
    <search>
      <mode value="include"/>
    </search>
  </entry>
  <entry>
    <fullUrl value="http://52.90.126.238:8080/fhir/baseDstu3/Endpoint/71"/>
    <resource>
      <Endpoint>
        <id value="71"/>
        <text>
          <status value="generated"/><div xmlns="http://www.w3.org/1999/xhtml"><a name="Endpoint_71"> </a><p class="res-header-id"><b>Generated Narrative: Endpoint 71</b></p><a name="71"> </a><a name="hc71"> </a><a name="71-en-US"> </a><p><b>status</b>: Active</p><p><b>connectionType</b>: <a href="http://terminology.hl7.org/5.5.0/CodeSystem-endpoint-connection-type.html#endpoint-connection-type-direct-project">Endpoint Connection Type direct-project</a>: Direct Project</p><p><b>name</b>: Brenda.Jennings.Richard.MD@direct.example.org</p><p><b>managingOrganization</b>: <a href="Organization-acme-lab.html">Organization Acme Labs</a></p><p><b>payloadType</b>: <span title="Codes:{http://ihe.net/fhir/ihe.formatcode.fhir/CodeSystem/formatcode urn:hl7-org:sdwg:ccda-structuredBody:1.1}">For documents following C-CDA 1.1 constraints using a structured body.</span></p><p><b>payloadMimeType</b>: text/xml</p><p><b>address</b>: <a href="mailto:Brenda.Jennings.Richard.MD@direct.example.org">Brenda.Jennings.Richard.MD@direct.example.org</a></p></div>
        </text>
        <status value="active"/>
        <connectionType>
          <system value="http://terminology.hl7.org/CodeSystem/endpoint-connection-type"/>
          <code value="direct-project"/>
        </connectionType>
        <name value="Brenda.Jennings.Richard.MD@direct.example.org"/>
        <managingOrganization>
          <reference value="Organization/acme-lab"/>
        </managingOrganization>
        <payloadType>
          <coding>
            <system value="http://ihe.net/fhir/ihe.formatcode.fhir/CodeSystem/formatcode"/>
            <code value="urn:hl7-org:sdwg:ccda-structuredBody:1.1"/>
          </coding>
        </payloadType>
        <payloadMimeType value="text/xml"/>
        <address value="mailto:Brenda.Jennings.Richard.MD@direct.example.org"/>
      </Endpoint>
    </resource>
    <search>
      <mode value="include"/>
    </search>
  </entry>
</Bundle>