<?xml version="1.0" encoding="UTF-8"?>

<Bundle xmlns="http://hl7.org/fhir">
  <id value="allergyintolerance-provenance-example2"/>
  <meta>
    <lastUpdated value="2019-07-09T18:49:01.235+00:00"/>
  </meta>
  <type value="searchset"/>
  <total value="1"/>
  <link>
    <relation value="self"/>
    <url value="http://example.org/fhir/AllergyIntolerance?_id=79613&amp;_revinclude=Provenance:target"/>
  </link>
  <entry>
    <fullUrl value="http://example.org/fhir/AllergyIntolerance/79613"/>
    <resource>
      <AllergyIntolerance>
        <id value="79613"/>
        <meta>
          <versionId value="1"/>
          <lastUpdated value="2019-07-09T15:26:23.217+00:00"/>
          <profile value="http://hl7.org/fhir/us/core/StructureDefinition/us-core-allergyintolerance"/>
        </meta>
        <text>
          <status value="generated"/><div xmlns="http://www.w3.org/1999/xhtml"><a name="AllergyIntolerance_79613"> </a><p class="res-header-id"><b>Generated Narrative: AllergyIntolerance 79613</b></p><a name="79613"> </a><a name="hc79613"> </a><a name="79613-en-US"> </a><div style="display: inline-block; background-color: #d9e0e7; padding: 6px; margin: 4px; border: 1px solid #8da1b4; border-radius: 5px; line-height: 60%"><p style="margin-bottom: 0px">version: 1; Last updated: 2019-07-09 15:26:23+0000</p><p style="margin-bottom: 0px">Profile: <a href="StructureDefinition-us-core-allergyintolerance.html">US Core AllergyIntolerance Profile</a></p></div><p><b>clinicalStatus</b>: <span title="Codes:{http://terminology.hl7.org/CodeSystem/allergyintolerance-clinical active}">Active</span></p><p><b>verificationStatus</b>: <span title="Codes:{http://terminology.hl7.org/CodeSystem/allergyintolerance-verification confirmed}">Confirmed</span></p><p><b>category</b>: Medication</p><p><b>criticality</b>: High Risk</p><p><b>code</b>: <span title="Codes:{http://snomed.info/sct 762952008}">Peanuts</span></p><p><b>patient</b>: <a href="Patient-example.html">Amy V. Baxter  (no stated gender), DoB: 1987-02-20 ( Medical Record Number: 1032702 (use: usual, ))</a></p><p><b>onset</b>: 2017-06-09</p><h3>Reactions</h3><table class="grid"><tr><td style="display: none">-</td><td><b>Manifestation</b></td><td><b>Onset</b></td></tr><tr><td style="display: none">*</td><td><span title="Codes:{http://snomed.info/sct 247472004}">Hives</span></td><td>2017-06-09</td></tr></table></div>
        </text>
        <clinicalStatus>
          <coding>
            <system value="http://terminology.hl7.org/CodeSystem/allergyintolerance-clinical"/>
            <code value="active"/>
            <display value="Active"/>
          </coding>
        </clinicalStatus>
        <verificationStatus>
          <coding>
            <system value="http://terminology.hl7.org/CodeSystem/allergyintolerance-verification"/>
            <code value="confirmed"/>
            <display value="Confirmed"/>
          </coding>
        </verificationStatus>
        <category value="medication"/>
        <criticality value="high"/>
        <code>
          <coding>
            <system value="http://snomed.info/sct"/>
            <version value="http://snomed.info/sct/731000124108"/>
            <code value="762952008"/>
            <display value="Peanuts"/>
          </coding>
          <text value="Peanuts"/>
        </code>
        <patient>
          <reference value="Patient/example"/>
        </patient>
        <onsetDateTime value="2017-06-09"/>
        <reaction>
          <manifestation>
            <coding>
              <system value="http://snomed.info/sct"/>
              <version value="http://snomed.info/sct/731000124108"/>
              <code value="247472004"/>
              <display value="Hives"/>
            </coding>
          </manifestation>
          <onset value="2017-06-09"/>
        </reaction>
      </AllergyIntolerance>
    </resource>
    <search>
      <mode value="match"/>
    </search>
  </entry>
  <entry>
    <fullUrl value="http://example.org/fhir/Provenance/79614"/>
    <resource>
      <Provenance>
        <id value="79614"/>
        <meta>
          <versionId value="1"/>
          <lastUpdated value="2019-07-09T15:26:23.217+00:00"/>
          <profile value="http://hl7.org/fhir/us/core/StructureDefinition/us-core-provenance"/>
        </meta>
        <text>
          <status value="generated"/><div xmlns="http://www.w3.org/1999/xhtml"><a name="Provenance_79614"> </a><p class="res-header-id"><b>Generated Narrative: Provenance 79614</b></p><a name="79614"> </a><a name="hc79614"> </a><a name="79614-en-US"> </a><div style="display: inline-block; background-color: #d9e0e7; padding: 6px; margin: 4px; border: 1px solid #8da1b4; border-radius: 5px; line-height: 60%"><p style="margin-bottom: 0px">version: 1; Last updated: 2019-07-09 15:26:23+0000</p><p style="margin-bottom: 0px">Profile: <a href="StructureDefinition-us-core-provenance.html">US Core Provenance Profile</a></p></div><p>Provenance for <a href="Bundle-allergyintolerance-provenance-example1.html#AllergyIntolerance_79613">Bundle: type = searchset; total = 1</a></p><p>Summary</p><table class="grid"><tr><td>Recorded</td><td>2019-07-09 15:26:23+0000</td></tr></table><p><b>Agents</b></p><table class="grid"><tr><td><b>Type</b></td><td><b>who</b></td><td><b>On Behalf Of</b></td></tr><tr><td><span title="Codes:{http://terminology.hl7.org/CodeSystem/provenance-participant-type author}">Author</span></td><td><a href="Practitioner-practitioner-1.html">Practitioner Ronald Bone </a></td><td><a href="Organization-saint-luke-w-endpoint.html">Organization Saint Luke's Hospital of Kansas City</a></td></tr><tr><td><span title="Codes:{http://terminology.hl7.org/CodeSystem/provenance-participant-type author}">Author</span></td><td><a href="Practitioner-practitioner-2.html">Practitioner Fielding Kathy </a></td><td><a href="Organization-saint-luke-w-endpoint.html">Organization Saint Luke's Hospital of Kansas City</a></td></tr></table></div>
        </text>
        <target>
          <reference value="AllergyIntolerance/79613/_history/1"/>
        </target>
        <recorded value="2019-07-09T15:26:23.217+00:00"/>
        <agent>
          <type>
            <coding>
              <system value="http://terminology.hl7.org/CodeSystem/provenance-participant-type"/>
              <code value="author"/>
              <display value="Author"/>
            </coding>
          </type>
          <who>
            <reference value="Practitioner/practitioner-1"/>
          </who>
          <onBehalfOf>
            <reference value="Organization/saint-luke-w-endpoint"/>
          </onBehalfOf>
        </agent>
        <agent>
          <type>
            <coding>
              <system value="http://terminology.hl7.org/CodeSystem/provenance-participant-type"/>
              <code value="author"/>
              <display value="Author"/>
            </coding>
          </type>
          <who>
            <reference value="Practitioner/practitioner-2"/>
          </who>
          <onBehalfOf>
            <reference value="Organization/saint-luke-w-endpoint"/>
          </onBehalfOf>
        </agent>
      </Provenance>
    </resource>
    <search>
      <mode value="include"/>
    </search>
  </entry>
</Bundle>