<?xml version="1.0" encoding="UTF-8"?>

<Condition xmlns="http://hl7.org/fhir">
  <id value="health-concern-example"/>
  <meta>
    <lastUpdated value="2007-12-14T07:15:07-08:00"/>
    <profile value="http://hl7.org/fhir/us/core/StructureDefinition/us-core-condition-problems-health-concerns|8.0.0"/>
  </meta>
  <text>
    <status value="extensions"/><div xmlns="http://www.w3.org/1999/xhtml"><p class="res-header-id"><b>Generated Narrative: Condition health-concern-example</b></p><a name="health-concern-example"> </a><a name="hchealth-concern-example"> </a><a name="health-concern-example-en-US"> </a><div style="display: inline-block; background-color: #d9e0e7; padding: 6px; margin: 4px; border: 1px solid #8da1b4; border-radius: 5px; line-height: 60%"><p style="margin-bottom: 0px">Last updated: 2007-12-14 07:15:07-0800</p><p style="margin-bottom: 0px">Profile: <a href="StructureDefinition-us-core-condition-problems-health-concerns.html">US Core Condition Problems and Health Concerns Profileversion: null8.0.0)</a></p></div><p><b>Condition Asserted Date</b>: 2007-12-14</p><p><b>clinicalStatus</b>: <span title="Codes:{http://terminology.hl7.org/CodeSystem/condition-clinical active}">Active</span></p><p><b>verificationStatus</b>: <span title="Codes:{http://terminology.hl7.org/CodeSystem/condition-ver-status confirmed}">Confirmed</span></p><p><b>category</b>: <span title="Codes:{http://hl7.org/fhir/us/core/CodeSystem/condition-category health-concern}">Health Concern</span></p><p><b>code</b>: <span title="Codes:{http://snomed.info/sct 247824007}">Fear of becoming fat</span></p><p><b>subject</b>: <a href="Patient-example.html">Amy Shaw</a></p><p><b>onset</b>: 2007-12-14</p><p><b>recordedDate</b>: 2007-12-14 07:15:07-0800</p><p><b>recorder</b>: <a href="Practitioner-practitioner-1.html">Dr Ronald Bone</a></p></div>
  </text>
  <extension url="http://hl7.org/fhir/StructureDefinition/condition-assertedDate">
    <valueDateTime value="2007-12-14"/>
  </extension>
  <clinicalStatus>
    <coding>
      <system value="http://terminology.hl7.org/CodeSystem/condition-clinical"/>
      <code value="active"/>
      <display value="Active"/>
    </coding>
    <text value="Active"/>
  </clinicalStatus>
  <verificationStatus>
    <coding>
      <system value="http://terminology.hl7.org/CodeSystem/condition-ver-status"/>
      <code value="confirmed"/>
      <display value="Confirmed"/>
    </coding>
    <text value="Confirmed"/>
  </verificationStatus>
  <category>
    <coding>
      <system value="http://hl7.org/fhir/us/core/CodeSystem/condition-category"/>
      <code value="health-concern"/>
      <display value="Health Concern"/>
    </coding>
    <text value="Health Concern"/>
  </category>
  <code>
    <coding>
      <system value="http://snomed.info/sct"/>
      <version value="http://snomed.info/sct/731000124108"/>
      <code value="247824007"/>
      <display value="Fear of becoming fat"/>
    </coding>
    <text value="Fear of becoming fat"/>
  </code>
  <subject>
    <reference value="Patient/example"/>
    <display value="Amy Shaw"/>
  </subject>
  <onsetDateTime value="2007-12-14"/>
  <recordedDate value="2007-12-14T07:15:07-08:00"/>
  <recorder>
    <reference value="Practitioner/practitioner-1"/>
    <display value="Dr Ronald Bone"/>
  </recorder>
</Condition>