<?xml version="1.0" encoding="UTF-8"?>

<Condition xmlns="http://hl7.org/fhir">
  <id value="condition-SDOH-example"/>
  <meta>
    <lastUpdated value="2016-08-10T07:15:07-08:00"/>
    <profile value="http://hl7.org/fhir/us/core/StructureDefinition/us-core-condition-problems-health-concerns|8.0.0"/>
  </meta>
  <text>
    <status value="extensions"/><div xmlns="http://www.w3.org/1999/xhtml"><p class="res-header-id"><b>Generated Narrative: Condition condition-SDOH-example</b></p><a name="condition-SDOH-example"> </a><a name="hccondition-SDOH-example"> </a><a name="condition-SDOH-example-en-US"> </a><div style="display: inline-block; background-color: #d9e0e7; padding: 6px; margin: 4px; border: 1px solid #8da1b4; border-radius: 5px; line-height: 60%"><p style="margin-bottom: 0px">Last updated: 2016-08-10 07:15:07-0800</p><p style="margin-bottom: 0px">Profile: <a href="StructureDefinition-us-core-condition-problems-health-concerns.html">US Core Condition Problems and Health Concerns Profileversion: null8.0.0)</a></p></div><p><b>Condition Asserted Date</b>: 2016-08-10</p><p><b>clinicalStatus</b>: <span title="Codes:{http://terminology.hl7.org/CodeSystem/condition-clinical active}">Active</span></p><p><b>verificationStatus</b>: <span title="Codes:{http://terminology.hl7.org/CodeSystem/condition-ver-status confirmed}">Confirmed</span></p><p><b>category</b>: <span title="Codes:{http://terminology.hl7.org/CodeSystem/condition-category problem-list-item}">Problem List Item</span>, <span title="Codes:{http://hl7.org/fhir/us/core/CodeSystem/us-core-category sdoh}">Social Determinants Of Health</span></p><p><b>code</b>: <span title="Codes:{http://snomed.info/sct 445281000124101}">Nutrition impaired due to limited access to healthful foods (finding)</span></p><p><b>subject</b>: <a href="Patient-example.html">Amy V. Shaw</a></p><p><b>recordedDate</b>: 2016-08-10 07:15:07-0800</p><p><b>recorder</b>: <a href="Practitioner-practitioner-1.html">Dr Ronald Bone</a></p></div>
  </text>
  <extension url="http://hl7.org/fhir/StructureDefinition/condition-assertedDate">
    <valueDateTime value="2016-08-10"/>
  </extension>
  <clinicalStatus>
    <coding>
      <system value="http://terminology.hl7.org/CodeSystem/condition-clinical"/>
      <code value="active"/>
      <display value="Active"/>
    </coding>
    <text value="Active"/>
  </clinicalStatus>
  <verificationStatus>
    <coding>
      <system value="http://terminology.hl7.org/CodeSystem/condition-ver-status"/>
      <code value="confirmed"/>
      <display value="Confirmed"/>
    </coding>
    <text value="Confirmed"/>
  </verificationStatus>
  <category>
    <coding>
      <system value="http://terminology.hl7.org/CodeSystem/condition-category"/>
      <code value="problem-list-item"/>
      <display value="Problem List Item"/>
    </coding>
    <text value="Problem List Item"/>
  </category>
  <category>
    <coding>
      <system value="http://hl7.org/fhir/us/core/CodeSystem/us-core-category"/>
      <code value="sdoh"/>
      <display value="SDOH"/>
    </coding>
    <text value="Social Determinants Of Health"/>
  </category>
  <code>
    <coding>
      <system value="http://snomed.info/sct"/>
      <version value="http://snomed.info/sct/731000124108"/>
      <code value="445281000124101"/>
      <display value="Nutrition impaired due to limited access to healthful foods (finding)"/>
    </coding>
    <text value="Nutrition impaired due to limited access to healthful foods (finding)"/>
  </code>
  <subject>
    <reference value="Patient/example"/>
    <display value="Amy V. Shaw"/>
  </subject>
  <recordedDate value="2016-08-10T07:15:07-08:00"/>
  <recorder>
    <reference value="Practitioner/practitioner-1"/>
    <display value="Dr Ronald Bone"/>
  </recorder>
</Condition>