<?xml version="1.0" encoding="UTF-8"?>

<Device xmlns="http://hl7.org/fhir">
  <id value="udi-1"/>
  <meta>
    <profile value="http://hl7.org/fhir/us/core/StructureDefinition/us-core-implantable-device|8.0.0"/>
  </meta>
  <text>
    <status value="generated"/><div xmlns="http://www.w3.org/1999/xhtml"><p class="res-header-id"><b>Generated Narrative: Device udi-1</b></p><a name="udi-1"> </a><a name="hcudi-1"> </a><a name="udi-1-en-US"> </a><div style="display: inline-block; background-color: #d9e0e7; padding: 6px; margin: 4px; border: 1px solid #8da1b4; border-radius: 5px; line-height: 60%"><p style="margin-bottom: 0px"/><p style="margin-bottom: 0px">Profile: <a href="StructureDefinition-us-core-implantable-device.html">US Core Implantable Device Profileversion: null8.0.0)</a></p></div><h3>UdiCarriers</h3><table class="grid"><tr><td style="display: none">-</td><td><b>DeviceIdentifier</b></td><td><b>CarrierHRF</b></td></tr><tr><td style="display: none">*</td><td>09504000059118</td><td>(01)09504000059118(17)141120(10)7654321D(21)10987654d321</td></tr></table><p><b>status</b>: Active</p><p><b>expirationDate</b>: 2014-11-20</p><p><b>lotNumber</b>: 7654321D</p><p><b>serialNumber</b>: 10987654d321</p><p><b>type</b>: <span title="Codes:{http://snomed.info/sct 468063009}">Coated femoral stem prosthesis, modular</span></p><p><b>patient</b>: <a href="Patient-example.html">Amy Shaw</a></p></div>
  </text>
  <udiCarrier>
    <deviceIdentifier value="09504000059118"/>
    <carrierHRF value="(01)09504000059118(17)141120(10)7654321D(21)10987654d321"/>
  </udiCarrier>
  <status value="active"/>
  <expirationDate value="2014-11-20"/>
  <lotNumber value="7654321D"/>
  <serialNumber value="10987654d321"/>
  <type>
    <coding>
      <system value="http://snomed.info/sct"/>
      <version value="http://snomed.info/sct/731000124108"/>
      <code value="468063009"/>
      <display value="Coated femoral stem prosthesis, modular"/>
    </coding>
  </type>
  <patient>
    <reference value="Patient/example"/>
    <display value="Amy Shaw"/>
  </patient>
</Device>