<?xml version="1.0" encoding="UTF-8"?>

<DiagnosticReport xmlns="http://hl7.org/fhir">
  <id value="cbc"/>
  <meta>
    <lastUpdated value="2005-07-06T15:29:58.597Z"/>
    <profile value="http://hl7.org/fhir/us/core/StructureDefinition/us-core-diagnosticreport-lab|8.0.0"/>
  </meta>
  <text>
    <status value="generated"/><div xmlns="http://www.w3.org/1999/xhtml"><p class="res-header-id"><b>Generated Narrative: DiagnosticReport cbc</b></p><a name="cbc"> </a><a name="hccbc"> </a><a name="cbc-en-US"> </a><div style="display: inline-block; background-color: #d9e0e7; padding: 6px; margin: 4px; border: 1px solid #8da1b4; border-radius: 5px; line-height: 60%"><p style="margin-bottom: 0px">Last updated: 2005-07-06 15:29:58+0000</p><p style="margin-bottom: 0px">Profile: <a href="StructureDefinition-us-core-diagnosticreport-lab.html">US Core DiagnosticReport Profile for Laboratory Results Reportingversion: null8.0.0)</a></p></div><h2><span title="Codes:{http://loinc.org 58410-2}">CBC panel - Blood by Automated count</span> (<span title="Codes:{http://terminology.hl7.org/CodeSystem/v2-0074 LAB}">Laboratory</span>) </h2><table class="grid"><tr><td>Subject</td><td>Amy V. Baxter  (no stated gender), DoB: 1987-02-20 ( Medical Record Number: 1032702 (use: usual, ))</td></tr><tr><td>When For</td><td>2005-07-05</td></tr><tr><td>Reported</td><td>2005-07-06 11:45:33+0000</td></tr><tr><td>Performer</td><td> <a href="Organization-acme-lab.html">Acme Laboratory, Inc</a></td></tr></table><p><b>Report Details</b></p><table class="grid"><tr><td><b>Code</b></td><td><b>Value</b></td><td><b>Reference Range</b></td><td><b>Flags</b></td></tr><tr><td><a href="Observation-cbc-leukocytes.html"><span title="Codes:{http://loinc.org 6690-2}">White blood cell (WBC) count, Blood</span></a></td><td>10 10*3/uL<span style="background: LightGoldenRodYellow"> (Details: UCUM  code10*3/uL = '10*3/uL')</span></td><td><span title="Codes:{http://terminology.hl7.org/CodeSystem/referencerange-meaning normal}">Normal Range</span>: 4.5 10*3/uL<span style="background: LightGoldenRodYellow"> (Details: UCUM  code10*3/uL = '10*3/uL')</span> - 11 10*3/uL<span style="background: LightGoldenRodYellow"> (Details: UCUM  code10*3/uL = '10*3/uL')</span></td><td>Final, <span title="Codes:{http://terminology.hl7.org/CodeSystem/v3-ObservationInterpretation N}">Normal</span></td></tr><tr><td><a href="Observation-cbc-erythrocytes.html"><span title="Codes:{http://loinc.org 789-8}">Red Blood Cell (RBC) Count, Blood</span></a></td><td>4.58 10*6/uL<span style="background: LightGoldenRodYellow"> (Details: UCUM  code10*6/uL = '10*6/uL')</span></td><td><span title="Codes:{http://terminology.hl7.org/CodeSystem/referencerange-meaning normal}">Normal Range</span>: 4.1 10*6/uL<span style="background: LightGoldenRodYellow"> (Details: UCUM  code10*6/uL = '10*6/uL')</span> - 6.1 10*6/uL<span style="background: LightGoldenRodYellow"> (Details: UCUM  code10*6/uL = '10*6/uL')</span></td><td>Final, <span title="Codes:{http://terminology.hl7.org/CodeSystem/v3-ObservationInterpretation N}">Normal</span></td></tr><tr><td><a href="Observation-cbc-hemoglobin.html"><span title="Codes:{http://loinc.org 718-7}">Hemoglobin, Blood</span></a></td><td>17 g/dL<span style="background: LightGoldenRodYellow"> (Details: UCUM  codeg/dL = 'g/dL')</span></td><td><span title="Codes:{http://terminology.hl7.org/CodeSystem/referencerange-meaning normal}">Normal Range</span>: 16.5 g/dL<span style="background: LightGoldenRodYellow"> (Details: UCUM  codeg/dL = 'g/dL')</span> - 21.5 g/dL<span style="background: LightGoldenRodYellow"> (Details: UCUM  codeg/dL = 'g/dL')</span></td><td>Final, <span title="Codes:{http://terminology.hl7.org/CodeSystem/v3-ObservationInterpretation N}">Normal</span></td></tr><tr><td><a href="Observation-cbc-hematocrit.html"><span title="Codes:{http://loinc.org 4544-3}">Hematocrit, Blood</span></a></td><td>43 %<span style="background: LightGoldenRodYellow"> (Details: UCUM  code% = '%')</span></td><td><span title="Codes:{http://terminology.hl7.org/CodeSystem/referencerange-meaning normal}">Normal Range</span>: 46 %<span style="background: LightGoldenRodYellow"> (Details: UCUM  code% = '%')</span> - 38 %<span style="background: LightGoldenRodYellow"> (Details: UCUM  code% = '%')</span></td><td>Final, <span title="Codes:{http://terminology.hl7.org/CodeSystem/v3-ObservationInterpretation N}">Normal</span></td></tr><tr><td><a href="Observation-cbc-mcv.html"><span title="Codes:{http://loinc.org 787-2}">Mean Corpuscular Volume (MCV), Red blood cells</span></a></td><td>85 fL<span style="background: LightGoldenRodYellow"> (Details: UCUM  codefL = 'fL')</span></td><td><span title="Codes:{http://terminology.hl7.org/CodeSystem/referencerange-meaning normal}">Normal Range</span>: 87.3 fL<span style="background: LightGoldenRodYellow"> (Details: UCUM  codefL = 'fL')</span> - 82.4 fL<span style="background: LightGoldenRodYellow"> (Details: UCUM  codefL = 'fL')</span></td><td>Final, <span title="Codes:{http://terminology.hl7.org/CodeSystem/v3-ObservationInterpretation N}">Normal</span></td></tr><tr><td><a href="Observation-cbc-mch.html"><span title="Codes:{http://loinc.org 785-6}">Mean Corpuscular Hemoglobin (MCH), Red blood cells</span></a></td><td>30 pg<span style="background: LightGoldenRodYellow"> (Details: UCUM  codepg = 'pg')</span></td><td><span title="Codes:{http://terminology.hl7.org/CodeSystem/referencerange-meaning normal}">Normal Range</span>: 33.2 pg<span style="background: LightGoldenRodYellow"> (Details: UCUM  codepg = 'pg')</span> - 27.5 pg<span style="background: LightGoldenRodYellow"> (Details: UCUM  codepg = 'pg')</span></td><td>Final, <span title="Codes:{http://terminology.hl7.org/CodeSystem/v3-ObservationInterpretation N}">Normal</span></td></tr><tr><td><a href="Observation-cbc-mchc.html"><span title="Codes:{http://loinc.org 786-4}">MCHC</span></a></td><td>34.7 g/dL<span style="background: LightGoldenRodYellow"> (Details: UCUM  codeg/dL = 'g/dL')</span></td><td><span title="Codes:{http://terminology.hl7.org/CodeSystem/referencerange-meaning normal}">Normal Range</span>: 30 g/dL<span style="background: LightGoldenRodYellow"> (Details: UCUM  codeg/dL = 'g/dL')</span> - 34 g/dL<span style="background: LightGoldenRodYellow"> (Details: UCUM  codeg/dL = 'g/dL')</span></td><td>Final, <span title="Codes:{http://terminology.hl7.org/CodeSystem/v3-ObservationInterpretation H}">High</span></td></tr><tr><td><a href="Observation-cbc-platelets.html"><span title="Codes:{http://loinc.org 777-3}">Platelet count, Blood</span></a></td><td>200 10*3/uL<span style="background: LightGoldenRodYellow"> (Details: UCUM  code10*3/uL = '10*3/uL')</span></td><td><span title="Codes:{http://terminology.hl7.org/CodeSystem/referencerange-meaning normal}">Normal Range</span>: 150 10*3/uL<span style="background: LightGoldenRodYellow"> (Details: UCUM  code10*3/uL = '10*3/uL')</span> - 450 10*3/uL<span style="background: LightGoldenRodYellow"> (Details: UCUM  code10*3/uL = '10*3/uL')</span></td><td>Final, <span title="Codes:{http://terminology.hl7.org/CodeSystem/v3-ObservationInterpretation N}">Normal</span></td></tr></table></div>
  </text>
  <status value="final"/>
  <category>
    <coding>
      <system value="http://terminology.hl7.org/CodeSystem/v2-0074"/>
      <code value="LAB"/>
      <display value="Laboratory"/>
    </coding>
  </category>
  <code>
    <coding>
      <system value="http://loinc.org"/>
      <code value="58410-2"/>
      <display value="CBC panel - Blood by Automated count"/>
    </coding>
  </code>
  <subject>
    <reference value="Patient/example"/>
    <display value="Amy Shaw"/>
  </subject>
  <encounter>
    <reference value="Encounter/example-1"/>
    <display value="Office Visit"/>
  </encounter>
  <effectiveDateTime value="2005-07-05"/>
  <issued value="2005-07-06T11:45:33Z"/>
  <performer>
    <reference value="Organization/acme-lab"/>
    <display value="Acme Laboratory, Inc"/>
  </performer>
  <resultsInterpreter>
    <reference value="Practitioner/practitioner-1"/>
    <display value="Dr Ronald Bone"/>
  </resultsInterpreter>
  <result>
    <reference value="Observation/cbc-leukocytes"/>
    <display value="LEUKOCYTES"/>
  </result>
  <result>
    <reference value="Observation/cbc-erythrocytes"/>
    <display value="ERYTHROCYTES"/>
  </result>
  <result>
    <reference value="Observation/cbc-hemoglobin"/>
    <display value="HEMOGLOBIN"/>
  </result>
  <result>
    <reference value="Observation/cbc-hematocrit"/>
    <display value="HEMATOCRIT"/>
  </result>
  <result>
    <reference value="Observation/cbc-mcv"/>
    <display value="MCV"/>
  </result>
  <result>
    <reference value="Observation/cbc-mch"/>
    <display value="MCH"/>
  </result>
  <result>
    <reference value="Observation/cbc-mchc"/>
    <display value="MCHC"/>
  </result>
  <result>
    <reference value="Observation/cbc-platelets"/>
    <display value="PLATELETS"/>
  </result>
</DiagnosticReport>