<?xml version="1.0" encoding="UTF-8"?>

<DiagnosticReport xmlns="http://hl7.org/fhir">
  <id value="metabolic-panel"/>
  <meta>
    <lastUpdated value="2005-07-06T15:29:58.597Z"/>
    <profile value="http://hl7.org/fhir/us/core/StructureDefinition/us-core-diagnosticreport-lab|8.0.0"/>
  </meta>
  <text>
    <status value="generated"/><div xmlns="http://www.w3.org/1999/xhtml"><p class="res-header-id"><b>Generated Narrative: DiagnosticReport metabolic-panel</b></p><a name="metabolic-panel"> </a><a name="hcmetabolic-panel"> </a><a name="metabolic-panel-en-US"> </a><div style="display: inline-block; background-color: #d9e0e7; padding: 6px; margin: 4px; border: 1px solid #8da1b4; border-radius: 5px; line-height: 60%"><p style="margin-bottom: 0px">Last updated: 2005-07-06 15:29:58+0000</p><p style="margin-bottom: 0px">Profile: <a href="StructureDefinition-us-core-diagnosticreport-lab.html">US Core DiagnosticReport Profile for Laboratory Results Reportingversion: null8.0.0)</a></p></div><h2><span title="Codes:{http://loinc.org 24321-2}">Basic Metabolic Panel (BMP)</span> (<span title="Codes:{http://terminology.hl7.org/CodeSystem/v2-0074 LAB}">Laboratory</span>) </h2><table class="grid"><tr><td>Subject</td><td>Amy V. Baxter  (no stated gender), DoB: 1987-02-20 ( Medical Record Number: 1032702 (use: usual, ))</td></tr><tr><td>When For</td><td>2005-07-04</td></tr><tr><td>Reported</td><td>2005-07-06 11:45:33+0000</td></tr><tr><td>Performer</td><td> <a href="Organization-acme-lab.html">Acme Laboratory, Inc</a></td></tr></table><p><b>Report Details</b></p><table class="grid"><tr><td><b>Code</b></td><td><b>Value</b></td><td><b>Reference Range</b></td><td><b>Flags</b></td><td><b>When For</b></td></tr><tr><td><a href="Observation-serum-sodium.html"><span title="Codes:{http://loinc.org 2951-2}">Sodium, Blood</span></a></td><td>137 mmol/L<span style="background: LightGoldenRodYellow"> (Details: UCUM  codemmol/L = 'mmol/L')</span></td><td><span title="Codes:{http://terminology.hl7.org/CodeSystem/referencerange-meaning normal}">Normal Range</span>: 135 mmol/L<span style="background: LightGoldenRodYellow"> (Details: UCUM  codemmol/L = 'mmol/L')</span> - 145 mmol/L<span style="background: LightGoldenRodYellow"> (Details: UCUM  codemmol/L = 'mmol/L')</span></td><td>Final, <span title="Codes:{http://terminology.hl7.org/CodeSystem/v3-ObservationInterpretation N}">Normal</span></td><td>2005-07-05</td></tr><tr><td><a href="Observation-serum-potassium.html"><span title="Codes:{http://loinc.org 2823-3}">Potassium, Blood</span></a></td><td>5.4 mmol/L<span style="background: LightGoldenRodYellow"> (Details: UCUM  codemmol/L = 'mmol/L')</span></td><td><span title="Codes:{http://terminology.hl7.org/CodeSystem/referencerange-meaning normal}">Normal Range</span>: 3.5 mmol/L<span style="background: LightGoldenRodYellow"> (Details: UCUM  codemmol/L = 'mmol/L')</span> - 5.5 mmol/L<span style="background: LightGoldenRodYellow"> (Details: UCUM  codemmol/L = 'mmol/L')</span></td><td>Final, <span title="Codes:{http://terminology.hl7.org/CodeSystem/v3-ObservationInterpretation N}">Normal</span></td><td>2005-07-05</td></tr><tr><td><a href="Observation-serum-creatinine.html"><span title="Codes:{http://loinc.org 2160-0}">Creatinine, Blood</span></a></td><td>1 mg/dL<span style="background: LightGoldenRodYellow"> (Details: UCUM  codemg/dL = 'mg/dL')</span></td><td><span title="Codes:{http://terminology.hl7.org/CodeSystem/referencerange-meaning normal}">Normal Range</span>: 0.2 mg/dL<span style="background: LightGoldenRodYellow"> (Details: UCUM  codemg/dL = 'mg/dL')</span> - 0.6 mg/dL<span style="background: LightGoldenRodYellow"> (Details: UCUM  codemg/dL = 'mg/dL')</span></td><td>Final, <span title="Codes:{http://terminology.hl7.org/CodeSystem/v3-ObservationInterpretation H}">High</span></td><td>2005-07-05</td></tr><tr><td><a href="Observation-serum-co2.html"><span title="Codes:{http://loinc.org 2028-9}">Carbon Dioxide (CO2), Blood</span></a></td><td>24 mmol/L<span style="background: LightGoldenRodYellow"> (Details: UCUM  codemmol/L = 'mmol/L')</span></td><td><span title="Codes:{http://terminology.hl7.org/CodeSystem/referencerange-meaning normal}">Normal Range</span>: 22 mmol/L<span style="background: LightGoldenRodYellow"> (Details: UCUM  codemmol/L = 'mmol/L')</span> - 29 mmol/L<span style="background: LightGoldenRodYellow"> (Details: UCUM  codemmol/L = 'mmol/L')</span></td><td>Final, <span title="Codes:{http://terminology.hl7.org/CodeSystem/v3-ObservationInterpretation N}">Normal</span></td><td>2005-07-05</td></tr><tr><td><a href="Observation-serum-chloride.html"><span title="Codes:{http://loinc.org 2075-0}">Chloride, Blood</span></a></td><td>105 mmol/L<span style="background: LightGoldenRodYellow"> (Details: UCUM  codemmol/L = 'mmol/L')</span></td><td><span title="Codes:{http://terminology.hl7.org/CodeSystem/referencerange-meaning normal}">Normal Range</span>: 95 mmol/L<span style="background: LightGoldenRodYellow"> (Details: UCUM  codemmol/L = 'mmol/L')</span> - 105 mmol/L<span style="background: LightGoldenRodYellow"> (Details: UCUM  codemmol/L = 'mmol/L')</span></td><td>Final, <span title="Codes:{http://terminology.hl7.org/CodeSystem/v3-ObservationInterpretation N}">Normal</span></td><td>2005-07-05</td></tr><tr><td><a href="Observation-serum-calcium.html"><span title="Codes:{http://loinc.org 17861-6}">Calcium, Blood</span></a></td><td>7.7 mg/dL</td><td><span title="Codes:{http://terminology.hl7.org/CodeSystem/referencerange-meaning normal}">Normal Range</span>: 8.5 mg/dL<span style="background: LightGoldenRodYellow"> (Details: UCUM  codemg/dL = 'mg/dL')</span> - 10.5 mg/dL<span style="background: LightGoldenRodYellow"> (Details: UCUM  codemg/dL = 'mg/dL')</span></td><td>Final, <span title="Codes:{http://terminology.hl7.org/CodeSystem/v3-ObservationInterpretation L}">Low</span></td><td>2005-07-05</td></tr><tr><td><a href="Observation-serum-bun.html"><span title="Codes:{http://loinc.org 3094-0}">Urea Nitrogen (BUN), Blood</span></a></td><td>10 mg/dL</td><td><span title="Codes:{http://terminology.hl7.org/CodeSystem/referencerange-meaning normal}">Normal Range</span>: 5 mg/dL<span style="background: LightGoldenRodYellow"> (Details: UCUM  codemg/dL = 'mg/dL')</span> - 20 mg/dL<span style="background: LightGoldenRodYellow"> (Details: UCUM  codemg/dL = 'mg/dL')</span></td><td>Final, <span title="Codes:{http://terminology.hl7.org/CodeSystem/v3-ObservationInterpretation N}">Normal</span></td><td>2005-07-05</td></tr><tr><td><a href="Observation-serum-glucose.html"><span title="Codes:{http://loinc.org 2345-7}">Glucose, Blood</span></a></td><td>76 mg/dL<span style="background: LightGoldenRodYellow"> (Details: UCUM  codemg/dL = 'mg/dL')</span></td><td><span title="Codes:{http://terminology.hl7.org/CodeSystem/referencerange-meaning normal}">Normal Range</span>: 40 mg/dL<span style="background: LightGoldenRodYellow"> (Details: UCUM  codemg/dL = 'mg/dL')</span> - 109 mg/dL<span style="background: LightGoldenRodYellow"> (Details: UCUM  codemg/dL = 'mg/dL')</span></td><td>Final, <span title="Codes:{http://terminology.hl7.org/CodeSystem/v3-ObservationInterpretation N}">Normal</span></td><td>2005-07-05</td></tr></table></div>
  </text>
  <basedOn>
    <reference value="ServiceRequest/bmp"/>
    <display value="Basic Metabolic Panel (BMP) Order"/>
  </basedOn>
  <status value="final"/>
  <category>
    <coding>
      <system value="http://terminology.hl7.org/CodeSystem/v2-0074"/>
      <code value="LAB"/>
      <display value="Laboratory"/>
    </coding>
  </category>
  <code>
    <coding>
      <system value="http://loinc.org"/>
      <code value="24321-2"/>
      <display value="Basic metabolic 2000 panel - Serum or Plasma"/>
    </coding>
    <text value="Basic Metabolic Panel (BMP)"/>
  </code>
  <subject>
    <reference value="Patient/example"/>
    <display value="Amy Shaw"/>
  </subject>
  <encounter>
    <reference value="Encounter/example-1"/>
    <display value="Office Visit"/>
  </encounter>
  <effectiveDateTime value="2005-07-04"/>
  <issued value="2005-07-06T11:45:33Z"/>
  <performer>
    <reference value="Organization/acme-lab"/>
    <display value="Acme Laboratory, Inc"/>
  </performer>
  <result>
    <reference value="Observation/serum-sodium"/>
    <display value="SODIUM"/>
  </result>
  <result>
    <reference value="Observation/serum-potassium"/>
    <display value="Potassium"/>
  </result>
  <result>
    <reference value="Observation/serum-creatinine"/>
    <display value="CREATININE"/>
  </result>
  <result>
    <reference value="Observation/serum-co2"/>
    <display value="TOTAL CO2"/>
  </result>
  <result>
    <reference value="Observation/serum-chloride"/>
    <display value="CHLORIDE"/>
  </result>
  <result>
    <reference value="Observation/serum-calcium"/>
    <display value="CALCIUM"/>
  </result>
  <result>
    <reference value="Observation/serum-bun"/>
    <display value="BUN"/>
  </result>
  <result>
    <reference value="Observation/serum-glucose"/>
    <display value="GLUCOSE"/>
  </result>
</DiagnosticReport>