<?xml version="1.0" encoding="UTF-8"?>

<DiagnosticReport xmlns="http://hl7.org/fhir">
  <id value="cardiology-report"/>
  <meta>
    <profile value="http://hl7.org/fhir/us/core/StructureDefinition/us-core-diagnosticreport-note|8.0.0"/>
  </meta>
  <text>
    <status value="generated"/><div xmlns="http://www.w3.org/1999/xhtml"><p class="res-header-id"><b>Generated Narrative: DiagnosticReport cardiology-report</b></p><a name="cardiology-report"> </a><a name="hccardiology-report"> </a><a name="cardiology-report-en-US"> </a><div style="display: inline-block; background-color: #d9e0e7; padding: 6px; margin: 4px; border: 1px solid #8da1b4; border-radius: 5px; line-height: 60%"><p style="margin-bottom: 0px"/><p style="margin-bottom: 0px">Profile: <a href="StructureDefinition-us-core-diagnosticreport-note.html">US Core DiagnosticReport Profile for Report and Note Exchangeversion: null8.0.0)</a></p></div><h2><span title="Codes:{http://loinc.org 45033-8}">Cardiovascular physiologic and EKG assessment panel</span> (<span title="Codes:{http://loinc.org LP29708-2}">Cardiology</span>) </h2><table class="grid"><tr><td>Subject</td><td>Amy V. Baxter  (no stated gender), DoB: 1987-02-20 ( Medical Record Number: 1032702 (use: usual, ))</td></tr><tr><td>When For</td><td>2021-11-10 21:39:30+0000</td></tr></table><p><b>Report Details</b></p><table class="grid"><tr><td><b>Code</b></td><td><b>Value</b></td><td><b>Flags</b></td><td><b>When For</b></td></tr><tr><td><a href="Observation-qrs-dur-ekg-lead.html"><span title="Codes:{http://loinc.org 44973-6}">QRS dur {EKG lead}</span></a></td><td>60 ms<span style="background: LightGoldenRodYellow"> (Details: UCUM  codems = 'ms')</span></td><td>Final</td><td>2021-11-10 16:48:57-0800</td></tr><tr><td><a href="Observation-pulse-intensity-palpation.html"><span title="Codes:{http://loinc.org 44974-4}">Pulse intensity Palpation</span></a></td><td><span title="Codes:{http://loinc.org LA11841-6}">1+</span></td><td>Final</td><td>2021-11-10 16:48:57-0800</td></tr><tr><td><a href="Observation-p-r-interval-ekg-lead.html"><span title="Codes:{http://loinc.org 44976-9}">P-R interval {EKG lead}</span></a></td><td>0.2 s<span style="background: LightGoldenRodYellow"> (Details: UCUM  codes = 's')</span></td><td>Final</td><td>2021-11-10 16:48:57-0800</td></tr><tr><td><a href="Observation-q-t-interval-ekg-lead.html"><span title="Codes:{http://loinc.org 44975-1}">Q-T interval {EKG lead}</span></a></td><td>0.4 s<span style="background: LightGoldenRodYellow"> (Details: UCUM  codes = 's')</span></td><td>Final</td><td>2021-11-10 16:48:57-0800</td></tr><tr><td><a href="Observation-jugular-vein-distension.html"><span title="Codes:{http://loinc.org 69428-1}">Jugular vein distension</span></a></td><td><span title="Codes:{http://loinc.org LA9634-2}">Absent</span></td><td>Final</td><td>2021-11-10 16:48:57-0800</td></tr><tr><td><a href="Observation-heart-rate-rhythm.html"><span title="Codes:{http://loinc.org 8884-9}">Heart rate rhythm</span></a></td><td>Regular (R)</td><td>Final</td><td>2021-11-10 16:48:57-0800</td></tr><tr><td><a href="Observation-ekg-lead.html"><span title="Codes:{http://loinc.org 44967-8}">EKG lead</span></a></td><td>II</td><td>Final</td><td>2021-11-10 16:48:57-0800</td></tr><tr><td><a href="Observation-ekg-impression.html"><span title="Codes:{http://loinc.org 8601-7}">EKG impression</span></a></td><td>Normal Sinus Rhythm (NSR)</td><td>Final</td><td>2021-11-10 16:48:57-0800</td></tr><tr><td><a href="Observation-capillary-refill-time-nail-bed.html"><span title="Codes:{http://loinc.org 44963-7}">Capillary refill Time Nail Bed</span></a></td><td>1 s<span style="background: LightGoldenRodYellow"> (Details: UCUM  codes = 's')</span></td><td>Final</td><td>2021-11-10 16:48:57-0800</td></tr></table></div>
  </text>
  <status value="final"/>
  <category>
    <coding>
      <system value="http://loinc.org"/>
      <code value="LP29708-2"/>
      <display value="Cardiology"/>
    </coding>
    <text value="Cardiology"/>
  </category>
  <code>
    <coding>
      <system value="http://loinc.org"/>
      <code value="45033-8"/>
      <display value="Cardiovascular physiologic and EKG assessment panel"/>
    </coding>
    <text value="Cardiovascular physiologic and EKG assessment panel"/>
  </code>
  <subject>
    <reference value="Patient/example"/>
  </subject>
  <effectiveDateTime value="2021-11-10T21:39:30.000Z"/>
  <resultsInterpreter>
    <reference value="Practitioner/practitioner-1"/>
    <display value="Dr Ronald Bone"/>
  </resultsInterpreter>
  <result>
    <reference value="Observation/qrs-dur-ekg-lead"/>
  </result>
  <result>
    <reference value="Observation/pulse-intensity-palpation"/>
  </result>
  <result>
    <reference value="Observation/p-r-interval-ekg-lead"/>
  </result>
  <result>
    <reference value="Observation/q-t-interval-ekg-lead"/>
  </result>
  <result>
    <reference value="Observation/jugular-vein-distension"/>
  </result>
  <result>
    <reference value="Observation/heart-rate-rhythm"/>
  </result>
  <result>
    <reference value="Observation/ekg-lead"/>
  </result>
  <result>
    <reference value="Observation/ekg-impression"/>
  </result>
  <result>
    <reference value="Observation/capillary-refill-time-nail-bed"/>
  </result>
  <media>
    <link>
      <reference value="Media/ekg-strip"/>
      <display value="EKG Strip"/>
    </link>
  </media>
  <presentedForm>
    <contentType value="application/pdf"/>
    <url value="http://example.org/fhir/pdfdownloads/cardiopanel-report-123.pdf"/>
    <hash value="RVFILy4uQWdNRQo="/>
  </presentedForm>
</DiagnosticReport>