<?xml version="1.0" encoding="UTF-8"?>

<Encounter xmlns="http://hl7.org/fhir">
  <id value="1036"/>
  <meta>
    <lastUpdated value="2024-01-28T16:06:21-08:00"/>
    <profile value="http://hl7.org/fhir/us/core/StructureDefinition/us-core-encounter|8.0.0"/>
  </meta>
  <text>
    <status value="generated"/><div xmlns="http://www.w3.org/1999/xhtml"><p class="res-header-id"><b>Generated Narrative: Encounter 1036</b></p><a name="1036"> </a><a name="hc1036"> </a><a name="1036-en-US"> </a><div style="display: inline-block; background-color: #d9e0e7; padding: 6px; margin: 4px; border: 1px solid #8da1b4; border-radius: 5px; line-height: 60%"><p style="margin-bottom: 0px">Last updated: 2024-01-28 16:06:21-0800</p><p style="margin-bottom: 0px">Profile: <a href="StructureDefinition-us-core-encounter.html">US Core Encounter Profileversion: null8.0.0)</a></p></div><p><b>status</b>: In Progress</p><p><b>class</b>: <a href="http://terminology.hl7.org/5.5.0/CodeSystem-v3-ActCode.html#v3-ActCode-IMP">ActCode IMP</a>: inpatient encounter</p><p><b>type</b>: <span title="Codes:{http://snomed.info/sct 261665006}">Unknown (qualifier value)</span></p><p><b>subject</b>: <a href="Patient-example.html">Amy V. Baxter  (no stated gender), DoB: 1987-02-20 ( Medical Record Number: 1032702 (use: usual, ))</a></p><h3>Hospitalizations</h3><table class="grid"><tr><td style="display: none">-</td><td><b>DischargeDisposition</b></td></tr><tr><td style="display: none">*</td><td><span title="Codes:{http://terminology.hl7.org/CodeSystem/nubc-UB92 01}">Discharged to Home</span></td></tr></table><h3>Locations</h3><table class="grid"><tr><td style="display: none">-</td><td><b>Location</b></td></tr><tr><td style="display: none">*</td><td><a href="Location-hospital.html">Holy Family Hospital</a></td></tr></table></div>
  </text>
  <status value="in-progress"/>
  <class>
    <system value="http://terminology.hl7.org/CodeSystem/v3-ActCode"/>
    <code value="IMP"/>
    <display value="inpatient encounter"/>
  </class>
  <type>
    <coding>
      <system value="http://snomed.info/sct"/>
      <version value="http://snomed.info/sct/731000124108"/>
      <code value="261665006"/>
      <display value="Unknown (qualifier value)"/>
    </coding>
    <text value="Unknown (qualifier value)"/>
  </type>
  <subject>
    <reference value="Patient/example"/>
  </subject>
  <hospitalization>
    <dischargeDisposition>
      <coding>
        <system value="http://terminology.hl7.org/CodeSystem/nubc-UB92"/>
        <code value="01"/>
        <display value="Discharged to Home"/>
      </coding>
    </dischargeDisposition>
  </hospitalization>
  <location>
    <location>
      <reference value="Location/hospital"/>
      <display value="Holy Family Hospital"/>
    </location>
  </location>
</Encounter>