<?xml version="1.0" encoding="UTF-8"?>

<Goal xmlns="http://hl7.org/fhir">
  <id value="goal-sdoh-2"/>
  <meta>
    <profile value="http://hl7.org/fhir/us/core/StructureDefinition/us-core-goal|8.0.0"/>
  </meta>
  <text>
    <status value="generated"/><div xmlns="http://www.w3.org/1999/xhtml"><p class="res-header-id"><b>Generated Narrative: Goal goal-sdoh-2</b></p><a name="goal-sdoh-2"> </a><a name="hcgoal-sdoh-2"> </a><a name="goal-sdoh-2-en-US"> </a><div style="display: inline-block; background-color: #d9e0e7; padding: 6px; margin: 4px; border: 1px solid #8da1b4; border-radius: 5px; line-height: 60%"><p style="margin-bottom: 0px"/><p style="margin-bottom: 0px">Profile: <a href="StructureDefinition-us-core-goal.html">US Core Goal Profileversion: null8.0.0)</a></p></div><p><b>lifecycleStatus</b>: Active</p><p><b>description</b>: <span title="Codes:{http://snomed.info/sct 406156006}">In paid employment</span></p><p><b>subject</b>: <a href="Patient-example.html">Amy Shaw</a></p><h3>Targets</h3><table class="grid"><tr><td style="display: none">-</td><td><b>Due[x]</b></td></tr><tr><td style="display: none">*</td><td>2022-02-01</td></tr></table><p><b>expressedBy</b>: <a href="Patient-example.html">Amy Shaw</a></p></div>
  </text>
  <lifecycleStatus value="active"/>
  <description>
    <coding>
      <system value="http://snomed.info/sct"/>
      <version value="http://snomed.info/sct/731000124108"/>
      <code value="406156006"/>
      <display value="In paid employment"/>
    </coding>
    <text value="In paid employment"/>
  </description>
  <subject>
    <reference value="Patient/example"/>
    <display value="Amy Shaw"/>
  </subject>
  <target>
    <dueDate value="2022-02-01"/>
  </target>
  <expressedBy>
    <reference value="Patient/example"/>
    <display value="Amy Shaw"/>
  </expressedBy>
</Goal>