<?xml version="1.0" encoding="UTF-8"?>

<Location xmlns="http://hl7.org/fhir">
  <id value="hl7east"/>
  <meta>
    <profile value="http://hl7.org/fhir/us/core/StructureDefinition/us-core-location|8.0.0"/>
  </meta>
  <text>
    <status value="generated"/><div xmlns="http://www.w3.org/1999/xhtml"><p class="res-header-id"><b>Generated Narrative: Location hl7east</b></p><a name="hl7east"> </a><a name="hchl7east"> </a><a name="hl7east-en-US"> </a><div style="display: inline-block; background-color: #d9e0e7; padding: 6px; margin: 4px; border: 1px solid #8da1b4; border-radius: 5px; line-height: 60%"><p style="margin-bottom: 0px"/><p style="margin-bottom: 0px">Profile: <a href="StructureDefinition-us-core-location.html">US Core Location Profileversion: null8.0.0)</a></p></div><p><b>identifier</b>: <code>http://www.acme.org/location</code>/29</p><p><b>status</b>: Active</p><p><b>name</b>: Health Level Seven International - Amherst</p><p><b>description</b>: HL7 Headquarters - East</p><p><b>type</b>: <span title="Codes:{https://www.cdc.gov/nhsn/cdaportal/terminology/codesystem/hsloc.html 1184-1}">Administrative Office</span></p><p><b>telecom</b>: ph: (+1) 734-677-7777</p><p><b>address</b>: 3300 WASHTENAW AVE STE 227 AMHERST MA 01002 USA </p><h3>Positions</h3><table class="grid"><tr><td style="display: none">-</td><td><b>Longitude</b></td><td><b>Latitude</b></td></tr><tr><td style="display: none">*</td><td>-72.519854</td><td>42.373222</td></tr></table><p><b>managingOrganization</b>: Health Level Seven International</p></div>
  </text>
  <identifier>
    <system value="http://www.acme.org/location"/>
    <value value="29"/>
  </identifier>
  <status value="active"/>
  <name value="Health Level Seven International - Amherst"/>
  <description value="HL7 Headquarters - East"/>
  <type>
    <coding>
      <system value="https://www.cdc.gov/nhsn/cdaportal/terminology/codesystem/hsloc.html"/>
      <code value="1184-1"/>
      <display value="Administrative Areas"/>
    </coding>
    <text value="Administrative Office"/>
  </type>
  <telecom>
    <system value="phone"/>
    <value value="(+1) 734-677-7777"/>
  </telecom>
  <address>
    <line value="3300 WASHTENAW AVE STE 227"/>
    <city value="AMHERST"/>
    <state value="MA"/>
    <postalCode value="01002"/>
    <country value="USA"/>
  </address>
  <position>
    <longitude value="-72.519854"/>
    <latitude value="42.373222"/>
  </position>
  <managingOrganization>
    <display value="Health Level Seven International"/>
  </managingOrganization>
</Location>