<?xml version="1.0" encoding="UTF-8"?>

<Location xmlns="http://hl7.org/fhir">
  <id value="hospital"/>
  <meta>
    <profile value="http://hl7.org/fhir/us/core/StructureDefinition/us-core-location|8.0.0"/>
  </meta>
  <text>
    <status value="generated"/><div xmlns="http://www.w3.org/1999/xhtml"><p class="res-header-id"><b>Generated Narrative: Location hospital</b></p><a name="hospital"> </a><a name="hchospital"> </a><a name="hospital-en-US"> </a><div style="display: inline-block; background-color: #d9e0e7; padding: 6px; margin: 4px; border: 1px solid #8da1b4; border-radius: 5px; line-height: 60%"><p style="margin-bottom: 0px"/><p style="margin-bottom: 0px">Profile: <a href="StructureDefinition-us-core-location.html">US Core Location Profileversion: null8.0.0)</a></p></div><p><b>identifier</b>: <a href="http://terminology.hl7.org/5.5.0/NamingSystem-npi.html" title="National Provider Identifier">United States National Provider Identifier</a>/1234567893</p><p><b>status</b>: Active</p><p><b>name</b>: Holy Family Hospital</p><p><b>type</b>: <span title="Codes:{http://terminology.hl7.org/CodeSystem/v3-RoleCode HOSP}, {http://snomed.info/sct 22232009}, {https://www.cdc.gov/nhsn/cdaportal/terminology/codesystem/hsloc.html 1120-5}">Hospital</span></p><p><b>telecom</b>: ph: 9786870156</p><p><b>address</b>: 70 EAST ST METHUEN MA 01844 US </p><p><b>managingOrganization</b>: <a href="Organization-holy-healthcare.html">Holy Healthcare</a></p></div>
  </text>
  <identifier>
    <system value="http://hl7.org/fhir/sid/us-npi"/>
    <value value="1234567893"/>
  </identifier>
  <status value="active"/>
  <name value="Holy Family Hospital"/>
  <type>
    <coding>
      <system value="http://terminology.hl7.org/CodeSystem/v3-RoleCode"/>
      <code value="HOSP"/>
      <display value="Hospital"/>
    </coding>
    <coding>
      <system value="http://snomed.info/sct"/>
      <version value="http://snomed.info/sct/731000124108"/>
      <code value="22232009"/>
      <display value="Hospital"/>
    </coding>
    <coding>
      <system value="https://www.cdc.gov/nhsn/cdaportal/terminology/codesystem/hsloc.html"/>
      <code value="1120-5"/>
      <display value="Medical Clinic"/>
    </coding>
    <text value="Hospital"/>
  </type>
  <telecom>
    <system value="phone"/>
    <value value="9786870156"/>
  </telecom>
  <address>
    <line value="70 EAST ST"/>
    <city value="METHUEN"/>
    <state value="MA"/>
    <postalCode value="01844"/>
    <country value="US"/>
  </address>
  <managingOrganization>
    <reference value="Organization/holy-healthcare"/>
    <display value="Holy Healthcare"/>
  </managingOrganization>
</Location>