<?xml version="1.0" encoding="UTF-8"?>

<MedicationRequest xmlns="http://hl7.org/fhir">
  <id value="self-tylenol"/>
  <meta>
    <profile value="http://hl7.org/fhir/us/core/StructureDefinition/us-core-medicationrequest|8.0.0"/>
  </meta>
  <text>
    <status value="extensions"/><div xmlns="http://www.w3.org/1999/xhtml"><p class="res-header-id"><b>Generated Narrative: MedicationRequest self-tylenol</b></p><a name="self-tylenol"> </a><a name="hcself-tylenol"> </a><a name="self-tylenol-en-US"> </a><div style="display: inline-block; background-color: #d9e0e7; padding: 6px; margin: 4px; border: 1px solid #8da1b4; border-radius: 5px; line-height: 60%"><p style="margin-bottom: 0px"/><p style="margin-bottom: 0px">Profile: <a href="StructureDefinition-us-core-medicationrequest.html">US Core MedicationRequest Profileversion: null8.0.0)</a></p></div><blockquote><p><b>US Core Medication Adherence Extension</b></p><ul><li>medicationAdherence: <span title="Codes:{http://snomed.info/sct 275928001}">Drugs - partial non-compliance (finding)</span></li><li>dateAsserted: 2023-08-11 08:15:49+0000</li><li>informationSource: <span title="Codes:{http://terminology.hl7.org/CodeSystem/v3-RoleCode SPS}">Spouse</span></li></ul></blockquote><p><b>identifier</b>: <code>http://acme.org/prescriptions</code>/12345689 (use: official, )</p><p><b>status</b>: Active</p><p><b>intent</b>: Plan</p><p><b>reported</b>: true</p><p><b>medication</b>: <span title="Codes:{http://www.nlm.nih.gov/research/umls/rxnorm 1187314}">Tylenol PM Pill</span></p><p><b>subject</b>: <a href="Patient-example.html">Amy V. Shaw</a></p><p><b>encounter</b>: <a href="Encounter-example-1.html">Office Visit</a></p><p><b>authoredOn</b>: 2019-06-24</p><p><b>requester</b>: <a href="Patient-example.html">**self-prescribed**</a></p><p><b>reasonCode</b>: <span title="Codes:{http://snomed.info/sct 25064002}">Headache</span></p><h3>DosageInstructions</h3><table class="grid"><tr><td style="display: none">-</td><td><b>Text</b></td></tr><tr><td style="display: none">*</td><td>Takes 1-2 tablets once daily at bedtime as needed for restless legs</td></tr></table></div>
  </text>
  <extension url="http://hl7.org/fhir/us/core/StructureDefinition/us-core-medication-adherence">
    <extension url="medicationAdherence">
      <valueCodeableConcept>
        <coding>
          <system value="http://snomed.info/sct"/>
          <code value="275928001"/>
          <display value="Drugs - partial non-compliance (finding)"/>
        </coding>
      </valueCodeableConcept>
    </extension>
    <extension url="dateAsserted">
      <valueDateTime value="2023-08-11T08:15:49.449Z"/>
    </extension>
    <extension url="informationSource">
      <valueCodeableConcept>
        <coding>
          <system value="http://terminology.hl7.org/CodeSystem/v3-RoleCode"/>
          <code value="SPS"/>
          <display value="Spouse"/>
        </coding>
      </valueCodeableConcept>
    </extension>
  </extension>
  <identifier>
    <use value="official"/>
    <system value="http://acme.org/prescriptions"/>
    <value value="12345689"/>
  </identifier>
  <status value="active"/>
  <intent value="plan"/>
  <reportedBoolean value="true"/>
  <medicationCodeableConcept>
    <coding>
      <system value="http://www.nlm.nih.gov/research/umls/rxnorm"/>
      <code value="1187314"/>
      <display value="Tylenol PM Pill"/>
    </coding>
    <text value="Tylenol PM Pill"/>
  </medicationCodeableConcept>
  <subject>
    <reference value="Patient/example"/>
    <display value="Amy V. Shaw"/>
  </subject>
  <encounter>
    <reference value="Encounter/example-1"/>
    <display value="Office Visit"/>
  </encounter>
  <authoredOn value="2019-06-24"/>
  <requester>
    <reference value="Patient/example"/>
    <display value="**self-prescribed**"/>
  </requester>
  <reasonCode>
    <coding>
      <system value="http://snomed.info/sct"/>
      <version value="http://snomed.info/sct/731000124108"/>
      <code value="25064002"/>
      <display value="Headache (finding)"/>
    </coding>
    <text value="Headache"/>
  </reasonCode>
  <dosageInstruction>
    <text value="Takes 1-2 tablets once daily at bedtime as needed for restless legs"/>
  </dosageInstruction>
</MedicationRequest>