<?xml version="1.0" encoding="UTF-8"?>

<Medication xmlns="http://hl7.org/fhir">
  <id value="uscore-med1"/>
  <meta>
    <profile value="http://hl7.org/fhir/us/core/StructureDefinition/us-core-medication|8.0.0"/>
  </meta>
  <text>
    <status value="generated"/><div xmlns="http://www.w3.org/1999/xhtml"><p class="res-header-id"><b>Generated Narrative: Medication uscore-med1</b></p><a name="uscore-med1"> </a><a name="hcuscore-med1"> </a><a name="uscore-med1-en-US"> </a><div style="display: inline-block; background-color: #d9e0e7; padding: 6px; margin: 4px; border: 1px solid #8da1b4; border-radius: 5px; line-height: 60%"><p style="margin-bottom: 0px"/><p style="margin-bottom: 0px">Profile: <a href="StructureDefinition-us-core-medication.html">US Core Medication Profileversion: null8.0.0)</a></p></div><p><b>code</b>: <span title="Codes:{http://www.nlm.nih.gov/research/umls/rxnorm 206765}">Prinivil (lisinopril) oral 10 mg</span></p></div>
  </text>
  <code>
    <coding>
      <system value="http://www.nlm.nih.gov/research/umls/rxnorm"/>
      <code value="206765"/>
      <display value="lisinopril 10 MG Oral Tablet [Prinivil]"/>
    </coding>
    <text value="Prinivil (lisinopril) oral 10 mg"/>
  </code>
</Medication>