<?xml version="1.0" encoding="UTF-8"?>

<MedicationRequest xmlns="http://hl7.org/fhir">
  <id value="medicationrequest-contained-oral-axid"/>
  <meta>
    <profile value="http://hl7.org/fhir/us/core/StructureDefinition/us-core-medicationrequest|8.0.0"/>
  </meta>
  <text>
    <status value="generated"/><div xmlns="http://www.w3.org/1999/xhtml"><p class="res-header-id"><b>Generated Narrative: MedicationRequest medicationrequest-contained-oral-axid</b></p><a name="medicationrequest-contained-oral-axid"> </a><a name="hcmedicationrequest-contained-oral-axid"> </a><a name="medicationrequest-contained-oral-axid-en-US"> </a><div style="display: inline-block; background-color: #d9e0e7; padding: 6px; margin: 4px; border: 1px solid #8da1b4; border-radius: 5px; line-height: 60%"><p style="margin-bottom: 0px"/><p style="margin-bottom: 0px">Profile: <a href="StructureDefinition-us-core-medicationrequest.html">US Core MedicationRequest Profileversion: null8.0.0)</a></p></div><p><b>status</b>: Active</p><p><b>intent</b>: Order</p><p><b>medication</b>: <a href="#hcmedicationrequest-contained-oral-axid/med2">Nizatidine 15 MG/ML Oral Solution [Axid]</a></p><p><b>subject</b>: <a href="Patient-example.html">Amy Shaw</a></p><p><b>authoredOn</b>: 2008-04-05</p><p><b>requester</b>: <a href="Practitioner-practitioner-1.html">Ronald Bone, MD</a></p><p><b>reasonCode</b>: <span title="Codes:{http://snomed.info/sct 51868009}">Active Duodenal Ulcer</span></p><blockquote><p><b>dosageInstruction</b></p><p><b>text</b>: 10 mL bid</p><p><b>timing</b>: 2 per 1 day</p><p><b>route</b>: <span title="Codes:{http://snomed.info/sct 26643006}">Oral route</span></p><h3>DoseAndRates</h3><table class="grid"><tr><td style="display: none">-</td><td><b>Dose[x]</b></td></tr><tr><td style="display: none">*</td><td>10 ml<span style="background: LightGoldenRodYellow"> (Details: UCUM  codemL = 'mL')</span></td></tr></table></blockquote><blockquote><p><b>dispenseRequest</b></p><p><b>numberOfRepeatsAllowed</b>: 1</p><p><b>quantity</b>: 480 mL<span style="background: LightGoldenRodYellow"> (Details: UCUM  codemL = 'mL')</span></p><h3>ExpectedSupplyDurations</h3><table class="grid"><tr><td style="display: none">-</td><td><b>Value</b></td><td><b>Unit</b></td><td><b>System</b></td><td><b>Code</b></td></tr><tr><td style="display: none">*</td><td>30</td><td>days</td><td><a href="http://terminology.hl7.org/5.5.0/CodeSystem-v3-ucum.html">http://unitsofmeasure.org</a></td><td>d</td></tr></table></blockquote><hr/><blockquote><p class="res-header-id"><b>Generated Narrative: Medication #med2</b></p><a name="medicationrequest-contained-oral-axid/med2"> </a><a name="hcmedicationrequest-contained-oral-axid/med2"> </a><a name="medicationrequest-contained-oral-axid/med2-en-US"> </a><p><b>code</b>: <span title="Codes:{http://www.nlm.nih.gov/research/umls/rxnorm 582620}">Nizatidine 15 MG/ML Oral Solution [Axid]</span></p></blockquote></div>
  </text>
  <contained>
    <Medication>
      <id value="med2"/>
      <code>
        <coding>
          <system value="http://www.nlm.nih.gov/research/umls/rxnorm"/>
          <code value="582620"/>
          <display value="Nizatidine 15 MG/ML Oral Solution [Axid]"/>
        </coding>
        <text value="Nizatidine 15 MG/ML Oral Solution [Axid]"/>
      </code>
    </Medication>
  </contained>
  <status value="active"/>
  <intent value="order"/>
  <medicationReference>
    <reference value="#med2"/>
    <display value="Nizatidine 15 MG/ML Oral Solution [Axid]"/>
  </medicationReference>
  <subject>
    <reference value="Patient/example"/>
    <display value="Amy Shaw"/>
  </subject>
  <authoredOn value="2008-04-05"/>
  <requester>
    <reference value="Practitioner/practitioner-1"/>
    <display value="Ronald Bone, MD"/>
  </requester>
  <reasonCode>
    <coding>
      <system value="http://snomed.info/sct"/>
      <version value="http://snomed.info/sct/731000124108"/>
      <code value="51868009"/>
      <display value="Ulcer of duodenum (disorder)"/>
    </coding>
    <text value="Active Duodenal Ulcer"/>
  </reasonCode>
  <dosageInstruction>
    <text value="10 mL bid"/>
    <timing>
      <repeat>
        <boundsPeriod>
          <start value="2008-04-05"/>
        </boundsPeriod>
        <frequency value="2"/>
        <period value="1"/>
        <periodUnit value="d"/>
      </repeat>
    </timing>
    <route>
      <coding>
        <system value="http://snomed.info/sct"/>
        <version value="http://snomed.info/sct/731000124108"/>
        <code value="26643006"/>
        <display value="Oral route"/>
      </coding>
    </route>
    <doseAndRate>
      <doseQuantity>
        <value value="10"/>
        <unit value="ml"/>
        <system value="http://unitsofmeasure.org"/>
        <code value="mL"/>
      </doseQuantity>
    </doseAndRate>
  </dosageInstruction>
  <dispenseRequest>
    <numberOfRepeatsAllowed value="1"/>
    <quantity>
      <value value="480"/>
      <unit value="mL"/>
      <system value="http://unitsofmeasure.org"/>
      <code value="mL"/>
    </quantity>
    <expectedSupplyDuration>
      <value value="30"/>
      <unit value="days"/>
      <system value="http://unitsofmeasure.org"/>
      <code value="d"/>
    </expectedSupplyDuration>
  </dispenseRequest>
</MedicationRequest>