<?xml version="1.0" encoding="UTF-8"?>

<Observation xmlns="http://hl7.org/fhir">
  <id value="AHC-HRSN-item-example-68517-2"/>
  <meta>
    <profile value="http://hl7.org/fhir/us/core/StructureDefinition/us-core-observation-screening-assessment|8.0.0"/>
  </meta>
  <text>
    <status value="generated"/><div xmlns="http://www.w3.org/1999/xhtml"><p class="res-header-id"><b>Generated Narrative: Observation AHC-HRSN-item-example-68517-2</b></p><a name="AHC-HRSN-item-example-68517-2"> </a><a name="hcAHC-HRSN-item-example-68517-2"> </a><a name="AHC-HRSN-item-example-68517-2-en-US"> </a><div style="display: inline-block; background-color: #d9e0e7; padding: 6px; margin: 4px; border: 1px solid #8da1b4; border-radius: 5px; line-height: 60%"><p style="margin-bottom: 0px"/><p style="margin-bottom: 0px">Profile: <a href="StructureDefinition-us-core-observation-screening-assessment.html">US Core Observation Screening Assessment Profileversion: null8.0.0)</a></p></div><p><b>status</b>: Final</p><p><b>category</b>: <span title="Codes:{http://hl7.org/fhir/us/core/CodeSystem/us-core-category sdoh}">SDOH</span>, <span title="Codes:{http://terminology.hl7.org/CodeSystem/observation-category survey}">Survey</span></p><p><b>code</b>: <span title="Codes:{http://loinc.org 68517-2}">How many times in the past 12 months have you had 5 or more drinks in a day (males) or 4 or more drinks in a day (females)?</span></p><p><b>subject</b>: <a href="Patient-example.html">Amy V. Baxter  (no stated gender), DoB: 1987-02-20 ( Medical Record Number: 1032702 (use: usual, ))</a></p><p><b>effective</b>: 2022-03-29 22:38:59+0000</p><p><b>performer</b>: <a href="Patient-example.html">Amy V. Baxter  (no stated gender), DoB: 1987-02-20 ( Medical Record Number: 1032702 (use: usual, ))</a></p><p><b>value</b>: <span title="Codes:{http://loinc.org LA18934-2}">Daily or almost daily</span></p><p><b>derivedFrom</b>: Questionnaire Response AHC HRSN Screening Example</p></div>
  </text>
  <status value="final"/>
  <category>
    <coding>
      <system value="http://hl7.org/fhir/us/core/CodeSystem/us-core-category"/>
      <code value="sdoh"/>
      <display value="SDOH"/>
    </coding>
  </category>
  <category>
    <coding>
      <system value="http://terminology.hl7.org/CodeSystem/observation-category"/>
      <code value="survey"/>
      <display value="Survey"/>
    </coding>
  </category>
  <code>
    <coding>
      <system value="http://loinc.org"/>
      <code value="68517-2"/>
      <display value="How many times in the past year have you have X or more drinks in a day"/>
    </coding>
    <text value="How many times in the past 12 months have you had 5 or more drinks in a day (males) or 4 or more drinks in a day (females)?"/>
  </code>
  <subject>
    <reference value="Patient/example"/>
  </subject>
  <effectiveDateTime value="2022-03-29T22:38:59.084000+00:00"/>
  <performer>
    <reference value="Patient/example"/>
  </performer>
  <valueCodeableConcept>
    <coding>
      <system value="http://loinc.org"/>
      <code value="LA18934-2"/>
      <display value="Daily or almost daily"/>
    </coding>
    <text value="Daily or almost daily"/>
  </valueCodeableConcept>
  <derivedFrom>
    <display value="Questionnaire Response AHC HRSN Screening Example"/>
  </derivedFrom>
</Observation>