<?xml version="1.0" encoding="UTF-8"?>

<Observation xmlns="http://hl7.org/fhir">
  <id value="exercise-per-week"/>
  <meta>
    <profile value="http://hl7.org/fhir/us/core/StructureDefinition/us-core-simple-observation|8.0.0"/>
  </meta>
  <text>
    <status value="generated"/><div xmlns="http://www.w3.org/1999/xhtml"><p class="res-header-id"><b>Generated Narrative: Observation exercise-per-week</b></p><a name="exercise-per-week"> </a><a name="hcexercise-per-week"> </a><a name="exercise-per-week-en-US"> </a><div style="display: inline-block; background-color: #d9e0e7; padding: 6px; margin: 4px; border: 1px solid #8da1b4; border-radius: 5px; line-height: 60%"><p style="margin-bottom: 0px"/><p style="margin-bottom: 0px">Profile: <a href="StructureDefinition-us-core-simple-observation.html">US Core Simple Observation Profileversion: null8.0.0)</a></p></div><p><b>status</b>: Final</p><p><b>category</b>: <span title="Codes:{http://terminology.hl7.org/CodeSystem/observation-category social-history}">Social History</span>, <span title="Codes:{http://terminology.hl7.org/CodeSystem/observation-category activity}">Physical Activity</span></p><p><b>code</b>: <span title="Codes:{http://loinc.org 89555-7}">Exercise Days Per Week</span></p><p><b>subject</b>: <a href="Patient-example.html">Amy Shaw</a></p><p><b>effective</b>: 2023-08-03</p><p><b>performer</b>: <a href="Patient-example.html">Amy Shaw</a></p><p><b>value</b>: 3 days per week<span style="background: LightGoldenRodYellow"> (Details: UCUM  coded/wk = 'd/wk')</span></p></div>
  </text>
  <status value="final"/>
  <category>
    <coding>
      <system value="http://terminology.hl7.org/CodeSystem/observation-category"/>
      <code value="social-history"/>
      <display value="Social History"/>
    </coding>
    <text value="Social History"/>
  </category>
  <category>
    <coding>
      <system value="http://terminology.hl7.org/CodeSystem/observation-category"/>
      <code value="activity"/>
      <display value="Activity"/>
    </coding>
    <text value="Physical Activity"/>
  </category>
  <code>
    <coding>
      <system value="http://loinc.org"/>
      <code value="89555-7"/>
      <display value="How many days per week did you engage in moderate to strenuous physical activity in the last 30 days"/>
    </coding>
    <text value="Exercise Days Per Week"/>
  </code>
  <subject>
    <reference value="Patient/example"/>
    <display value="Amy Shaw"/>
  </subject>
  <effectiveDateTime value="2023-08-03"/>
  <performer>
    <reference value="Patient/example"/>
    <display value="Amy Shaw"/>
  </performer>
  <valueQuantity>
    <value value="3"/>
    <unit value="days per week"/>
    <system value="http://unitsofmeasure.org"/>
    <code value="d/wk"/>
  </valueQuantity>
</Observation>