<?xml version="1.0" encoding="UTF-8"?>

<Observation xmlns="http://hl7.org/fhir">
  <id value="simple-observation-cognitive-status"/>
  <meta>
    <profile value="http://hl7.org/fhir/us/core/StructureDefinition/us-core-simple-observation|8.0.0"/>
  </meta>
  <text>
    <status value="generated"/><div xmlns="http://www.w3.org/1999/xhtml"><p class="res-header-id"><b>Generated Narrative: Observation simple-observation-cognitive-status</b></p><a name="simple-observation-cognitive-status"> </a><a name="hcsimple-observation-cognitive-status"> </a><a name="simple-observation-cognitive-status-en-US"> </a><div style="display: inline-block; background-color: #d9e0e7; padding: 6px; margin: 4px; border: 1px solid #8da1b4; border-radius: 5px; line-height: 60%"><p style="margin-bottom: 0px"/><p style="margin-bottom: 0px">Profile: <a href="StructureDefinition-us-core-simple-observation.html">US Core Simple Observation Profileversion: null8.0.0)</a></p></div><p><b>status</b>: Final</p><p><b>category</b>: <span title="Codes:{http://hl7.org/fhir/us/core/CodeSystem/us-core-category cognitive-status}">Cognitive Status</span></p><p><b>code</b>: <span title="Codes:{http://loinc.org 11332-4}">History of Cognitive Function Narrative</span></p><p><b>subject</b>: <a href="Patient-example.html">Amy V. Baxter  (no stated gender), DoB: 1987-02-20 ( Medical Record Number: 1032702 (use: usual, ))</a></p><p><b>effective</b>: 2022-11-27 19:22:02+0000</p><p><b>performer</b>: <a href="Practitioner-practitioner-1.html">Practitioner Ronald Bone </a></p><p><b>value</b>: Alert and oriented x 3. She is independent in household finances, social and community activities, coherent and appropriate communication. Appropriate attire for location and weather.</p></div>
  </text>
  <status value="final"/>
  <category>
    <coding>
      <system value="http://hl7.org/fhir/us/core/CodeSystem/us-core-category"/>
      <code value="cognitive-status"/>
      <display value="Cognitive Status"/>
    </coding>
  </category>
  <code>
    <coding>
      <system value="http://loinc.org"/>
      <code value="11332-4"/>
      <display value="History of Cognitive Function Narrative"/>
    </coding>
  </code>
  <subject>
    <reference value="Patient/example"/>
  </subject>
  <effectiveDateTime value="2022-11-27T19:22:02Z"/>
  <performer>
    <reference value="Practitioner/practitioner-1"/>
  </performer>
  <valueString value="Alert and oriented x 3. She is independent in household finances, social and community activities, coherent and appropriate communication. Appropriate attire for location and weather."/>
</Observation>