<?xml version="1.0" encoding="UTF-8"?>

<Observation xmlns="http://hl7.org/fhir">
  <id value="AUDIT-C-item-example-68517-2"/>
  <meta>
    <profile value="http://hl7.org/fhir/us/core/StructureDefinition/us-core-observation-screening-assessment|8.0.0"/>
  </meta>
  <text>
    <status value="generated"/><div xmlns="http://www.w3.org/1999/xhtml"><p class="res-header-id"><b>Generated Narrative: Observation AUDIT-C-item-example-68517-2</b></p><a name="AUDIT-C-item-example-68517-2"> </a><a name="hcAUDIT-C-item-example-68517-2"> </a><a name="AUDIT-C-item-example-68517-2-en-US"> </a><div style="display: inline-block; background-color: #d9e0e7; padding: 6px; margin: 4px; border: 1px solid #8da1b4; border-radius: 5px; line-height: 60%"><p style="margin-bottom: 0px"/><p style="margin-bottom: 0px">Profile: <a href="StructureDefinition-us-core-observation-screening-assessment.html">US Core Observation Screening Assessment Profileversion: null8.0.0)</a></p></div><p><b>status</b>: Final</p><p><b>category</b>: <span title="Codes:{http://terminology.hl7.org/CodeSystem/observation-category survey}">Survey</span></p><p><b>code</b>: <span title="Codes:{http://loinc.org 68517-2}">How many times in the past year have you have X or more drinks in a day?</span></p><p><b>subject</b>: <a href="Patient-example.html">Amy V. Baxter  (no stated gender), DoB: 1987-02-20 ( Medical Record Number: 1032702 (use: usual, ))</a></p><p><b>effective</b>: 2023-08-14 20:40:49+0000</p><p><b>performer</b>: <a href="Practitioner-practitioner-1.html">Practitioner Ronald Bone </a></p><p><b>value</b>: 0 # per year<span style="background: LightGoldenRodYellow"> (Details: UCUM  code/a = '/a')</span></p><p><b>note</b>: Where X is 5 for men and 4 for women, and a response of  greater than, or equal to, 1 is positive.</p><p><b>derivedFrom</b>: <a href="QuestionnaireResponse-AUDIT-C.html">Alcohol Use Disorder Identification Test - Consumption [AUDIT-C] QuestionnaireResponse Example</a></p></div>
  </text>
  <status value="final"/>
  <category>
    <coding>
      <system value="http://terminology.hl7.org/CodeSystem/observation-category"/>
      <code value="survey"/>
      <display value="Survey"/>
    </coding>
  </category>
  <code>
    <coding>
      <system value="http://loinc.org"/>
      <code value="68517-2"/>
      <display value="How many times in the past year have you have X or more drinks in a day"/>
    </coding>
    <text value="How many times in the past year have you have X or more drinks in a day?"/>
  </code>
  <subject>
    <reference value="Patient/example"/>
  </subject>
  <effectiveDateTime value="2023-08-14T20:40:49.675000+00:00"/>
  <performer>
    <reference value="Practitioner/practitioner-1"/>
  </performer>
  <valueQuantity>
    <value value="0"/>
    <unit value="# per year"/>
    <system value="http://unitsofmeasure.org"/>
    <code value="/a"/>
  </valueQuantity>
  <note>
    <text value="Where X is 5 for men and 4 for women, and a response of  greater than, or equal to, 1 is positive."/>
  </note>
  <derivedFrom>
    <reference value="QuestionnaireResponse/AUDIT-C"/>
    <display value="Alcohol Use Disorder Identification Test - Consumption [AUDIT-C] QuestionnaireResponse Example"/>
  </derivedFrom>
</Observation>