<?xml version="1.0" encoding="UTF-8"?>

<Observation xmlns="http://hl7.org/fhir">
  <id value="PRAPARE-panel-example-93039-6"/>
  <meta>
    <profile value="http://hl7.org/fhir/us/core/StructureDefinition/us-core-observation-screening-assessment|8.0.0"/>
  </meta>
  <text>
    <status value="generated"/><div xmlns="http://www.w3.org/1999/xhtml"><p class="res-header-id"><b>Generated Narrative: Observation PRAPARE-panel-example-93039-6</b></p><a name="PRAPARE-panel-example-93039-6"> </a><a name="hcPRAPARE-panel-example-93039-6"> </a><a name="PRAPARE-panel-example-93039-6-en-US"> </a><div style="display: inline-block; background-color: #d9e0e7; padding: 6px; margin: 4px; border: 1px solid #8da1b4; border-radius: 5px; line-height: 60%"><p style="margin-bottom: 0px"/><p style="margin-bottom: 0px">Profile: <a href="StructureDefinition-us-core-observation-screening-assessment.html">US Core Observation Screening Assessment Profileversion: null8.0.0)</a></p></div><p><b>status</b>: Final</p><p><b>category</b>: <span title="Codes:{http://hl7.org/fhir/us/core/CodeSystem/us-core-category sdoh}">SDOH</span>, <span title="Codes:{http://terminology.hl7.org/CodeSystem/observation-category survey}">Survey</span></p><p><b>code</b>: <span title="Codes:{http://loinc.org 93039-6}">Optional additional questions</span></p><p><b>subject</b>: <a href="Patient-example.html">Amy V. Baxter  (no stated gender), DoB: 1987-02-20 ( Medical Record Number: 1032702 (use: usual, ))</a></p><p><b>effective</b>: 2022-03-28 18:30:40-0700</p><p><b>performer</b>: <a href="Patient-example.html">Amy V. Baxter  (no stated gender), DoB: 1987-02-20 ( Medical Record Number: 1032702 (use: usual, ))</a></p><p><b>hasMember</b>: </p><ul><li><a href="Observation-PRAPARE-item-example-93028-9.html">Observation Have you spent more than 2 nights in a row in a jail, prison, detention center, or juvenile correctional facility in past 1 year [PRAPARE]</a></li><li><a href="Observation-PRAPARE-item-example-93027-1.html">Observation Are you a refugee</a></li><li><a href="Observation-PRAPARE-item-example-93026-3.html">Observation Do you feel physically and emotionally safe where you currently live [PRAPARE]</a></li><li><a href="Observation-PRAPARE-item-example-76501-6.html">Observation Within the last year, have you been afraid of your partner or ex-partner</a></li></ul><p><b>derivedFrom</b>: <a href="QuestionnaireResponse-prapare-example.html">Response to Questionnaire '-&gt;Protocol for Responding to and Assessing Patients' Assets, Risks, and Experiences [PRAPARE]' about '-&gt;Amy V. Shaw'</a></p></div>
  </text>
  <status value="final"/>
  <category>
    <coding>
      <system value="http://hl7.org/fhir/us/core/CodeSystem/us-core-category"/>
      <code value="sdoh"/>
      <display value="SDOH"/>
    </coding>
  </category>
  <category>
    <coding>
      <system value="http://terminology.hl7.org/CodeSystem/observation-category"/>
      <code value="survey"/>
      <display value="Survey"/>
    </coding>
  </category>
  <code>
    <coding>
      <system value="http://loinc.org"/>
      <code value="93039-6"/>
      <display value="Optional additional questions [PRAPARE]"/>
    </coding>
    <text value="Optional additional questions"/>
  </code>
  <subject>
    <reference value="Patient/example"/>
  </subject>
  <effectiveDateTime value="2022-03-28T18:30:40-07:00"/>
  <performer>
    <reference value="Patient/example"/>
  </performer>
  <hasMember>
    <reference value="Observation/PRAPARE-item-example-93028-9"/>
  </hasMember>
  <hasMember>
    <reference value="Observation/PRAPARE-item-example-93027-1"/>
  </hasMember>
  <hasMember>
    <reference value="Observation/PRAPARE-item-example-93026-3"/>
  </hasMember>
  <hasMember>
    <reference value="Observation/PRAPARE-item-example-76501-6"/>
  </hasMember>
  <derivedFrom>
    <reference value="QuestionnaireResponse/prapare-example"/>
  </derivedFrom>
</Observation>