<?xml version="1.0" encoding="UTF-8"?>

<Observation xmlns="http://hl7.org/fhir">
  <id value="simple-observation-disability-status"/>
  <meta>
    <profile value="http://hl7.org/fhir/us/core/StructureDefinition/us-core-simple-observation|8.0.0"/>
  </meta>
  <text>
    <status value="generated"/><div xmlns="http://www.w3.org/1999/xhtml"><p class="res-header-id"><b>Generated Narrative: Observation simple-observation-disability-status</b></p><a name="simple-observation-disability-status"> </a><a name="hcsimple-observation-disability-status"> </a><a name="simple-observation-disability-status-en-US"> </a><div style="display: inline-block; background-color: #d9e0e7; padding: 6px; margin: 4px; border: 1px solid #8da1b4; border-radius: 5px; line-height: 60%"><p style="margin-bottom: 0px"/><p style="margin-bottom: 0px">Profile: <a href="StructureDefinition-us-core-simple-observation.html">US Core Simple Observation Profileversion: null8.0.0)</a></p></div><p><b>status</b>: Final</p><p><b>category</b>: <span title="Codes:{http://hl7.org/fhir/us/core/CodeSystem/us-core-category disability-status}">Disability Status</span></p><p><b>code</b>: <span title="Codes:{http://loinc.org 94023-9}">Depression severity</span></p><p><b>subject</b>: <a href="Patient-example.html">Amy V. Baxter  (no stated gender), DoB: 1987-02-20 ( Medical Record Number: 1032702 (use: usual, ))</a></p><p><b>effective</b>: 2022-11-27 19:22:02+0000</p><p><b>performer</b>: <a href="Practitioner-practitioner-1.html">Practitioner Ronald Bone </a></p><p><b>value</b>: <span title="Codes:{http://loinc.org LA6751-7}">Moderate</span></p><p><b>derivedFrom</b>: <a href="Observation-PHQ9-panel-example-44249-1.html">Observation PHQ-9 quick depression assessment panel [Reported.PHQ]</a></p></div>
  </text>
  <status value="final"/>
  <category>
    <coding>
      <system value="http://hl7.org/fhir/us/core/CodeSystem/us-core-category"/>
      <code value="disability-status"/>
      <display value="Disability Status"/>
    </coding>
  </category>
  <code>
    <coding>
      <system value="http://loinc.org"/>
      <code value="94023-9"/>
      <display value="Depression severity"/>
    </coding>
  </code>
  <subject>
    <reference value="Patient/example"/>
  </subject>
  <effectiveDateTime value="2022-11-27T19:22:02Z"/>
  <performer>
    <reference value="Practitioner/practitioner-1"/>
  </performer>
  <valueCodeableConcept>
    <coding>
      <system value="http://loinc.org"/>
      <code value="LA6751-7"/>
      <display value="Moderate"/>
    </coding>
    <text value="Moderate"/>
  </valueCodeableConcept>
  <derivedFrom>
    <reference value="Observation/PHQ9-panel-example-44249-1"/>
  </derivedFrom>
</Observation>