<?xml version="1.0" encoding="UTF-8"?>

<Observation xmlns="http://hl7.org/fhir">
  <id value="dxa-femur-l-z-score-bmd"/>
  <meta>
    <profile value="http://hl7.org/fhir/us/core/StructureDefinition/us-core-observation-clinical-result|8.0.0"/>
  </meta>
  <text>
    <status value="generated"/><div xmlns="http://www.w3.org/1999/xhtml"><p class="res-header-id"><b>Generated Narrative: Observation dxa-femur-l-z-score-bmd</b></p><a name="dxa-femur-l-z-score-bmd"> </a><a name="hcdxa-femur-l-z-score-bmd"> </a><a name="dxa-femur-l-z-score-bmd-en-US"> </a><div style="display: inline-block; background-color: #d9e0e7; padding: 6px; margin: 4px; border: 1px solid #8da1b4; border-radius: 5px; line-height: 60%"><p style="margin-bottom: 0px"/><p style="margin-bottom: 0px">Profile: <a href="StructureDefinition-us-core-observation-clinical-result.html">US Core Observation Clinical Result Profileversion: null8.0.0)</a></p></div><p><b>status</b>: Final</p><p><b>category</b>: <span title="Codes:{http://terminology.hl7.org/CodeSystem/observation-category imaging}">Imaging</span></p><p><b>code</b>: <span title="Codes:{http://loinc.org 80940-0}">DXA Femur-L Z-score BMD</span></p><p><b>subject</b>: <a href="Patient-example.html">Amy Shaw</a></p><p><b>encounter</b>: Bone Scan</p><p><b>effective</b>: 2021-11-10 19:14:41-0800</p><p><b>performer</b>: <a href="Practitioner-practitioner-1.html">Dr Ronald Bone</a></p><p><b>value</b>: 0.05 Z-Score<span style="background: LightGoldenRodYellow"> (Details: UCUM  code1 = '1')</span></p></div>
  </text>
  <status value="final"/>
  <category>
    <coding>
      <system value="http://terminology.hl7.org/CodeSystem/observation-category"/>
      <code value="imaging"/>
      <display value="Imaging"/>
    </coding>
    <text value="Imaging"/>
  </category>
  <code>
    <coding>
      <system value="http://loinc.org"/>
      <code value="80940-0"/>
      <display value="DXA Femur-L Z-score BMD"/>
    </coding>
    <text value="DXA Femur-L Z-score BMD"/>
  </code>
  <subject>
    <reference value="Patient/example"/>
    <display value="Amy Shaw"/>
  </subject>
  <encounter>
    <display value="Bone Scan"/>
  </encounter>
  <effectiveDateTime value="2021-11-10T19:14:41.088720-08:00"/>
  <performer>
    <reference value="Practitioner/practitioner-1"/>
    <display value="Dr Ronald Bone"/>
  </performer>
  <valueQuantity>
    <value value="0.05"/>
    <unit value="Z-Score"/>
    <system value="http://unitsofmeasure.org"/>
    <code value="1"/>
  </valueQuantity>
</Observation>