<?xml version="1.0" encoding="UTF-8"?>

<Observation xmlns="http://hl7.org/fhir">
  <id value="PHQ9-item-example-44254-1"/>
  <meta>
    <profile value="http://hl7.org/fhir/us/core/StructureDefinition/us-core-observation-screening-assessment|8.0.0"/>
  </meta>
  <text>
    <status value="generated"/><div xmlns="http://www.w3.org/1999/xhtml"><p class="res-header-id"><b>Generated Narrative: Observation PHQ9-item-example-44254-1</b></p><a name="PHQ9-item-example-44254-1"> </a><a name="hcPHQ9-item-example-44254-1"> </a><a name="PHQ9-item-example-44254-1-en-US"> </a><div style="display: inline-block; background-color: #d9e0e7; padding: 6px; margin: 4px; border: 1px solid #8da1b4; border-radius: 5px; line-height: 60%"><p style="margin-bottom: 0px"/><p style="margin-bottom: 0px">Profile: <a href="StructureDefinition-us-core-observation-screening-assessment.html">US Core Observation Screening Assessment Profileversion: null8.0.0)</a></p></div><p><b>status</b>: Final</p><p><b>category</b>: <span title="Codes:{http://terminology.hl7.org/CodeSystem/observation-category survey}">Survey</span>, <span title="Codes:{http://hl7.org/fhir/us/core/CodeSystem/us-core-category disability-status}">Disability Status</span></p><p><b>code</b>: <span title="Codes:{http://loinc.org 44254-1}">Feeling tired or having little energy in last 2 weeks [Reported.PHQ]</span></p><p><b>subject</b>: <a href="Patient-example.html">Amy V. Baxter  (no stated gender), DoB: 1987-02-20 ( Medical Record Number: 1032702 (use: usual, ))</a></p><p><b>effective</b>: 2022-11-29 20:50:32+0000</p><p><b>performer</b>: <a href="Practitioner-practitioner-1.html">Practitioner Ronald Bone </a></p><p><b>value</b>: <span title="Codes:{http://loinc.org LA6570-1}">More than half the days</span></p><p><b>derivedFrom</b>: <a href="QuestionnaireResponse-phq-9-example.html">Response to Questionnaire '-&gt;PHQ-9 Example' about '-&gt;Amy V. Baxter  (no stated gender), DoB: 1987-02-20 ( Medical Record Number: 1032702 (use: usual, ))'</a></p></div>
  </text>
  <status value="final"/>
  <category>
    <coding>
      <system value="http://terminology.hl7.org/CodeSystem/observation-category"/>
      <code value="survey"/>
      <display value="Survey"/>
    </coding>
  </category>
  <category>
    <coding>
      <system value="http://hl7.org/fhir/us/core/CodeSystem/us-core-category"/>
      <code value="disability-status"/>
      <display value="Disability Status"/>
    </coding>
  </category>
  <code>
    <coding>
      <system value="http://loinc.org"/>
      <code value="44254-1"/>
      <display value="Feeling tired or having little energy in last 2 weeks [Reported.PHQ]"/>
    </coding>
    <text value="Feeling tired or having little energy in last 2 weeks [Reported.PHQ]"/>
  </code>
  <subject>
    <reference value="Patient/example"/>
  </subject>
  <effectiveDateTime value="2022-11-29T20:50:32.718000+00:00"/>
  <performer>
    <reference value="Practitioner/practitioner-1"/>
  </performer>
  <valueCodeableConcept>
    <coding>
      <system value="http://loinc.org"/>
      <code value="LA6570-1"/>
      <display value="More than half the days"/>
    </coding>
    <text value="More than half the days"/>
  </valueCodeableConcept>
  <derivedFrom>
    <reference value="QuestionnaireResponse/phq-9-example"/>
  </derivedFrom>
</Observation>