<?xml version="1.0" encoding="UTF-8"?>

<Observation xmlns="http://hl7.org/fhir">
  <id value="TAPS-panel-example-96841-2"/>
  <meta>
    <profile value="http://hl7.org/fhir/us/core/StructureDefinition/us-core-observation-screening-assessment|8.0.0"/>
  </meta>
  <text>
    <status value="generated"/><div xmlns="http://www.w3.org/1999/xhtml"><p class="res-header-id"><b>Generated Narrative: Observation TAPS-panel-example-96841-2</b></p><a name="TAPS-panel-example-96841-2"> </a><a name="hcTAPS-panel-example-96841-2"> </a><a name="TAPS-panel-example-96841-2-en-US"> </a><div style="display: inline-block; background-color: #d9e0e7; padding: 6px; margin: 4px; border: 1px solid #8da1b4; border-radius: 5px; line-height: 60%"><p style="margin-bottom: 0px"/><p style="margin-bottom: 0px">Profile: <a href="StructureDefinition-us-core-observation-screening-assessment.html">US Core Observation Screening Assessment Profileversion: null8.0.0)</a></p></div><p><b>status</b>: Final</p><p><b>category</b>: <span title="Codes:{http://terminology.hl7.org/CodeSystem/observation-category survey}">Survey</span></p><p><b>code</b>: <span title="Codes:{http://loinc.org 96841-2}">Tobacco, Alcohol, Prescription medications, and other Substance use screen [TAPS]</span></p><p><b>subject</b>: <a href="Patient-example.html">Amy V. Baxter  (no stated gender), DoB: 1987-02-20 ( Medical Record Number: 1032702 (use: usual, ))</a></p><p><b>effective</b>: 2023-08-14 20:40:49+0000</p><p><b>performer</b>: <a href="Practitioner-practitioner-1.html">Practitioner Ronald Bone </a></p><p><b>hasMember</b>: </p><ul><li><a href="Observation-TAPS-item-example-96842-0.html">Observation How often have you used any tobacco product in past 12 months</a></li><li><a href="Observation-TAPS-item-example-88037-7.html">Observation How often have you had five or more drinks in one day during the past year [Reported]</a></li><li><a href="Observation-TAPS-item-example-75889-6.html">Observation How often have you had four or more drinks in one day during the past year [Reported]</a></li><li><a href="Observation-TAPS-item-example-96843-8.html">Observation How often have you used illegal or recreational drugs in past 12 months</a></li><li><a href="Observation-TAPS-item-example-96844-6.html">Observation How often have you used any prescription medications just for the feeling, more than prescribed or that were not prescribed for you in past 12 months [TAPS]</a></li></ul><p><b>derivedFrom</b>: <a href="QuestionnaireResponse-TAPS.html">Tobacco, Alcohol, Prescription medications, and other Substance use screen [TAPS] QuestionnaireResponse Example</a></p></div>
  </text>
  <status value="final"/>
  <category>
    <coding>
      <system value="http://terminology.hl7.org/CodeSystem/observation-category"/>
      <code value="survey"/>
      <display value="Survey"/>
    </coding>
  </category>
  <code>
    <coding>
      <system value="http://loinc.org"/>
      <code value="96841-2"/>
      <display value="Tobacco, Alcohol, Prescription medications, and other Substance use screen [TAPS]"/>
    </coding>
    <text value="Tobacco, Alcohol, Prescription medications, and other Substance use screen [TAPS]"/>
  </code>
  <subject>
    <reference value="Patient/example"/>
  </subject>
  <effectiveDateTime value="2023-08-14T20:40:49.675000+00:00"/>
  <performer>
    <reference value="Practitioner/practitioner-1"/>
  </performer>
  <hasMember>
    <reference value="Observation/TAPS-item-example-96842-0"/>
  </hasMember>
  <hasMember>
    <reference value="Observation/TAPS-item-example-88037-7"/>
  </hasMember>
  <hasMember>
    <reference value="Observation/TAPS-item-example-75889-6"/>
  </hasMember>
  <hasMember>
    <reference value="Observation/TAPS-item-example-96843-8"/>
  </hasMember>
  <hasMember>
    <reference value="Observation/TAPS-item-example-96844-6"/>
  </hasMember>
  <derivedFrom>
    <reference value="QuestionnaireResponse/TAPS"/>
    <display value="Tobacco, Alcohol, Prescription medications, and other Substance use screen [TAPS] QuestionnaireResponse Example"/>
  </derivedFrom>
</Observation>