<?xml version="1.0" encoding="UTF-8"?>

<Observation xmlns="http://hl7.org/fhir">
  <id value="respiratory-rate"/>
  <meta>
    <profile value="http://hl7.org/fhir/us/core/StructureDefinition/us-core-respiratory-rate|8.0.0"/>
  </meta>
  <text>
    <status value="generated"/><div xmlns="http://www.w3.org/1999/xhtml"><p class="res-header-id"><b>Generated Narrative: Observation respiratory-rate</b></p><a name="respiratory-rate"> </a><a name="hcrespiratory-rate"> </a><a name="respiratory-rate-en-US"> </a><div style="display: inline-block; background-color: #d9e0e7; padding: 6px; margin: 4px; border: 1px solid #8da1b4; border-radius: 5px; line-height: 60%"><p style="margin-bottom: 0px"/><p style="margin-bottom: 0px">Profile: <a href="StructureDefinition-us-core-respiratory-rate.html">US Core Respiratory Rate Profileversion: null8.0.0)</a></p></div><p><b>status</b>: Final</p><p><b>category</b>: <span title="Codes:{http://terminology.hl7.org/CodeSystem/observation-category vital-signs}">Vital Signs</span></p><p><b>code</b>: <span title="Codes:{http://loinc.org 9279-1}">respiratory_rate</span></p><p><b>subject</b>: <a href="Patient-example.html">Amy Shaw</a></p><p><b>encounter</b>: GP Visit</p><p><b>effective</b>: 1999-07-02</p><p><b>performer</b>: <a href="Practitioner-practitioner-1.html">Dr Ronald Bone</a></p><p><b>value</b>: 26 breaths per minute<span style="background: LightGoldenRodYellow"> (Details: UCUM  code/min = '/min')</span></p></div>
  </text>
  <status value="final"/>
  <category>
    <coding>
      <system value="http://terminology.hl7.org/CodeSystem/observation-category"/>
      <code value="vital-signs"/>
      <display value="Vital Signs"/>
    </coding>
    <text value="Vital Signs"/>
  </category>
  <code>
    <coding>
      <system value="http://loinc.org"/>
      <code value="9279-1"/>
      <display value="Respiratory rate"/>
    </coding>
    <text value="respiratory_rate"/>
  </code>
  <subject>
    <reference value="Patient/example"/>
    <display value="Amy Shaw"/>
  </subject>
  <encounter>
    <display value="GP Visit"/>
  </encounter>
  <effectiveDateTime value="1999-07-02"/>
  <performer>
    <reference value="Practitioner/practitioner-1"/>
    <display value="Dr Ronald Bone"/>
  </performer>
  <valueQuantity>
    <value value="26"/>
    <unit value="breaths per minute"/>
    <system value="http://unitsofmeasure.org"/>
    <code value="/min"/>
  </valueQuantity>
</Observation>