<?xml version="1.0" encoding="UTF-8"?>

<Observation xmlns="http://hl7.org/fhir">
  <id value="pediatric-bmi-example"/>
  <meta>
    <profile value="http://hl7.org/fhir/us/core/StructureDefinition/pediatric-bmi-for-age|8.0.0"/>
  </meta>
  <text>
    <status value="generated"/><div xmlns="http://www.w3.org/1999/xhtml"><p class="res-header-id"><b>Generated Narrative: Observation pediatric-bmi-example</b></p><a name="pediatric-bmi-example"> </a><a name="hcpediatric-bmi-example"> </a><a name="pediatric-bmi-example-en-US"> </a><div style="display: inline-block; background-color: #d9e0e7; padding: 6px; margin: 4px; border: 1px solid #8da1b4; border-radius: 5px; line-height: 60%"><p style="margin-bottom: 0px"/><p style="margin-bottom: 0px">Profile: <a href="StructureDefinition-pediatric-bmi-for-age.html">US Core Pediatric BMI for Age Observation Profileversion: null8.0.0)</a></p></div><p><b>status</b>: Final</p><p><b>category</b>: <span title="Codes:{http://terminology.hl7.org/CodeSystem/observation-category vital-signs}">Vital Signs</span></p><p><b>code</b>: <span title="Codes:{http://loinc.org 59576-9}">BMI</span></p><p><b>subject</b>: <a href="Patient-child-example.html">Child Example</a></p><p><b>encounter</b>: GP Visit</p><p><b>effective</b>: 2019-05-04 12:12:29-0700</p><p><b>performer</b>: <a href="Practitioner-practitioner-1.html">Dr Ronald Bone</a></p><p><b>value</b>: 65 %<span style="background: LightGoldenRodYellow"> (Details: UCUM  code% = '%')</span></p><p><b>note</b>: CDC Males, 2-20 years Chart</p></div>
  </text>
  <status value="final"/>
  <category>
    <coding>
      <system value="http://terminology.hl7.org/CodeSystem/observation-category"/>
      <code value="vital-signs"/>
      <display value="Vital Signs"/>
    </coding>
    <text value="Vital Signs"/>
  </category>
  <code>
    <coding>
      <system value="http://loinc.org"/>
      <code value="59576-9"/>
      <display value="Body mass index (BMI) [Percentile] Per age and sex"/>
    </coding>
    <text value="BMI"/>
  </code>
  <subject>
    <reference value="Patient/child-example"/>
    <display value="Child Example"/>
  </subject>
  <encounter>
    <display value="GP Visit"/>
  </encounter>
  <effectiveDateTime value="2019-05-04T12:12:29-07:00"/>
  <performer>
    <reference value="Practitioner/practitioner-1"/>
    <display value="Dr Ronald Bone"/>
  </performer>
  <valueQuantity>
    <value value="65"/>
    <unit value="%"/>
    <system value="http://unitsofmeasure.org"/>
    <code value="%"/>
  </valueQuantity>
  <note>
    <text value="CDC Males, 2-20 years Chart"/>
  </note>
</Observation>