<?xml version="1.0" encoding="UTF-8"?>

<Observation xmlns="http://hl7.org/fhir">
  <id value="ofc-percentile"/>
  <meta>
    <profile value="http://hl7.org/fhir/us/core/StructureDefinition/head-occipital-frontal-circumference-percentile|8.0.0"/>
  </meta>
  <text>
    <status value="generated"/><div xmlns="http://www.w3.org/1999/xhtml"><p class="res-header-id"><b>Generated Narrative: Observation ofc-percentile</b></p><a name="ofc-percentile"> </a><a name="hcofc-percentile"> </a><a name="ofc-percentile-en-US"> </a><div style="display: inline-block; background-color: #d9e0e7; padding: 6px; margin: 4px; border: 1px solid #8da1b4; border-radius: 5px; line-height: 60%"><p style="margin-bottom: 0px"/><p style="margin-bottom: 0px">Profile: <a href="StructureDefinition-head-occipital-frontal-circumference-percentile.html">US Core Pediatric Head Occipital Frontal Circumference Percentile Profileversion: null8.0.0)</a></p></div><p><b>status</b>: Final</p><p><b>category</b>: <span title="Codes:{http://terminology.hl7.org/CodeSystem/observation-category vital-signs}">Vital Signs</span></p><p><b>code</b>: <span title="Codes:{http://loinc.org 8289-1}">Head Occipital-frontal circumference Percentile</span></p><p><b>subject</b>: <a href="Patient-infant-example.html">Infant Example</a></p><p><b>effective</b>: 2020-07-01</p><p><b>performer</b>: <a href="Practitioner-practitioner-1.html">Dr Ronald Bone</a></p><p><b>value</b>: 82 %<span style="background: LightGoldenRodYellow"> (Details: UCUM  code% = '%')</span></p><p><b>note</b>: WHO Males, 0-2 years Chart</p></div>
  </text>
  <status value="final"/>
  <category>
    <coding>
      <system value="http://terminology.hl7.org/CodeSystem/observation-category"/>
      <code value="vital-signs"/>
      <display value="Vital Signs"/>
    </coding>
    <text value="Vital Signs"/>
  </category>
  <code>
    <coding>
      <system value="http://loinc.org"/>
      <code value="8289-1"/>
      <display value="Head Occipital-frontal circumference Percentile"/>
    </coding>
    <text value="Head Occipital-frontal circumference Percentile"/>
  </code>
  <subject>
    <reference value="Patient/infant-example"/>
    <display value="Infant Example"/>
  </subject>
  <effectiveDateTime value="2020-07-01"/>
  <performer>
    <reference value="Practitioner/practitioner-1"/>
    <display value="Dr Ronald Bone"/>
  </performer>
  <valueQuantity>
    <value value="82"/>
    <unit value="%"/>
    <system value="http://unitsofmeasure.org"/>
    <code value="%"/>
  </valueQuantity>
  <note>
    <text value="WHO Males, 0-2 years Chart"/>
  </note>
</Observation>