<?xml version="1.0" encoding="UTF-8"?>

<Observation xmlns="http://hl7.org/fhir">
  <id value="HVS-item-example-88124-3"/>
  <meta>
    <profile value="http://hl7.org/fhir/us/core/StructureDefinition/us-core-observation-screening-assessment|8.0.0"/>
  </meta>
  <text>
    <status value="generated"/><div xmlns="http://www.w3.org/1999/xhtml"><p class="res-header-id"><b>Generated Narrative: Observation HVS-item-example-88124-3</b></p><a name="HVS-item-example-88124-3"> </a><a name="hcHVS-item-example-88124-3"> </a><a name="HVS-item-example-88124-3-en-US"> </a><div style="display: inline-block; background-color: #d9e0e7; padding: 6px; margin: 4px; border: 1px solid #8da1b4; border-radius: 5px; line-height: 60%"><p style="margin-bottom: 0px"/><p style="margin-bottom: 0px">Profile: <a href="StructureDefinition-us-core-observation-screening-assessment.html">US Core Observation Screening Assessment Profileversion: null8.0.0)</a></p></div><p><b>status</b>: Final</p><p><b>category</b>: <span title="Codes:{http://hl7.org/fhir/us/core/CodeSystem/us-core-category sdoh}">SDOH</span>, <span title="Codes:{http://terminology.hl7.org/CodeSystem/observation-category survey}">Survey</span></p><p><b>code</b>: <span title="Codes:{http://loinc.org 88124-3}">Food insecurity risk</span></p><p><b>subject</b>: <a href="Patient-example.html">Amy V. Baxter  (no stated gender), DoB: 1987-02-20 ( Medical Record Number: 1032702 (use: usual, ))</a></p><p><b>effective</b>: 2020-09-10 21:56:54+0000</p><p><b>performer</b>: <a href="Patient-example.html">Amy V. Baxter  (no stated gender), DoB: 1987-02-20 ( Medical Record Number: 1032702 (use: usual, ))</a></p><p><b>value</b>: <span title="Codes:{http://loinc.org LA19952-3}">At risk</span></p><p><b>derivedFrom</b>: <a href="QuestionnaireResponse-hunger-vital-sign-example.html">Response to Questionnaire '-&gt;Hunger Vital Sign Example' about '-&gt;Amy V. Shaw'</a></p></div>
  </text>
  <status value="final"/>
  <category>
    <coding>
      <system value="http://hl7.org/fhir/us/core/CodeSystem/us-core-category"/>
      <code value="sdoh"/>
      <display value="SDOH"/>
    </coding>
  </category>
  <category>
    <coding>
      <system value="http://terminology.hl7.org/CodeSystem/observation-category"/>
      <code value="survey"/>
      <display value="Survey"/>
    </coding>
  </category>
  <code>
    <coding>
      <system value="http://loinc.org"/>
      <code value="88124-3"/>
      <display value="Food insecurity risk [HVS]"/>
    </coding>
    <text value="Food insecurity risk"/>
  </code>
  <subject>
    <reference value="Patient/example"/>
  </subject>
  <effectiveDateTime value="2020-09-10T21:56:54.671000+00:00"/>
  <performer>
    <reference value="Patient/example"/>
  </performer>
  <valueCodeableConcept>
    <coding>
      <system value="http://loinc.org"/>
      <code value="LA19952-3"/>
      <display value="At risk"/>
    </coding>
    <text value="At risk"/>
  </valueCodeableConcept>
  <derivedFrom>
    <reference value="QuestionnaireResponse/hunger-vital-sign-example"/>
  </derivedFrom>
</Observation>