<?xml version="1.0" encoding="UTF-8"?>

<Observation xmlns="http://hl7.org/fhir">
  <id value="alcohol-use-status"/>
  <meta>
    <profile value="http://hl7.org/fhir/us/core/StructureDefinition/us-core-simple-observation|8.0.0"/>
  </meta>
  <text>
    <status value="generated"/><div xmlns="http://www.w3.org/1999/xhtml"><p class="res-header-id"><b>Generated Narrative: Observation alcohol-use-status</b></p><a name="alcohol-use-status"> </a><a name="hcalcohol-use-status"> </a><a name="alcohol-use-status-en-US"> </a><div style="display: inline-block; background-color: #d9e0e7; padding: 6px; margin: 4px; border: 1px solid #8da1b4; border-radius: 5px; line-height: 60%"><p style="margin-bottom: 0px"/><p style="margin-bottom: 0px">Profile: <a href="StructureDefinition-us-core-simple-observation.html">US Core Simple Observation Profileversion: null8.0.0)</a></p></div><p><b>status</b>: Final</p><p><b>category</b>: <span title="Codes:{http://terminology.hl7.org/CodeSystem/observation-category social-history}">Social History</span></p><p><b>code</b>: <span title="Codes:{http://loinc.org 11331-6}">Alcohol use status</span></p><p><b>subject</b>: <a href="Patient-example.html">Amy Shaw</a></p><p><b>effective</b>: 2023-08-03</p><p><b>performer</b>: <a href="Patient-example.html">Amy Shaw</a></p><p><b>value</b>: <span title="Codes:{http://snomed.info/sct 228276006}">other choices - non-drinker, former drinker, current drinker</span></p></div>
  </text>
  <status value="final"/>
  <category>
    <coding>
      <system value="http://terminology.hl7.org/CodeSystem/observation-category"/>
      <code value="social-history"/>
      <display value="Social History"/>
    </coding>
    <text value="Social History"/>
  </category>
  <code>
    <coding>
      <system value="http://loinc.org"/>
      <code value="11331-6"/>
      <display value="History of Alcohol use"/>
    </coding>
    <text value="Alcohol use status"/>
  </code>
  <subject>
    <reference value="Patient/example"/>
    <display value="Amy Shaw"/>
  </subject>
  <effectiveDateTime value="2023-08-03"/>
  <performer>
    <reference value="Patient/example"/>
    <display value="Amy Shaw"/>
  </performer>
  <valueCodeableConcept>
    <coding>
      <system value="http://snomed.info/sct"/>
      <code value="228276006"/>
      <display value="Occasional drinker"/>
    </coding>
    <text value="other choices - non-drinker, former drinker, current drinker"/>
  </valueCodeableConcept>
</Observation>