<?xml version="1.0" encoding="UTF-8"?>

<Observation xmlns="http://hl7.org/fhir">
  <id value="EVS-item-example-68516-4"/>
  <meta>
    <profile value="http://hl7.org/fhir/us/core/StructureDefinition/us-core-observation-screening-assessment|8.0.0"/>
  </meta>
  <text>
    <status value="generated"/><div xmlns="http://www.w3.org/1999/xhtml"><p class="res-header-id"><b>Generated Narrative: Observation EVS-item-example-68516-4</b></p><a name="EVS-item-example-68516-4"> </a><a name="hcEVS-item-example-68516-4"> </a><a name="EVS-item-example-68516-4-en-US"> </a><div style="display: inline-block; background-color: #d9e0e7; padding: 6px; margin: 4px; border: 1px solid #8da1b4; border-radius: 5px; line-height: 60%"><p style="margin-bottom: 0px"/><p style="margin-bottom: 0px">Profile: <a href="StructureDefinition-us-core-observation-screening-assessment.html">US Core Observation Screening Assessment Profileversion: null8.0.0)</a></p></div><p><b>status</b>: Final</p><p><b>category</b>: <span title="Codes:{http://terminology.hl7.org/CodeSystem/observation-category survey}">Survey</span></p><p><b>code</b>: <span title="Codes:{http://loinc.org 68516-4}">On those days that you engage in moderate to strenuous exercise, how many minutes, on average, do you exercise</span></p><p><b>subject</b>: <a href="Patient-example.html">Amy V. Baxter  (no stated gender), DoB: 1987-02-20 ( Medical Record Number: 1032702 (use: usual, ))</a></p><p><b>effective</b>: 2023-08-04 03:52:52+0000</p><p><b>performer</b>: <a href="Practitioner-practitioner-1.html">Practitioner Ronald Bone </a></p><p><b>value</b>: 60</p><p><b>derivedFrom</b>: <a href="QuestionnaireResponse-exercise-vital-sign.html">Exercise Vital Sign QuestionnaireResponse Example</a></p></div>
  </text>
  <status value="final"/>
  <category>
    <coding>
      <system value="http://terminology.hl7.org/CodeSystem/observation-category"/>
      <code value="survey"/>
      <display value="Survey"/>
    </coding>
  </category>
  <code>
    <coding>
      <system value="http://loinc.org"/>
      <code value="68516-4"/>
      <display value="On those days that you engage in moderate to strenuous exercise, how many minutes, on average, do you exercise"/>
    </coding>
    <text value="On those days that you engage in moderate to strenuous exercise, how many minutes, on average, do you exercise"/>
  </code>
  <subject>
    <reference value="Patient/example"/>
  </subject>
  <effectiveDateTime value="2023-08-04T03:52:52.685000+00:00"/>
  <performer>
    <reference value="Practitioner/practitioner-1"/>
  </performer>
  <valueString value="60"/>
  <derivedFrom>
    <reference value="QuestionnaireResponse/exercise-vital-sign"/>
    <display value="Exercise Vital Sign QuestionnaireResponse Example"/>
  </derivedFrom>
</Observation>