<?xml version="1.0" encoding="UTF-8"?>

<Observation xmlns="http://hl7.org/fhir">
  <id value="ADI-example"/>
  <meta>
    <profile value="http://hl7.org/fhir/us/core/StructureDefinition/us-core-observation-adi-documentation|8.0.0"/>
  </meta>
  <text>
    <status value="extensions"/><div xmlns="http://www.w3.org/1999/xhtml"><p class="res-header-id"><b>Generated Narrative: Observation ADI-example</b></p><a name="ADI-example"> </a><a name="hcADI-example"> </a><a name="ADI-example-en-US"> </a><div style="display: inline-block; background-color: #d9e0e7; padding: 6px; margin: 4px; border: 1px solid #8da1b4; border-radius: 5px; line-height: 60%"><p style="margin-bottom: 0px"/><p style="margin-bottom: 0px">Profile: <a href="StructureDefinition-us-core-observation-adi-documentation.html">US Core Observation ADI Documentation Profileversion: null8.0.0)</a></p></div><p><b>Supporting info</b>: <a href="DocumentReference-polst.html">POLST</a></p><p><b>Supporting info</b>: <a href="DocumentReference-adi-dnr.html">ADI DNR</a></p><p><b>Supporting info</b>: <a href="DocumentReference-living-will.html">Living Will</a></p><p><b>status</b>: Final</p><p><b>category</b>: <span title="Codes:{http://hl7.org/fhir/us/core/CodeSystem/us-core-category observation-adi-documentation}">Observation ADI Documentation</span></p><p><b>code</b>: <span title="Codes:{http://loinc.org 45473-6}">Advance healthcare directive completed</span></p><p><b>subject</b>: <a href="Patient-example.html">Amy V. Baxter  (no stated gender), DoB: 1987-02-20 ( Medical Record Number: 1032702 (use: usual, ))</a></p><p><b>effective</b>: 2024-05-16 01:06:06+0000</p><p><b>issued</b>: 2024-05-16 01:06:06+0000</p><p><b>performer</b>: <a href="Practitioner-practitioner-1.html">Dr Smith</a></p><p><b>value</b>: <span title="Codes:{http://snomed.info/sct 373066001}">Yes (qualifier value)</span></p></div>
  </text>
  <extension url="http://hl7.org/fhir/StructureDefinition/workflow-supportingInfo">
    <valueReference>
      <reference value="DocumentReference/polst"/>
      <display value="POLST"/>
    </valueReference>
  </extension>
  <extension url="http://hl7.org/fhir/StructureDefinition/workflow-supportingInfo">
    <valueReference>
      <reference value="DocumentReference/adi-dnr"/>
      <display value="ADI DNR"/>
    </valueReference>
  </extension>
  <extension url="http://hl7.org/fhir/StructureDefinition/workflow-supportingInfo">
    <valueReference>
      <reference value="DocumentReference/living-will"/>
      <display value="Living Will"/>
    </valueReference>
  </extension>
  <status value="final"/>
  <category>
    <coding>
      <system value="http://hl7.org/fhir/us/core/CodeSystem/us-core-category"/>
      <code value="observation-adi-documentation"/>
      <display value="Observation ADI Documentation"/>
    </coding>
    <text value="Observation ADI Documentation"/>
  </category>
  <code>
    <coding>
      <system value="http://loinc.org"/>
      <code value="45473-6"/>
      <display value="Advance healthcare directive completed"/>
    </coding>
  </code>
  <subject>
    <reference value="Patient/example"/>
  </subject>
  <effectiveDateTime value="2024-05-16T01:06:06.393Z"/>
  <issued value="2024-05-16T01:06:06.393Z"/>
  <performer>
    <reference value="Practitioner/practitioner-1"/>
    <display value="Dr Smith"/>
  </performer>
  <valueCodeableConcept>
    <coding>
      <system value="http://snomed.info/sct"/>
      <version value="http://snomed.info/sct/731000124108"/>
      <code value="373066001"/>
      <display value="Yes (qualifier value)"/>
    </coding>
  </valueCodeableConcept>
</Observation>