<?xml version="1.0" encoding="UTF-8"?>

<Observation xmlns="http://hl7.org/fhir">
  <id value="pediatric-wt-example"/>
  <meta>
    <profile value="http://hl7.org/fhir/us/core/StructureDefinition/pediatric-weight-for-height|8.0.0"/>
  </meta>
  <text>
    <status value="generated"/><div xmlns="http://www.w3.org/1999/xhtml"><p class="res-header-id"><b>Generated Narrative: Observation pediatric-wt-example</b></p><a name="pediatric-wt-example"> </a><a name="hcpediatric-wt-example"> </a><a name="pediatric-wt-example-en-US"> </a><div style="display: inline-block; background-color: #d9e0e7; padding: 6px; margin: 4px; border: 1px solid #8da1b4; border-radius: 5px; line-height: 60%"><p style="margin-bottom: 0px"/><p style="margin-bottom: 0px">Profile: <a href="StructureDefinition-pediatric-weight-for-height.html">US Core Pediatric Weight for Height Observation Profileversion: null8.0.0)</a></p></div><p><b>status</b>: Final</p><p><b>category</b>: <span title="Codes:{http://terminology.hl7.org/CodeSystem/observation-category vital-signs}">Vital Signs</span></p><p><b>code</b>: <span title="Codes:{http://loinc.org 77606-2}">BMI</span></p><p><b>subject</b>: <a href="Patient-infant-example.html">Infant Example</a></p><p><b>encounter</b>: GP Visit</p><p><b>effective</b>: 2020-07-02</p><p><b>performer</b>: <a href="Practitioner-practitioner-1.html">Dr Ronald Bone</a></p><p><b>value</b>: 65 %<span style="background: LightGoldenRodYellow"> (Details: UCUM  code% = '%')</span></p><p><b>note</b>: WHO Males, 0-2 years Chart</p></div>
  </text>
  <status value="final"/>
  <category>
    <coding>
      <system value="http://terminology.hl7.org/CodeSystem/observation-category"/>
      <code value="vital-signs"/>
      <display value="Vital Signs"/>
    </coding>
    <text value="Vital Signs"/>
  </category>
  <code>
    <coding>
      <system value="http://loinc.org"/>
      <code value="77606-2"/>
      <display value="Weight-for-length Per age and sex"/>
    </coding>
    <text value="BMI"/>
  </code>
  <subject>
    <reference value="Patient/infant-example"/>
    <display value="Infant Example"/>
  </subject>
  <encounter>
    <display value="GP Visit"/>
  </encounter>
  <effectiveDateTime value="2020-07-02"/>
  <performer>
    <reference value="Practitioner/practitioner-1"/>
    <display value="Dr Ronald Bone"/>
  </performer>
  <valueQuantity>
    <value value="65"/>
    <unit value="%"/>
    <system value="http://unitsofmeasure.org"/>
    <code value="%"/>
  </valueQuantity>
  <note>
    <text value="WHO Males, 0-2 years Chart"/>
  </note>
</Observation>