<?xml version="1.0" encoding="UTF-8"?>

<Observation xmlns="http://hl7.org/fhir">
  <id value="simple-observation-functional-status"/>
  <meta>
    <profile value="http://hl7.org/fhir/us/core/StructureDefinition/us-core-simple-observation|8.0.0"/>
  </meta>
  <text>
    <status value="generated"/><div xmlns="http://www.w3.org/1999/xhtml"><p class="res-header-id"><b>Generated Narrative: Observation simple-observation-functional-status</b></p><a name="simple-observation-functional-status"> </a><a name="hcsimple-observation-functional-status"> </a><a name="simple-observation-functional-status-en-US"> </a><div style="display: inline-block; background-color: #d9e0e7; padding: 6px; margin: 4px; border: 1px solid #8da1b4; border-radius: 5px; line-height: 60%"><p style="margin-bottom: 0px"/><p style="margin-bottom: 0px">Profile: <a href="StructureDefinition-us-core-simple-observation.html">US Core Simple Observation Profileversion: null8.0.0)</a></p></div><p><b>status</b>: Final</p><p><b>category</b>: <span title="Codes:{http://hl7.org/fhir/us/core/CodeSystem/us-core-category functional-status}">Functional Status</span></p><p><b>code</b>: <span title="Codes:{http://loinc.org 75276-6}">Functional status [Interpretation]</span></p><p><b>subject</b>: <a href="Patient-example.html">Amy V. Baxter  (no stated gender), DoB: 1987-02-20 ( Medical Record Number: 1032702 (use: usual, ))</a></p><p><b>effective</b>: 2023-11-24 21:26:59+0000</p><p><b>performer</b>: <a href="Practitioner-practitioner-1.html">Practitioner Ronald Bone </a></p><p><b>value</b>: <span title="Codes:{http://snomed.info/sct 129035000}">Independent with dressing (finding)</span></p></div>
  </text>
  <status value="final"/>
  <category>
    <coding>
      <system value="http://hl7.org/fhir/us/core/CodeSystem/us-core-category"/>
      <code value="functional-status"/>
      <display value="Functional Status"/>
    </coding>
  </category>
  <code>
    <coding>
      <system value="http://loinc.org"/>
      <code value="75276-6"/>
      <display value="Functional status [Interpretation]"/>
    </coding>
  </code>
  <subject>
    <reference value="Patient/example"/>
  </subject>
  <effectiveDateTime value="2023-11-24T21:26:59Z"/>
  <performer>
    <reference value="Practitioner/practitioner-1"/>
  </performer>
  <valueCodeableConcept>
    <coding>
      <system value="http://snomed.info/sct"/>
      <code value="129035000"/>
      <display value="Independent with dressing (finding)"/>
    </coding>
  </valueCodeableConcept>
</Observation>