<?xml version="1.0" encoding="UTF-8"?>

<Observation xmlns="http://hl7.org/fhir">
  <id value="urobilinogen"/>
  <meta>
    <lastUpdated value="2005-07-05T15:29:58.597000+00:00"/>
    <profile value="http://hl7.org/fhir/us/core/StructureDefinition/us-core-observation-lab|8.0.0"/>
  </meta>
  <text>
    <status value="generated"/><div xmlns="http://www.w3.org/1999/xhtml"><p class="res-header-id"><b>Generated Narrative: Observation urobilinogen</b></p><a name="urobilinogen"> </a><a name="hcurobilinogen"> </a><a name="urobilinogen-en-US"> </a><div style="display: inline-block; background-color: #d9e0e7; padding: 6px; margin: 4px; border: 1px solid #8da1b4; border-radius: 5px; line-height: 60%"><p style="margin-bottom: 0px">Last updated: 2005-07-05 15:29:58+0000</p><p style="margin-bottom: 0px">Profile: <a href="StructureDefinition-us-core-observation-lab.html">US Core Laboratory Result Observation Profileversion: null8.0.0)</a></p></div><p><b>status</b>: Final</p><p><b>category</b>: <span title="Codes:{http://terminology.hl7.org/CodeSystem/observation-category laboratory}">Laboratory</span></p><p><b>code</b>: <span title="Codes:{http://loinc.org 20405-7}">Urobilinogen, Urine</span></p><p><b>subject</b>: <a href="Patient-example.html">Amy Shaw</a></p><p><b>effective</b>: 2005-07-05</p><p><b>performer</b>: <a href="Practitioner-practitioner-1.html">Dr Ronald Bone</a></p><p><b>value</b>: 0.3 mg/dL<span style="background: LightGoldenRodYellow"> (Details: UCUM  codemg/dL = 'mg/dL')</span></p><p><b>interpretation</b>: <span title="Codes:{http://terminology.hl7.org/CodeSystem/v3-ObservationInterpretation N}">Normal</span></p><p><b>specimen</b>: <a href="Specimen-specimen-example-urine.html">Urine Specimen Example</a></p><h3>ReferenceRanges</h3><table class="grid"><tr><td style="display: none">-</td><td><b>Low</b></td><td><b>High</b></td></tr><tr><td style="display: none">*</td><td>0.1 mg/dL<span style="background: LightGoldenRodYellow"> (Details: UCUM  codemg/dL = 'mg/dL')</span></td><td>1 mg/dL<span style="background: LightGoldenRodYellow"> (Details: UCUM  codemg/dL = 'mg/dL')</span></td></tr></table></div>
  </text>
  <status value="final"/>
  <category>
    <coding>
      <system value="http://terminology.hl7.org/CodeSystem/observation-category"/>
      <code value="laboratory"/>
      <display value="Laboratory"/>
    </coding>
    <text value="Laboratory"/>
  </category>
  <code>
    <coding>
      <system value="http://loinc.org"/>
      <code value="20405-7"/>
      <display value="Urobilinogen [Mass/volume] in Urine by Test strip"/>
    </coding>
    <text value="Urobilinogen, Urine"/>
  </code>
  <subject>
    <reference value="Patient/example"/>
    <display value="Amy Shaw"/>
  </subject>
  <effectiveDateTime value="2005-07-05"/>
  <performer>
    <reference value="Practitioner/practitioner-1"/>
    <display value="Dr Ronald Bone"/>
  </performer>
  <valueQuantity>
    <value value="0.3"/>
    <unit value="mg/dL"/>
    <system value="http://unitsofmeasure.org"/>
    <code value="mg/dL"/>
  </valueQuantity>
  <interpretation>
    <coding>
      <system value="http://terminology.hl7.org/CodeSystem/v3-ObservationInterpretation"/>
      <code value="N"/>
      <display value="Normal"/>
    </coding>
    <text value="Normal"/>
  </interpretation>
  <specimen>
    <reference value="Specimen/specimen-example-urine"/>
    <display value="Urine Specimen Example"/>
  </specimen>
  <referenceRange>
    <low>
      <value value="0.1"/>
      <unit value="mg/dL"/>
      <system value="http://unitsofmeasure.org"/>
      <code value="mg/dL"/>
    </low>
    <high>
      <value value="1"/>
      <unit value="mg/dL"/>
      <system value="http://unitsofmeasure.org"/>
      <code value="mg/dL"/>
    </high>
  </referenceRange>
</Observation>