<?xml version="1.0" encoding="UTF-8"?>

<Organization xmlns="http://hl7.org/fhir">
  <id value="acme-lab"/>
  <meta>
    <profile value="http://hl7.org/fhir/us/core/StructureDefinition/us-core-organization|8.0.0"/>
  </meta>
  <text>
    <status value="generated"/><div xmlns="http://www.w3.org/1999/xhtml"><p class="res-header-id"><b>Generated Narrative: Organization acme-lab</b></p><a name="acme-lab"> </a><a name="hcacme-lab"> </a><a name="acme-lab-en-US"> </a><div style="display: inline-block; background-color: #d9e0e7; padding: 6px; margin: 4px; border: 1px solid #8da1b4; border-radius: 5px; line-height: 60%"><p style="margin-bottom: 0px"/><p style="margin-bottom: 0px">Profile: <a href="StructureDefinition-us-core-organization.html">US Core Organization Profileversion: null8.0.0)</a></p></div><p><b>identifier</b>: <a href="http://terminology.hl7.org/5.5.0/NamingSystem-npi.html" title="National Provider Identifier">United States National Provider Identifier</a>/1144221847, <a href="http://terminology.hl7.org/5.5.0/NamingSystem-CLIA.html" title="&quot;The Centers for Medicare &amp; Medicaid Services (CMS) regulates all laboratory testing (except research) performed on humans in the U.S. through the Clinical Laboratory Improvement Amendments (CLIA). In total, CLIA covers approximately 330,000 laboratory entities. The Division of Clinical Laboratory Improvement &amp; Quality, within the Quality, Safety &amp; Oversight Group, under the Center for Clinical Standards and Quality (CCSQ) has the responsibility for implementing the CLIA Program.

The objective of the CLIA program is to ensure quality laboratory testing. Although all clinical laboratories must be properly certified to receive Medicare or Medicaid payments, CLIA has no direct Medicare or Medicaid program responsibilities.&quot;

CMS CLIA certified laboratories will be assigned a10-digit alphanumeric CLIA identification number, with the &quot;D&quot; in the third position identifying the provider/supplier as a laboratory certified under CLIA.&quot;

CLIA is maintained by CMS. It is in the public domain and free to use without restriction.

See http://cms.gov/regulations-and-guidance/legislation/clia.">Clinical Laboratory Improvement Amendments</a>/12D4567890</p><p><b>active</b>: true</p><p><b>type</b>: <span title="Codes:{http://terminology.hl7.org/CodeSystem/organization-type prov}">Healthcare Provider</span></p><p><b>name</b>: Acme Labs</p><p><b>telecom</b>: ph: (+1) 734-677-7777, <a href="mailto:hq@acme.org">hq@acme.org</a></p><p><b>address</b>: 3300 WASHTENAW AVE STE 227 AMHERST MA 01002 USA </p></div>
  </text>
  <identifier>
    <system value="http://hl7.org/fhir/sid/us-npi"/>
    <value value="1144221847"/>
  </identifier>
  <identifier>
    <system value="urn:oid:2.16.840.1.113883.4.7"/>
    <value value="12D4567890"/>
  </identifier>
  <active value="true"/>
  <type>
    <coding>
      <system value="http://terminology.hl7.org/CodeSystem/organization-type"/>
      <code value="prov"/>
      <display value="Healthcare Provider"/>
    </coding>
  </type>
  <name value="Acme Labs"/>
  <telecom>
    <system value="phone"/>
    <value value="(+1) 734-677-7777"/>
  </telecom>
  <telecom>
    <system value="email"/>
    <value value="hq@acme.org"/>
  </telecom>
  <address>
    <line value="3300 WASHTENAW AVE STE 227"/>
    <city value="AMHERST"/>
    <state value="MA"/>
    <postalCode value="01002"/>
    <country value="USA"/>
  </address>
</Organization>