<?xml version="1.0" encoding="UTF-8"?>

<Organization xmlns="http://hl7.org/fhir">
  <id value="holy-healthcare"/>
  <meta>
    <profile value="http://hl7.org/fhir/us/core/StructureDefinition/us-core-organization|8.0.0"/>
  </meta>
  <text>
    <status value="generated"/><div xmlns="http://www.w3.org/1999/xhtml"><p class="res-header-id"><b>Generated Narrative: Organization holy-healthcare</b></p><a name="holy-healthcare"> </a><a name="hcholy-healthcare"> </a><a name="holy-healthcare-en-US"> </a><div style="display: inline-block; background-color: #d9e0e7; padding: 6px; margin: 4px; border: 1px solid #8da1b4; border-radius: 5px; line-height: 60%"><p style="margin-bottom: 0px"/><p style="margin-bottom: 0px">Profile: <a href="StructureDefinition-us-core-organization.html">US Core Organization Profileversion: null8.0.0)</a></p></div><p><b>identifier</b>: <a href="http://terminology.hl7.org/5.5.0/NamingSystem-npi.html" title="National Provider Identifier">United States National Provider Identifier</a>/1234567893</p><p><b>active</b>: true</p><p><b>type</b>: <span title="Codes:{http://terminology.hl7.org/CodeSystem/organization-type prov}">Provider</span></p><p><b>name</b>: Holy Healthcare</p><p><b>telecom</b>: ph: (+1) 555-555-5555, <a href="mailto:hq@holyhealthcare.org">hq@holyhealthcare.org</a></p><p><b>address</b>: 100 MANAGING ORGANIZATION AVE Amherst MA 01002 USA </p></div>
  </text>
  <identifier>
    <system value="http://hl7.org/fhir/sid/us-npi"/>
    <value value="1234567893"/>
  </identifier>
  <active value="true"/>
  <type>
    <coding>
      <system value="http://terminology.hl7.org/CodeSystem/organization-type"/>
      <code value="prov"/>
    </coding>
    <text value="Provider"/>
  </type>
  <name value="Holy Healthcare"/>
  <telecom>
    <system value="phone"/>
    <value value="(+1) 555-555-5555"/>
  </telecom>
  <telecom>
    <system value="email"/>
    <value value="hq@holyhealthcare.org"/>
  </telecom>
  <address>
    <line value="100 MANAGING ORGANIZATION AVE"/>
    <city value="Amherst"/>
    <state value="MA"/>
    <postalCode value="01002"/>
    <country value="USA"/>
  </address>
</Organization>