<?xml version="1.0" encoding="UTF-8"?>

<Patient xmlns="http://hl7.org/fhir">
  <id value="example"/>
  <meta>
    <profile value="http://hl7.org/fhir/us/core/StructureDefinition/us-core-patient|8.0.0"/>
  </meta>
  <text>
    <status value="generated"/><div xmlns="http://www.w3.org/1999/xhtml"><p class="res-header-id"><b>Generated Narrative: Patient example</b></p><a name="example"> </a><a name="hcexample"> </a><a name="example-en-US"> </a><div style="display: inline-block; background-color: #d9e0e7; padding: 6px; margin: 4px; border: 1px solid #8da1b4; border-radius: 5px; line-height: 60%"><p style="margin-bottom: 0px"/><p style="margin-bottom: 0px">Profile: <a href="StructureDefinition-us-core-patient.html">US Core Patient Profileversion: null8.0.0)</a></p></div><p style="border: 1px #661aff solid; background-color: #e6e6ff; padding: 10px;">Amy V. Baxter  (no stated gender), DoB: 1987-02-20 ( Medical Record Number: 1032702 (use: usual, ))</p><hr/><table class="grid"><tr><td style="background-color: #f3f5da" title="Record is active">Active:</td><td colspan="3">true</td></tr><tr><td style="background-color: #f3f5da" title="Alternate names (see the one above)">Alt. Name:</td><td colspan="3">Amy V. Shaw (Old)</td></tr><tr><td style="background-color: #f3f5da" title="Ways to contact the Patient">Contact Detail</td><td colspan="3"><ul><li>ph: 555-555-5555(Home)</li><li><a href="mailto:amy.shaw@example.com">amy.shaw@example.com</a></li><li>49 MEADOW ST MOUNDS OK 74047 US (old)</li><li>183 MOUNTAIN VIEW ST MOUNDS OK 74048 US </li></ul></td></tr><tr><td style="background-color: #f3f5da" title="Language spoken">Language:</td><td colspan="3"><span title="Codes:{urn:ietf:bcp:47 es}">Spanish</span> (preferred)</td></tr><tr><td style="background-color: #f3f5da" title="USCDI includes a data element for Sex, intended to support the exchange of a recorded sex value. This extension aligns with the USCDI definition of Sex: &quot;Documentation of a specific instance of sex.&quot; It enables systems to share the sex value as it was documented in a particular context.  Systems choosing to record sources of information should use the [Provenance resource](element-level-provenance.html)."><a href="StructureDefinition-us-core-sex.html">US Core Sex Extension</a></td><td colspan="3"><a href="http://snomed.info/id/248152002">SNOMED CT 248152002</a>: Female (finding) (version = http://snomed.info/sct/731000124108 )</td></tr><tr><td style="background-color: #f3f5da" title="Concepts classifying the person into a named category of humans sharing common history, traits, geographical origin or nationality.  The ethnicity codes used to represent these concepts are based upon the [CDC ethnicity and Ethnicity Code Set Version 1.0](http://www.cdc.gov/phin/resources/vocabulary/index.html) which includes over 900 concepts for representing race and ethnicity of which 43 reference ethnicity.  The ethnicity concepts are grouped by and pre-mapped to the 2 OMB ethnicity categories: - Hispanic or Latino - Not Hispanic or Latino.">US Core Ethnicity Extension:</td><td colspan="3"><ul><li>ombCategory: CDC Race and Ethnicity 2135-2: Hispanic or Latino</li><li>detailed: CDC Race and Ethnicity 2184-0: Dominican</li><li>detailed: CDC Race and Ethnicity 2148-5: Mexican</li><li>text: Hispanic or Latino</li></ul></td></tr><tr><td style="background-color: #f3f5da" title="Concepts classifying the person into a named category of humans sharing common history, traits, geographical origin or nationality.  The race codes used to represent these concepts are based upon the [CDC Race and Ethnicity Code Set Version 1.0](http://www.cdc.gov/phin/resources/vocabulary/index.html#3) which includes over 900 concepts for representing race and ethnicity of which 921 reference race.  The race concepts are grouped by and pre-mapped to the 5 OMB race categories:

 - American Indian or Alaska Native
 - Asian
 - Black or African American
 - Native Hawaiian or Other Pacific Islander
 - White.">US Core Race Extension:</td><td colspan="3"><ul><li>ombCategory: CDC Race and Ethnicity 2106-3: White</li><li>ombCategory: CDC Race and Ethnicity 1002-5: American Indian or Alaska Native</li><li>ombCategory: CDC Race and Ethnicity 2028-9: Asian</li><li>detailed: CDC Race and Ethnicity 1586-7: Shoshone</li><li>detailed: CDC Race and Ethnicity 2036-2: Filipino</li><li>text: Mixed</li></ul></td></tr><tr><td style="background-color: #f3f5da" title="This Extension profile represents a tribe or band with which a person associates and, optionally, whether they are enrolled.">US Core Tribal Affiliation Extension:</td><td colspan="3"><ul><li>tribalAffiliation: <span title="Codes:{http://terminology.hl7.org/CodeSystem/v3-TribalEntityUS 187}">Shoshone</span></li><li>isEnrolled: false</li></ul></td></tr><tr><td style="background-color: #f3f5da" title="This extension indicates the individual's need for an interpreter to communicate healthcare information in a language other than the default language of the organization. It has the same meaning as the LOINC [54588-9](https://loinc.org/54588-9) (Interpreter needed)"><a href="StructureDefinition-us-core-interpreter-needed.html">US Core Interpreter Needed Extension</a></td><td colspan="3"><a href="http://snomed.info/id/373066001">SNOMED CT 373066001</a>: Yes (qualifier value) (version = http://snomed.info/sct/731000124108 )</td></tr></table></div>
  </text>
  <extension url="http://hl7.org/fhir/us/core/StructureDefinition/us-core-race">
    <extension url="ombCategory">
      <valueCoding>
        <system value="urn:oid:2.16.840.1.113883.6.238"/>
        <code value="2106-3"/>
        <display value="White"/>
      </valueCoding>
    </extension>
    <extension url="ombCategory">
      <valueCoding>
        <system value="urn:oid:2.16.840.1.113883.6.238"/>
        <code value="1002-5"/>
        <display value="American Indian or Alaska Native"/>
      </valueCoding>
    </extension>
    <extension url="ombCategory">
      <valueCoding>
        <system value="urn:oid:2.16.840.1.113883.6.238"/>
        <code value="2028-9"/>
        <display value="Asian"/>
      </valueCoding>
    </extension>
    <extension url="detailed">
      <valueCoding>
        <system value="urn:oid:2.16.840.1.113883.6.238"/>
        <code value="1586-7"/>
        <display value="Shoshone"/>
      </valueCoding>
    </extension>
    <extension url="detailed">
      <valueCoding>
        <system value="urn:oid:2.16.840.1.113883.6.238"/>
        <code value="2036-2"/>
        <display value="Filipino"/>
      </valueCoding>
    </extension>
    <extension url="text">
      <valueString value="Mixed"/>
    </extension>
  </extension>
  <extension url="http://hl7.org/fhir/us/core/StructureDefinition/us-core-ethnicity">
    <extension url="ombCategory">
      <valueCoding>
        <system value="urn:oid:2.16.840.1.113883.6.238"/>
        <code value="2135-2"/>
        <display value="Hispanic or Latino"/>
      </valueCoding>
    </extension>
    <extension url="detailed">
      <valueCoding>
        <system value="urn:oid:2.16.840.1.113883.6.238"/>
        <code value="2184-0"/>
        <display value="Dominican"/>
      </valueCoding>
    </extension>
    <extension url="detailed">
      <valueCoding>
        <system value="urn:oid:2.16.840.1.113883.6.238"/>
        <code value="2148-5"/>
        <display value="Mexican"/>
      </valueCoding>
    </extension>
    <extension url="text">
      <valueString value="Hispanic or Latino"/>
    </extension>
  </extension>
  <extension url="http://hl7.org/fhir/us/core/StructureDefinition/us-core-tribal-affiliation">
    <extension url="tribalAffiliation">
      <valueCodeableConcept>
        <coding>
          <system value="http://terminology.hl7.org/CodeSystem/v3-TribalEntityUS"/>
          <code value="187"/>
          <display value="Paiute-Shoshone Tribe of the Fallon Reservation and Colony, Nevada"/>
        </coding>
        <text value="Shoshone"/>
      </valueCodeableConcept>
    </extension>
    <extension url="isEnrolled">
      <valueBoolean value="false"/>
    </extension>
  </extension>
  <extension url="http://hl7.org/fhir/us/core/StructureDefinition/us-core-sex">
    <valueCoding>
      <system value="http://snomed.info/sct"/>
      <version value="http://snomed.info/sct/731000124108"/>
      <code value="248152002"/>
      <display value="Female (finding)"/>
    </valueCoding>
  </extension>
  <extension url="http://hl7.org/fhir/us/core/StructureDefinition/us-core-interpreter-needed">
    <valueCoding>
      <system value="http://snomed.info/sct"/>
      <version value="http://snomed.info/sct/731000124108"/>
      <code value="373066001"/>
    </valueCoding>
  </extension>
  <identifier>
    <use value="usual"/>
    <type>
      <coding>
        <system value="http://terminology.hl7.org/CodeSystem/v2-0203"/>
        <code value="MR"/>
        <display value="Medical Record Number"/>
      </coding>
      <text value="Medical Record Number"/>
    </type>
    <system value="http://example.org/patient/identifiers"/>
    <value value="1032702"/>
  </identifier>
  <active value="true"/>
  <name>
    <use value="old"/>
    <family value="Shaw"/>
    <given value="Amy"/>
    <given value="V."/>
    <period>
      <start value="2016-12-06"/>
      <end value="2020-07-22"/>
    </period>
  </name>
  <name>
    <use value="usual"/>
    <family value="Baxter"/>
    <given value="Amy"/>
    <given value="V."/>
    <suffix value="PharmD"/>
    <period>
      <start value="2020-07-22"/>
    </period>
  </name>
  <telecom>
    <system value="phone"/>
    <value value="555-555-5555"/>
    <use value="home"/>
  </telecom>
  <telecom>
    <system value="email"/>
    <value value="amy.shaw@example.com"/>
  </telecom>
  <birthDate value="1987-02-20"/>
  <address>
    <use value="old"/>
    <line value="49 MEADOW ST"/>
    <city value="MOUNDS"/>
    <state value="OK"/>
    <postalCode value="74047"/>
    <country value="US"/>
    <period>
      <start value="2016-12-06"/>
      <end value="2020-07-22"/>
    </period>
  </address>
  <address>
    <line value="183 MOUNTAIN VIEW ST"/>
    <city value="MOUNDS"/>
    <state value="OK"/>
    <postalCode value="74048"/>
    <country value="US"/>
    <period>
      <start value="2020-07-22"/>
    </period>
  </address>
  <communication>
    <language>
      <coding>
        <system value="urn:ietf:bcp:47"/>
        <code value="es"/>
        <display value="Spanish"/>
      </coding>
    </language>
    <preferred value="true"/>
  </communication>
</Patient>