<?xml version="1.0" encoding="UTF-8"?>

<Practitioner xmlns="http://hl7.org/fhir">
  <id value="practitioner-pharmacist"/>
  <meta>
    <profile value="http://hl7.org/fhir/us/core/StructureDefinition/us-core-practitioner|8.0.0"/>
  </meta>
  <text>
    <status value="generated"/><div xmlns="http://www.w3.org/1999/xhtml"><p class="res-header-id"><b>Generated Narrative: Practitioner practitioner-pharmacist</b></p><a name="practitioner-pharmacist"> </a><a name="hcpractitioner-pharmacist"> </a><a name="practitioner-pharmacist-en-US"> </a><div style="display: inline-block; background-color: #d9e0e7; padding: 6px; margin: 4px; border: 1px solid #8da1b4; border-radius: 5px; line-height: 60%"><p style="margin-bottom: 0px"/><p style="margin-bottom: 0px">Profile: <a href="StructureDefinition-us-core-practitioner.html">US Core Practitioner Profileversion: null8.0.0)</a></p></div><p><b>identifier</b>: <a href="http://terminology.hl7.org/5.5.0/NamingSystem-npi.html" title="National Provider Identifier">United States National Provider Identifier</a>/3412549073</p><p><b>name</b>: Dispenser Douglas </p><p><b>address</b>: 1015 HEALTHCARE DR AMHERST MA 01002 (work)</p></div>
  </text>
  <identifier>
    <system value="http://hl7.org/fhir/sid/us-npi"/>
    <value value="3412549073"/>
  </identifier>
  <name>
    <family value="Douglas"/>
    <given value="Dispenser"/>
    <prefix value="PharmD"/>
  </name>
  <address>
    <use value="work"/>
    <line value="1015 HEALTHCARE DR"/>
    <city value="AMHERST"/>
    <state value="MA"/>
    <postalCode value="01002"/>
  </address>
</Practitioner>