<?xml version="1.0" encoding="UTF-8"?>

<Practitioner xmlns="http://hl7.org/fhir">
  <id value="practitioner-2"/>
  <meta>
    <profile value="http://hl7.org/fhir/us/core/StructureDefinition/us-core-practitioner|8.0.0"/>
  </meta>
  <text>
    <status value="generated"/><div xmlns="http://www.w3.org/1999/xhtml"><p class="res-header-id"><b>Generated Narrative: Practitioner practitioner-2</b></p><a name="practitioner-2"> </a><a name="hcpractitioner-2"> </a><a name="practitioner-2-en-US"> </a><div style="display: inline-block; background-color: #d9e0e7; padding: 6px; margin: 4px; border: 1px solid #8da1b4; border-radius: 5px; line-height: 60%"><p style="margin-bottom: 0px"/><p style="margin-bottom: 0px">Profile: <a href="StructureDefinition-us-core-practitioner.html">US Core Practitioner Profileversion: null8.0.0)</a></p></div><p><b>identifier</b>: <a href="http://terminology.hl7.org/5.5.0/NamingSystem-npi.html" title="National Provider Identifier">United States National Provider Identifier</a>/1245319599, <code>http://www.acme.org/practitioners</code>/456789</p><p><b>name</b>: Fielding Kathy </p><p><b>telecom</b>: <a href="mailto:Kathy.Fielding@direct.ExampleMedicalPractice.net">Kathy.Fielding@direct.ExampleMedicalPractice.net</a></p><p><b>address</b>: 1080 FIRST COLONIAL RD VIRGINIA BEACH VA 21454-2406 (work)</p></div>
  </text>
  <identifier>
    <system value="http://hl7.org/fhir/sid/us-npi"/>
    <value value="1245319599"/>
  </identifier>
  <identifier>
    <system value="http://www.acme.org/practitioners"/>
    <value value="456789"/>
  </identifier>
  <name>
    <family value="Kathy"/>
    <given value="Fielding"/>
    <prefix value="Dr"/>
  </name>
  <telecom>
    <extension url="http://hl7.org/fhir/us/core/StructureDefinition/us-core-direct">
      <valueBoolean value="true"/>
    </extension>
    <system value="email"/>
    <value value="Kathy.Fielding@direct.ExampleMedicalPractice.net"/>
    <use value="work"/>
  </telecom>
  <address>
    <use value="work"/>
    <line value="1080 FIRST COLONIAL RD"/>
    <city value="VIRGINIA BEACH"/>
    <state value="VA"/>
    <postalCode value="21454-2406"/>
  </address>
</Practitioner>