<?xml version="1.0" encoding="UTF-8"?>

<Procedure xmlns="http://hl7.org/fhir">
  <id value="rehab"/>
  <meta>
    <profile value="http://hl7.org/fhir/us/core/StructureDefinition/us-core-procedure|8.0.0"/>
  </meta>
  <text>
    <status value="generated"/><div xmlns="http://www.w3.org/1999/xhtml"><p class="res-header-id"><b>Generated Narrative: Procedure rehab</b></p><a name="rehab"> </a><a name="hcrehab"> </a><a name="rehab-en-US"> </a><div style="display: inline-block; background-color: #d9e0e7; padding: 6px; margin: 4px; border: 1px solid #8da1b4; border-radius: 5px; line-height: 60%"><p style="margin-bottom: 0px"/><p style="margin-bottom: 0px">Profile: <a href="StructureDefinition-us-core-procedure.html">US Core Procedure Profileversion: null8.0.0)</a></p></div><p><b>basedOn</b>: <a href="ServiceRequest-rehab.html">ServiceRequest Alcoholism counseling</a></p><p><b>status</b>: Completed</p><p><b>code</b>: <span title="Codes:{http://snomed.info/sct 24165007}, {http://www.cms.gov/Medicare/Coding/ICD10 HZ30ZZZ}">Alcohol rehabilitation</span></p><p><b>subject</b>: <a href="Patient-example.html">Amy Shaw</a></p><p><b>encounter</b>: <a href="Encounter-example-1.html">Office Visit</a></p><p><b>performed</b>: 2002-05-23</p></div>
  </text>
  <basedOn>
    <reference value="ServiceRequest/rehab"/>
  </basedOn>
  <status value="completed"/>
  <code>
    <coding>
      <system value="http://snomed.info/sct"/>
      <version value="http://snomed.info/sct/731000124108"/>
      <code value="24165007"/>
      <display value="Alcoholism counseling"/>
    </coding>
    <coding>
      <system value="http://www.cms.gov/Medicare/Coding/ICD10"/>
      <code value="HZ30ZZZ"/>
      <display value="Individual Counseling for Substance Abuse Treatment, Cognitive"/>
    </coding>
    <text value="Alcohol rehabilitation"/>
  </code>
  <subject>
    <reference value="Patient/example"/>
    <display value="Amy Shaw"/>
  </subject>
  <encounter>
    <reference value="Encounter/example-1"/>
    <display value="Office Visit"/>
  </encounter>
  <performedDateTime value="2002-05-23"/>
</Procedure>