<?xml version="1.0" encoding="UTF-8"?>

<ServiceRequest xmlns="http://hl7.org/fhir">
  <id value="ekg"/>
  <meta>
    <profile value="http://hl7.org/fhir/us/core/StructureDefinition/us-core-servicerequest|8.0.0"/>
  </meta>
  <text>
    <status value="generated"/><div xmlns="http://www.w3.org/1999/xhtml"><p class="res-header-id"><b>Generated Narrative: ServiceRequest ekg</b></p><a name="ekg"> </a><a name="hcekg"> </a><a name="ekg-en-US"> </a><div style="display: inline-block; background-color: #d9e0e7; padding: 6px; margin: 4px; border: 1px solid #8da1b4; border-radius: 5px; line-height: 60%"><p style="margin-bottom: 0px"/><p style="margin-bottom: 0px">Profile: <a href="StructureDefinition-us-core-servicerequest.html">US Core ServiceRequest Profileversion: null8.0.0)</a></p></div><p><b>status</b>: Active</p><p><b>intent</b>: Order</p><p><b>category</b>: <span title="Codes:{http://snomed.info/sct 386053000}">Clinical Test Order</span></p><p><b>code</b>: <span title="Codes:{http://loinc.org 45033-8}">Cardiovascular physiologic and EKG assessment panel</span></p><p><b>subject</b>: <a href="Patient-example.html">Amy Shaw</a></p><p><b>encounter</b>: <a href="Encounter-example-1.html">office visit</a></p><p><b>authoredOn</b>: 2024-10-13 10:59:38-0800</p><p><b>requester</b>: <a href="Practitioner-practitioner-1.html">Practitioner Ronald Bone </a></p><p><b>reasonCode</b>: <span title="Codes:{http://snomed.info/sct 698247007}">Cardiac arrhythmia</span></p></div>
  </text>
  <status value="active"/>
  <intent value="order"/>
  <category>
    <coding>
      <system value="http://snomed.info/sct"/>
      <version value="http://snomed.info/sct/731000124108"/>
      <code value="386053000"/>
      <display value="Evaluation procedure (procedure)"/>
    </coding>
    <text value="Clinical Test Order"/>
  </category>
  <code>
    <coding>
      <system value="http://loinc.org"/>
      <code value="45033-8"/>
      <display value="Cardiovascular physiologic and EKG assessment panel"/>
    </coding>
    <text value="Cardiovascular physiologic and EKG assessment panel"/>
  </code>
  <subject>
    <reference value="Patient/example"/>
    <display value="Amy Shaw"/>
  </subject>
  <encounter>
    <reference value="Encounter/example-1"/>
    <display value="office visit"/>
  </encounter>
  <authoredOn value="2024-10-13T10:59:38-08:00"/>
  <requester>
    <reference value="Practitioner/practitioner-1"/>
  </requester>
  <reasonCode>
    <coding>
      <system value="http://snomed.info/sct"/>
      <version value="http://snomed.info/sct/731000124108"/>
      <code value="698247007"/>
      <display value="Cardiac arrhythmia (disorder)"/>
    </coding>
    <text value="Cardiac arrhythmia"/>
  </reasonCode>
</ServiceRequest>