<?xml version="1.0" encoding="UTF-8"?>

<ServiceRequest xmlns="http://hl7.org/fhir">
  <id value="cbc"/>
  <meta>
    <profile value="http://hl7.org/fhir/us/core/StructureDefinition/us-core-servicerequest|8.0.0"/>
  </meta>
  <text>
    <status value="generated"/><div xmlns="http://www.w3.org/1999/xhtml"><p class="res-header-id"><b>Generated Narrative: ServiceRequest cbc</b></p><a name="cbc"> </a><a name="hccbc"> </a><a name="cbc-en-US"> </a><div style="display: inline-block; background-color: #d9e0e7; padding: 6px; margin: 4px; border: 1px solid #8da1b4; border-radius: 5px; line-height: 60%"><p style="margin-bottom: 0px"/><p style="margin-bottom: 0px">Profile: <a href="StructureDefinition-us-core-servicerequest.html">US Core ServiceRequest Profileversion: null8.0.0)</a></p></div><p><b>status</b>: Active</p><p><b>intent</b>: Order</p><p><b>category</b>: <span title="Codes:{http://snomed.info/sct 108252007}">Laboratory Order</span></p><p><b>code</b>: <span title="Codes:{http://loinc.org 58410-2}">CBC</span></p><p><b>subject</b>: <a href="Patient-example.html">Amy Shaw</a></p><p><b>encounter</b>: <a href="Encounter-example-1.html">Office Visit</a></p><p><b>authoredOn</b>: 2024-10-13 10:59:38-0800</p><p><b>requester</b>: <a href="Practitioner-practitioner-1.html">Practitioner Ronald Bone </a></p><p><b>reasonCode</b>: <span title="Codes:{http://snomed.info/sct 234360003}">Vegan's anemia</span></p></div>
  </text>
  <status value="active"/>
  <intent value="order"/>
  <category>
    <coding>
      <system value="http://snomed.info/sct"/>
      <version value="http://snomed.info/sct/731000124108"/>
      <code value="108252007"/>
      <display value="Laboratory procedure (procedure)"/>
    </coding>
    <text value="Laboratory Order"/>
  </category>
  <code>
    <coding>
      <system value="http://loinc.org"/>
      <code value="58410-2"/>
      <display value="CBC panel - Blood by Automated count"/>
    </coding>
    <text value="CBC"/>
  </code>
  <subject>
    <reference value="Patient/example"/>
    <display value="Amy Shaw"/>
  </subject>
  <encounter>
    <reference value="Encounter/example-1"/>
    <display value="Office Visit"/>
  </encounter>
  <authoredOn value="2024-10-13T10:59:38-08:00"/>
  <requester>
    <reference value="Practitioner/practitioner-1"/>
  </requester>
  <reasonCode>
    <coding>
      <system value="http://snomed.info/sct"/>
      <version value="http://snomed.info/sct/731000124108"/>
      <code value="234360003"/>
      <display value="Vegan's anemia (disorder)"/>
    </coding>
    <text value="Vegan's anemia"/>
  </reasonCode>
</ServiceRequest>