<?xml version="1.0" encoding="UTF-8"?>

<Specimen xmlns="http://hl7.org/fhir">
  <id value="specimen-example-whole-blood"/>
  <meta>
    <profile value="http://hl7.org/fhir/us/core/StructureDefinition/us-core-specimen|8.0.0"/>
  </meta>
  <text>
    <status value="generated"/><div xmlns="http://www.w3.org/1999/xhtml"><p class="res-header-id"><b>Generated Narrative: Specimen specimen-example-whole-blood</b></p><a name="specimen-example-whole-blood"> </a><a name="hcspecimen-example-whole-blood"> </a><a name="specimen-example-whole-blood-en-US"> </a><div style="display: inline-block; background-color: #d9e0e7; padding: 6px; margin: 4px; border: 1px solid #8da1b4; border-radius: 5px; line-height: 60%"><p style="margin-bottom: 0px"/><p style="margin-bottom: 0px">Profile: <a href="StructureDefinition-us-core-specimen.html">US Core Specimen Profileversion: null8.0.0)</a></p></div><p><b>accessionIdentifier</b>: <code>http://acme.com/labs/accession-ids</code>/20220927-00126</p><p><b>type</b>: <span title="Codes:{http://snomed.info/sct 258580003}, {http://terminology.hl7.org/CodeSystem/v2-0487 WB}">Whole blood specimen</span></p><p><b>subject</b>: <a href="Patient-example.html">Amy V. Baxter  (no stated gender), DoB: 1987-02-20 ( Medical Record Number: 1032702 (use: usual, ))</a></p><h3>Collections</h3><table class="grid"><tr><td style="display: none">-</td><td><b>Collected[x]</b></td></tr><tr><td style="display: none">*</td><td>2022-09-27 18:07:12+0000</td></tr></table><h3>Containers</h3><table class="grid"><tr><td style="display: none">-</td><td><b>Type</b></td></tr><tr><td style="display: none">*</td><td><span title="Codes:">Lavender Top Tube</span></td></tr></table></div>
  </text>
  <accessionIdentifier>
    <system value="http://acme.com/labs/accession-ids"/>
    <value value="20220927-00126"/>
  </accessionIdentifier>
  <type>
    <coding>
      <system value="http://snomed.info/sct"/>
      <version value="http://snomed.info/sct/731000124108"/>
      <code value="258580003"/>
      <display value="Whole blood specimen"/>
    </coding>
    <coding>
      <system value="http://terminology.hl7.org/CodeSystem/v2-0487"/>
      <code value="WB"/>
      <display value="Blood, Whole"/>
    </coding>
  </type>
  <subject>
    <reference value="Patient/example"/>
  </subject>
  <collection>
    <collectedDateTime value="2022-09-27T18:07:12Z"/>
  </collection>
  <container>
    <type>
      <text value="Lavender Top Tube"/>
    </type>
  </container>
</Specimen>