{
  "resourceType": "HealthcareService",
  "id": "PharmChainCompService",
  "meta": {
    "lastUpdated": "2020-07-07T13:26:22.0314215+00:00",
    "profile": [
      "http://hl7.org/fhir/us/davinci-pdex-plan-net/StructureDefinition/plannet-HealthcareService"
    ]
  },
  "language": "en-US",
  "text": {
    "status": "extensions",
    "div": "<div xmlns=\"http://www.w3.org/1999/xhtml\" xml:lang=\"en-US\" lang=\"en-US\"><p><b>Generated Narrative</b></p><div style=\"display: inline-block; background-color: #d9e0e7; padding: 6px; margin: 4px; border: 1px solid #8da1b4; border-radius: 5px; line-height: 60%\"><p style=\"margin-bottom: 0px\">Resource \"PharmChainCompService\" Updated \"2020-07-07 01:26:22+0000\"  (Language \"en-US\") </p><p style=\"margin-bottom: 0px\">Profile: <a href=\"StructureDefinition-plannet-HealthcareService.html\">Plan-Net HealthcareService</a></p></div><blockquote><p><b>Delivery Method</b></p><p><b>value</b>: Physical <span style=\"background: LightGoldenRodYellow; margin: 4px; border: 1px solid khaki\"> (<a href=\"CodeSystem-DeliveryMethodCS.html\">Delivery Methods</a>#physical)</span></p></blockquote><p><b>active</b>: true</p><p><b>providedBy</b>: <a href=\"Organization-PharmChain.html\">Organization/PharmChain</a> \"Pharm Chain\"</p><p><b>category</b>: Pharmacy <span style=\"background: LightGoldenRodYellow; margin: 4px; border: 1px solid khaki\"> (<a href=\"CodeSystem-HealthcareServiceCategoryCS.html\">Healthcare Service Category</a>#pharm)</span></p><p><b>specialty</b>: Compounding Pharmacy <span style=\"background: LightGoldenRodYellow; margin: 4px; border: 1px solid khaki\"> (provider-taxonomy#3336C0004X)</span></p><p><b>location</b>: <a href=\"Location-PharmLoc1.html\">Location/PharmLoc1</a> \"OrgA CT Location 1\"</p><p><b>name</b>: Compounding Pharmacy by OrgA</p><p><b>telecom</b>: -unknown-</p></div>"
  },
  "extension": [
    {
      "extension": [
        {
          "url": "type",
          "valueCodeableConcept": {
            "coding": [
              {
                "system": "http://hl7.org/fhir/us/davinci-pdex-plan-net/CodeSystem/DeliveryMethodCS",
                "code": "physical"
              }
            ]
          }
        }
      ],
      "url": "http://hl7.org/fhir/us/davinci-pdex-plan-net/StructureDefinition/delivery-method"
    }
  ],
  "active": true,
  "providedBy": {
    "reference": "Organization/PharmChain"
  },
  "category": [
    {
      "coding": [
        {
          "system": "http://hl7.org/fhir/us/davinci-pdex-plan-net/CodeSystem/HealthcareServiceCategoryCS",
          "code": "pharm",
          "display": "Pharmacy"
        }
      ]
    }
  ],
  "specialty": [
    {
      "coding": [
        {
          "system": "http://nucc.org/provider-taxonomy",
          "code": "3336C0004X",
          "display": "Compounding Pharmacy"
        }
      ],
      "text": "Compounding Pharmacy"
    }
  ],
  "location": [
    {
      "reference": "Location/PharmLoc1"
    }
  ],
  "name": "Compounding Pharmacy by OrgA",
  "telecom": [
    {
      "extension": [
        {
          "url": "http://hl7.org/fhir/us/davinci-pdex-plan-net/StructureDefinition/via-intermediary",
          "valueReference": {
            "reference": "Location/PharmLoc1"
          }
        }
      ]
    }
  ]
}