{
  "resourceType": "HealthcareService",
  "id": "PharmChainRetailService",
  "meta": {
    "lastUpdated": "2020-07-07T13:26:22.0314215+00:00",
    "profile": [
      "http://hl7.org/fhir/us/davinci-pdex-plan-net/StructureDefinition/plannet-HealthcareService"
    ]
  },
  "language": "en-US",
  "text": {
    "status": "extensions",
    "div": "<div xmlns=\"http://www.w3.org/1999/xhtml\" xml:lang=\"en-US\" lang=\"en-US\"><p><b>Generated Narrative</b></p><div style=\"display: inline-block; background-color: #d9e0e7; padding: 6px; margin: 4px; border: 1px solid #8da1b4; border-radius: 5px; line-height: 60%\"><p style=\"margin-bottom: 0px\">Resource \"PharmChainRetailService\" Updated \"2020-07-07 01:26:22+0000\"  (Language \"en-US\") </p><p style=\"margin-bottom: 0px\">Profile: <a href=\"StructureDefinition-plannet-HealthcareService.html\">Plan-Net HealthcareService</a></p></div><blockquote><p><b>Delivery Method</b></p><p><b>value</b>: Physical <span style=\"background: LightGoldenRodYellow; margin: 4px; border: 1px solid khaki\"> (<a href=\"CodeSystem-DeliveryMethodCS.html\">Delivery Methods</a>#physical)</span></p></blockquote><blockquote><p><b>New Patients</b></p><p><b>value</b>: Accepting existing patients <span style=\"background: LightGoldenRodYellow; margin: 4px; border: 1px solid khaki\"> (<a href=\"CodeSystem-AcceptingPatientsCS.html\">Accepting Patients Codes</a>#existptonly)</span></p><p><b>value</b>: <a href=\"Organization-AcmeofCTStdNet.html\">Organization/AcmeofCTStdNet</a> \"ACME CT Preferred Provider Network\"</p></blockquote><p><b>active</b>: true</p><p><b>providedBy</b>: <a href=\"Organization-PharmChain.html\">Organization/PharmChain</a> \"Pharm Chain\"</p><p><b>category</b>: Pharmacy <span style=\"background: LightGoldenRodYellow; margin: 4px; border: 1px solid khaki\"> (<a href=\"CodeSystem-HealthcareServiceCategoryCS.html\">Healthcare Service Category</a>#pharm)</span></p><p><b>specialty</b>: Community/Retail Pharmacy <span style=\"background: LightGoldenRodYellow; margin: 4px; border: 1px solid khaki\"> (provider-taxonomy#3336C0003X)</span></p><p><b>location</b>: </p><ul><li><a href=\"Location-PharmLoc1.html\">Location/PharmLoc1</a> \"OrgA CT Location 1\"</li><li><a href=\"Location-PharmLoc2.html\">Location/PharmLoc2</a> \"OrgA CT Location 2\"</li><li><a href=\"Location-PharmLoc3.html\">Location/PharmLoc3</a> \"OrgA MA Location 1\"</li><li><a href=\"Location-PharmLoc4.html\">Location/PharmLoc4</a> \"OrgA MA Location 2\"</li></ul><p><b>name</b>: Pharmacy by PharmChain</p><p><b>telecom</b>: -unknown-</p></div>"
  },
  "extension": [
    {
      "extension": [
        {
          "url": "type",
          "valueCodeableConcept": {
            "coding": [
              {
                "system": "http://hl7.org/fhir/us/davinci-pdex-plan-net/CodeSystem/DeliveryMethodCS",
                "code": "physical"
              }
            ]
          }
        }
      ],
      "url": "http://hl7.org/fhir/us/davinci-pdex-plan-net/StructureDefinition/delivery-method"
    },
    {
      "extension": [
        {
          "url": "acceptingPatients",
          "valueCodeableConcept": {
            "coding": [
              {
                "system": "http://hl7.org/fhir/us/davinci-pdex-plan-net/CodeSystem/AcceptingPatientsCS",
                "code": "existptonly"
              }
            ]
          }
        },
        {
          "url": "fromNetwork",
          "valueReference": {
            "reference": "Organization/AcmeofCTStdNet"
          }
        }
      ],
      "url": "http://hl7.org/fhir/us/davinci-pdex-plan-net/StructureDefinition/newpatients"
    }
  ],
  "active": true,
  "providedBy": {
    "reference": "Organization/PharmChain"
  },
  "category": [
    {
      "coding": [
        {
          "system": "http://hl7.org/fhir/us/davinci-pdex-plan-net/CodeSystem/HealthcareServiceCategoryCS",
          "code": "pharm",
          "display": "Pharmacy"
        }
      ]
    }
  ],
  "specialty": [
    {
      "coding": [
        {
          "system": "http://nucc.org/provider-taxonomy",
          "code": "3336C0003X",
          "display": "Community/Retail Pharmacy"
        }
      ]
    }
  ],
  "location": [
    {
      "reference": "Location/PharmLoc1"
    },
    {
      "reference": "Location/PharmLoc2"
    },
    {
      "reference": "Location/PharmLoc3"
    },
    {
      "reference": "Location/PharmLoc4"
    }
  ],
  "name": "Pharmacy by PharmChain",
  "telecom": [
    {
      "extension": [
        {
          "url": "http://hl7.org/fhir/us/davinci-pdex-plan-net/StructureDefinition/via-intermediary",
          "valueReference": {
            "reference": "Organization/PharmChain"
          }
        }
      ]
    }
  ]
}