{
  "resourceType": "HealthcareService",
  "id": "HartfordOrthopedicServices",
  "meta": {
    "lastUpdated": "2020-07-07T13:26:22.0314215+00:00",
    "profile": [
      "http://hl7.org/fhir/us/davinci-pdex-plan-net/StructureDefinition/plannet-HealthcareService"
    ]
  },
  "language": "en-US",
  "text": {
    "status": "extensions",
    "div": "<div xmlns=\"http://www.w3.org/1999/xhtml\" xml:lang=\"en-US\" lang=\"en-US\"><p><b>Generated Narrative</b></p><div style=\"display: inline-block; background-color: #d9e0e7; padding: 6px; margin: 4px; border: 1px solid #8da1b4; border-radius: 5px; line-height: 60%\"><p style=\"margin-bottom: 0px\">Resource \"HartfordOrthopedicServices\" Updated \"2020-07-07 01:26:22+0000\"  (Language \"en-US\") </p><p style=\"margin-bottom: 0px\">Profile: <a href=\"StructureDefinition-plannet-HealthcareService.html\">Plan-Net HealthcareService</a></p></div><blockquote><p><b>Delivery Method</b></p><p><b>value</b>: Physical <span style=\"background: LightGoldenRodYellow; margin: 4px; border: 1px solid khaki\"> (<a href=\"CodeSystem-DeliveryMethodCS.html\">Delivery Methods</a>#physical)</span></p></blockquote><p><b>active</b>: true</p><p><b>providedBy</b>: <a href=\"Organization-HartfordOrthopedics.html\">Organization/HartfordOrthopedics</a> \"Hartford Orthopedics Services\"</p><p><b>category</b>: Medical Provider <span style=\"background: LightGoldenRodYellow; margin: 4px; border: 1px solid khaki\"> (<a href=\"CodeSystem-HealthcareServiceCategoryCS.html\">Healthcare Service Category</a>#prov)</span></p><p><b>specialty</b>: Orthopaedic Surgery Physician <span style=\"background: LightGoldenRodYellow; margin: 4px; border: 1px solid khaki\"> (provider-taxonomy#207X00000X)</span></p><p><b>location</b>: </p><ul><li><a href=\"Location-HospLoc1.html\">Location/HospLoc1</a> \"Hartford Hospital Location 1\"</li><li><a href=\"Location-HospLoc2.html\">Location/HospLoc2</a> \"Hartford Hospital Location 2\"</li></ul></div>"
  },
  "extension": [
    {
      "extension": [
        {
          "url": "type",
          "valueCodeableConcept": {
            "coding": [
              {
                "system": "http://hl7.org/fhir/us/davinci-pdex-plan-net/CodeSystem/DeliveryMethodCS",
                "code": "physical"
              }
            ]
          }
        }
      ],
      "url": "http://hl7.org/fhir/us/davinci-pdex-plan-net/StructureDefinition/delivery-method"
    }
  ],
  "active": true,
  "providedBy": {
    "reference": "Organization/HartfordOrthopedics"
  },
  "category": [
    {
      "coding": [
        {
          "system": "http://hl7.org/fhir/us/davinci-pdex-plan-net/CodeSystem/HealthcareServiceCategoryCS",
          "code": "prov"
        }
      ]
    }
  ],
  "specialty": [
    {
      "coding": [
        {
          "system": "http://nucc.org/provider-taxonomy",
          "code": "207X00000X",
          "display": "Orthopaedic Surgery Physician"
        }
      ]
    }
  ],
  "location": [
    {
      "reference": "Location/HospLoc1"
    },
    {
      "reference": "Location/HospLoc2"
    }
  ]
}