{
  "resourceType": "HealthcareService",
  "id": "VirtualCounselService",
  "meta": {
    "lastUpdated": "2020-07-07T13:26:22.0314215+00:00",
    "profile": [
      "http://hl7.org/fhir/us/davinci-pdex-plan-net/StructureDefinition/plannet-HealthcareService"
    ]
  },
  "language": "en-US",
  "text": {
    "status": "extensions",
    "div": "<div xmlns=\"http://www.w3.org/1999/xhtml\" xml:lang=\"en-US\" lang=\"en-US\"><p><b>Generated Narrative</b></p><div style=\"display: inline-block; background-color: #d9e0e7; padding: 6px; margin: 4px; border: 1px solid #8da1b4; border-radius: 5px; line-height: 60%\"><p style=\"margin-bottom: 0px\">Resource \"VirtualCounselService\" Updated \"2020-07-07 01:26:22+0000\"  (Language \"en-US\") </p><p style=\"margin-bottom: 0px\">Profile: <a href=\"StructureDefinition-plannet-HealthcareService.html\">Plan-Net HealthcareService</a></p></div><blockquote><p><b>Delivery Method</b></p><p><b>value</b>: Virtual <span style=\"background: LightGoldenRodYellow; margin: 4px; border: 1px solid khaki\"> (<a href=\"CodeSystem-DeliveryMethodCS.html\">Delivery Methods</a>#virtual)</span></p><p><b>value</b>: Website <span style=\"background: LightGoldenRodYellow; margin: 4px; border: 1px solid khaki\"> (<a href=\"CodeSystem-VirtualModalitiesCS.html\">Virtual Modalities</a>#web)</span></p><p><b>value</b>: App <span style=\"background: LightGoldenRodYellow; margin: 4px; border: 1px solid khaki\"> (<a href=\"CodeSystem-VirtualModalitiesCS.html\">Virtual Modalities</a>#app)</span></p><p><b>value</b>: TDD <span style=\"background: LightGoldenRodYellow; margin: 4px; border: 1px solid khaki\"> (<a href=\"CodeSystem-VirtualModalitiesCS.html\">Virtual Modalities</a>#tdd)</span></p><p><b>value</b>: phone <span style=\"background: LightGoldenRodYellow; margin: 4px; border: 1px solid khaki\"> (<a href=\"CodeSystem-VirtualModalitiesCS.html\">Virtual Modalities</a>#phone)</span></p></blockquote><p><b>active</b>: true</p><p><b>category</b>: Medical Provider <span style=\"background: LightGoldenRodYellow; margin: 4px; border: 1px solid khaki\"> (<a href=\"CodeSystem-HealthcareServiceCategoryCS.html\">Healthcare Service Category</a>#prov)</span></p><p><b>specialty</b>: Professional Counselor <span style=\"background: LightGoldenRodYellow; margin: 4px; border: 1px solid khaki\"> (provider-taxonomy#101YP2500X)</span></p></div>"
  },
  "extension": [
    {
      "extension": [
        {
          "url": "type",
          "valueCodeableConcept": {
            "coding": [
              {
                "system": "http://hl7.org/fhir/us/davinci-pdex-plan-net/CodeSystem/DeliveryMethodCS",
                "code": "virtual"
              }
            ]
          }
        },
        {
          "url": "virtualModalities",
          "valueCodeableConcept": {
            "coding": [
              {
                "system": "http://hl7.org/fhir/us/davinci-pdex-plan-net/CodeSystem/VirtualModalitiesCS",
                "code": "web"
              }
            ]
          }
        },
        {
          "url": "virtualModalities",
          "valueCodeableConcept": {
            "coding": [
              {
                "system": "http://hl7.org/fhir/us/davinci-pdex-plan-net/CodeSystem/VirtualModalitiesCS",
                "code": "app"
              }
            ]
          }
        },
        {
          "url": "virtualModalities",
          "valueCodeableConcept": {
            "coding": [
              {
                "system": "http://hl7.org/fhir/us/davinci-pdex-plan-net/CodeSystem/VirtualModalitiesCS",
                "code": "tdd"
              }
            ]
          }
        },
        {
          "url": "virtualModalities",
          "valueCodeableConcept": {
            "coding": [
              {
                "system": "http://hl7.org/fhir/us/davinci-pdex-plan-net/CodeSystem/VirtualModalitiesCS",
                "code": "phone"
              }
            ]
          }
        }
      ],
      "url": "http://hl7.org/fhir/us/davinci-pdex-plan-net/StructureDefinition/delivery-method"
    }
  ],
  "active": true,
  "category": [
    {
      "coding": [
        {
          "system": "http://hl7.org/fhir/us/davinci-pdex-plan-net/CodeSystem/HealthcareServiceCategoryCS",
          "code": "prov",
          "display": "Medical Provider"
        }
      ]
    }
  ],
  "specialty": [
    {
      "coding": [
        {
          "system": "http://nucc.org/provider-taxonomy",
          "code": "101YP2500X",
          "display": "Professional Counselor"
        }
      ]
    }
  ]
}