{
  "resourceType": "Location",
  "id": "HospLoc1",
  "meta": {
    "lastUpdated": "2020-07-07T13:26:22.0314215+00:00",
    "profile": [
      "http://hl7.org/fhir/us/davinci-pdex-plan-net/StructureDefinition/plannet-Location"
    ]
  },
  "language": "en-US",
  "text": {
    "status": "extensions",
    "div": "<div xmlns=\"http://www.w3.org/1999/xhtml\" xml:lang=\"en-US\" lang=\"en-US\"><p><b>Generated Narrative</b></p><div style=\"display: inline-block; background-color: #d9e0e7; padding: 6px; margin: 4px; border: 1px solid #8da1b4; border-radius: 5px; line-height: 60%\"><p style=\"margin-bottom: 0px\">Resource \"HospLoc1\" Updated \"2020-07-07 01:26:22+0000\"  (Language \"en-US\") </p><p style=\"margin-bottom: 0px\">Profile: <a href=\"StructureDefinition-plannet-Location.html\">Plan-Net Location</a></p></div><p><b>Accessibility</b>: ADA compliant <span style=\"background: LightGoldenRodYellow; margin: 4px; border: 1px solid khaki\"> (<a href=\"CodeSystem-AccessibilityCS.html\">Accessibility CS</a>#adacomp)</span></p><p><b>Accessibility</b>: public transit options <span style=\"background: LightGoldenRodYellow; margin: 4px; border: 1px solid khaki\"> (<a href=\"CodeSystem-AccessibilityCS.html\">Accessibility CS</a>#pubtrans)</span></p><p><b>status</b>: active</p><p><b>name</b>: Hartford Hospital Location 1</p><p><b>type</b>: Hospital <span style=\"background: LightGoldenRodYellow; margin: 4px; border: 1px solid khaki\"> (<a href=\"http://terminology.hl7.org/3.1.0/CodeSystem-v3-RoleCode.html\">RoleCode</a>#HOSP)</span></p><p><b>telecom</b>: ph: (111)-222-3333, <a href=\"https://www.hgh.com\">https://www.hgh.com</a></p><p><b>address</b>: 456 Main Street Anytown CT 00014-1234 </p><h3>Positions</h3><table class=\"grid\"><tr><td>-</td><td><b>Longitude</b></td><td><b>Latitude</b></td></tr><tr><td>*</td><td>3</td><td>15</td></tr></table><p><b>managingOrganization</b>: <a href=\"Organization-Hospital.html\">Organization/Hospital</a> \"Hartford General Hospital\"</p><h3>HoursOfOperations</h3><table class=\"grid\"><tr><td>-</td><td><b>DaysOfWeek</b></td><td><b>AllDay</b></td></tr><tr><td>*</td><td>mon, tue, wed, thu, fri, sat, sun</td><td>true</td></tr></table></div>"
  },
  "extension": [
    {
      "url": "http://hl7.org/fhir/us/davinci-pdex-plan-net/StructureDefinition/accessibility",
      "valueCodeableConcept": {
        "coding": [
          {
            "system": "http://hl7.org/fhir/us/davinci-pdex-plan-net/CodeSystem/AccessibilityCS",
            "code": "adacomp"
          }
        ]
      }
    },
    {
      "url": "http://hl7.org/fhir/us/davinci-pdex-plan-net/StructureDefinition/accessibility",
      "valueCodeableConcept": {
        "coding": [
          {
            "system": "http://hl7.org/fhir/us/davinci-pdex-plan-net/CodeSystem/AccessibilityCS",
            "code": "pubtrans"
          }
        ]
      }
    }
  ],
  "status": "active",
  "name": "Hartford Hospital Location 1",
  "type": [
    {
      "coding": [
        {
          "system": "http://terminology.hl7.org/CodeSystem/v3-RoleCode",
          "code": "HOSP"
        }
      ]
    }
  ],
  "telecom": [
    {
      "extension": [
        {
          "extension": [
            {
              "url": "daysOfWeek",
              "valueCode": "mon"
            },
            {
              "url": "daysOfWeek",
              "valueCode": "tue"
            },
            {
              "url": "daysOfWeek",
              "valueCode": "wed"
            },
            {
              "url": "daysOfWeek",
              "valueCode": "thu"
            },
            {
              "url": "daysOfWeek",
              "valueCode": "fri"
            },
            {
              "url": "allDay",
              "valueBoolean": true
            },
            {
              "url": "daysOfWeek",
              "valueCode": "sat"
            },
            {
              "url": "daysOfWeek",
              "valueCode": "sun"
            }
          ],
          "url": "http://hl7.org/fhir/us/davinci-pdex-plan-net/StructureDefinition/contactpoint-availabletime"
        }
      ],
      "system": "phone",
      "value": "(111)-222-3333",
      "rank": 2
    },
    {
      "system": "url",
      "value": "https://www.hgh.com",
      "rank": 1
    }
  ],
  "address": {
    "line": [
      "456 Main Street"
    ],
    "city": "Anytown",
    "state": "CT",
    "postalCode": "00014-1234"
  },
  "position": {
    "longitude": 3,
    "latitude": 15
  },
  "managingOrganization": {
    "reference": "Organization/Hospital"
  },
  "hoursOfOperation": [
    {
      "daysOfWeek": [
        "mon",
        "tue",
        "wed",
        "thu",
        "fri",
        "sat",
        "sun"
      ],
      "allDay": true
    }
  ]
}