{
  "resourceType": "OrganizationAffiliation",
  "id": "HartfordOrthopedicAffil",
  "meta": {
    "lastUpdated": "2020-07-07T13:26:22.0314215+00:00",
    "profile": [
      "http://hl7.org/fhir/us/davinci-pdex-plan-net/StructureDefinition/plannet-OrganizationAffiliation"
    ]
  },
  "language": "en-US",
  "text": {
    "status": "generated",
    "div": "<div xmlns=\"http://www.w3.org/1999/xhtml\" xml:lang=\"en-US\" lang=\"en-US\"><p><b>Generated Narrative</b></p><div style=\"display: inline-block; background-color: #d9e0e7; padding: 6px; margin: 4px; border: 1px solid #8da1b4; border-radius: 5px; line-height: 60%\"><p style=\"margin-bottom: 0px\">Resource \"HartfordOrthopedicAffil\" Updated \"2020-07-07 01:26:22+0000\"  (Language \"en-US\") </p><p style=\"margin-bottom: 0px\">Profile: <a href=\"StructureDefinition-plannet-OrganizationAffiliation.html\">Plan-Net OrganizationAffiliation</a></p></div><p><b>active</b>: true</p><p><b>organization</b>: <a href=\"Organization-Hospital.html\">Organization/Hospital</a> \"Hartford General Hospital\"</p><p><b>participatingOrganization</b>: <a href=\"Organization-HartfordOrthopedics.html\">Organization/HartfordOrthopedics</a> \"Hartford Orthopedics Services\"</p><p><b>network</b>: <a href=\"Organization-AcmeofCTStdNet.html\">Organization/AcmeofCTStdNet</a> \"ACME CT Preferred Provider Network\"</p><p><b>code</b>: Provider <span style=\"background: LightGoldenRodYellow; margin: 4px; border: 1px solid khaki\"> (<a href=\"http://hl7.org/fhir/R4/codesystem-organization-role.html\">Organization Affiliation Role</a>#provider)</span></p><p><b>location</b>: </p><ul><li><a href=\"Location-HospLoc1.html\">Location/HospLoc1</a> \"Hartford Hospital Location 1\"</li><li><a href=\"Location-HospLoc2.html\">Location/HospLoc2</a> \"Hartford Hospital Location 2\"</li></ul><p><b>healthcareService</b>: <a href=\"HealthcareService-HartfordOrthopedicServices.html\">HealthcareService/HartfordOrthopedicServices</a></p></div>"
  },
  "active": true,
  "organization": {
    "reference": "Organization/Hospital"
  },
  "participatingOrganization": {
    "reference": "Organization/HartfordOrthopedics"
  },
  "network": [
    {
      "reference": "Organization/AcmeofCTStdNet"
    }
  ],
  "code": [
    {
      "coding": [
        {
          "system": "http://hl7.org/fhir/organization-role",
          "code": "provider"
        }
      ]
    }
  ],
  "location": [
    {
      "reference": "Location/HospLoc1"
    },
    {
      "reference": "Location/HospLoc2"
    }
  ],
  "healthcareService": [
    {
      "reference": "HealthcareService/HartfordOrthopedicServices"
    }
  ]
}