{
  "resourceType": "OrganizationAffiliation",
  "id": "PharmChainAffil1",
  "meta": {
    "lastUpdated": "2020-07-07T13:26:22.0314215+00:00",
    "profile": [
      "http://hl7.org/fhir/us/davinci-pdex-plan-net/StructureDefinition/plannet-OrganizationAffiliation"
    ]
  },
  "language": "en-US",
  "text": {
    "status": "generated",
    "div": "<div xmlns=\"http://www.w3.org/1999/xhtml\" xml:lang=\"en-US\" lang=\"en-US\"><p><b>Generated Narrative</b></p><div style=\"display: inline-block; background-color: #d9e0e7; padding: 6px; margin: 4px; border: 1px solid #8da1b4; border-radius: 5px; line-height: 60%\"><p style=\"margin-bottom: 0px\">Resource \"PharmChainAffil1\" Updated \"2020-07-07 01:26:22+0000\"  (Language \"en-US\") </p><p style=\"margin-bottom: 0px\">Profile: <a href=\"StructureDefinition-plannet-OrganizationAffiliation.html\">Plan-Net OrganizationAffiliation</a></p></div><p><b>active</b>: true</p><p><b>participatingOrganization</b>: <a href=\"Organization-PharmChain.html\">Organization/PharmChain</a> \"Pharm Chain\"</p><p><b>network</b>: <a href=\"Organization-AcmeofCTStdNet.html\">Organization/AcmeofCTStdNet</a> \"ACME CT Preferred Provider Network\"</p><p><b>code</b>: Pharmacy <span style=\"background: LightGoldenRodYellow; margin: 4px; border: 1px solid khaki\"> (<a href=\"CodeSystem-OrganizationAffiliationRoleCS.html\">Organization Affiliation Role</a>#pharmacy)</span></p><p><b>specialty</b>: Community/Retail Pharmacy <span style=\"background: LightGoldenRodYellow; margin: 4px; border: 1px solid khaki\"> (provider-taxonomy#3336C0003X)</span></p><p><b>location</b>: </p><ul><li><a href=\"Location-PharmLoc1.html\">Location/PharmLoc1</a> \"OrgA CT Location 1\"</li><li><a href=\"Location-PharmLoc2.html\">Location/PharmLoc2</a> \"OrgA CT Location 2\"</li></ul><p><b>healthcareService</b>: <a href=\"HealthcareService-PharmChainRetailService.html\">HealthcareService/PharmChainRetailService</a> \"Pharmacy by PharmChain\"</p></div>"
  },
  "active": true,
  "participatingOrganization": {
    "reference": "Organization/PharmChain"
  },
  "network": [
    {
      "reference": "Organization/AcmeofCTStdNet"
    }
  ],
  "code": [
    {
      "coding": [
        {
          "system": "http://hl7.org/fhir/us/davinci-pdex-plan-net/CodeSystem/OrganizationAffiliationRoleCS",
          "code": "pharmacy"
        }
      ]
    }
  ],
  "specialty": [
    {
      "coding": [
        {
          "system": "http://nucc.org/provider-taxonomy",
          "code": "3336C0003X",
          "display": "Community/Retail Pharmacy"
        }
      ]
    }
  ],
  "location": [
    {
      "reference": "Location/PharmLoc1"
    },
    {
      "reference": "Location/PharmLoc2"
    }
  ],
  "healthcareService": [
    {
      "reference": "HealthcareService/PharmChainRetailService"
    }
  ]
}