{
  "resourceType": "Organization",
  "id": "Acme",
  "meta": {
    "lastUpdated": "2020-07-07T13:26:22.0314215+00:00",
    "profile": [
      "http://hl7.org/fhir/us/davinci-pdex-plan-net/StructureDefinition/plannet-Organization"
    ]
  },
  "language": "en-US",
  "text": {
    "status": "extensions",
    "div": "<div xmlns=\"http://www.w3.org/1999/xhtml\" xml:lang=\"en-US\" lang=\"en-US\"><p><b>Generated Narrative</b></p><div style=\"display: inline-block; background-color: #d9e0e7; padding: 6px; margin: 4px; border: 1px solid #8da1b4; border-radius: 5px; line-height: 60%\"><p style=\"margin-bottom: 0px\">Resource \"Acme\" Updated \"2020-07-07 01:26:22+0000\"  (Language \"en-US\") </p><p style=\"margin-bottom: 0px\">Profile: <a href=\"StructureDefinition-plannet-Organization.html\">Plan-Net Organization</a></p></div><p><b>Org Description</b>: Acme of CT is a leading provider of health and other insurance products.</p><p><b>active</b>: true</p><p><b>type</b>: Payer <span style=\"background: LightGoldenRodYellow; margin: 4px; border: 1px solid khaki\"> (<a href=\"CodeSystem-OrgTypeCS.html\">Organization Type</a>#payer)</span></p><p><b>name</b>: Acme of CT</p><p><b>telecom</b>: ph: (111)-222-3333, <a href=\"https://www.acmeofct.com\">https://www.acmeofct.com</a></p><p><b>address</b>: 456 Main Street Norwalk CT 00014-1234 </p></div>"
  },
  "extension": [
    {
      "url": "http://hl7.org/fhir/us/davinci-pdex-plan-net/StructureDefinition/org-description",
      "valueString": "Acme of CT is a leading provider of health and other insurance products."
    }
  ],
  "active": true,
  "type": [
    {
      "coding": [
        {
          "system": "http://hl7.org/fhir/us/davinci-pdex-plan-net/CodeSystem/OrgTypeCS",
          "code": "payer",
          "display": "Payer"
        }
      ]
    }
  ],
  "name": "Acme of CT",
  "telecom": [
    {
      "extension": [
        {
          "extension": [
            {
              "url": "daysOfWeek",
              "valueCode": "mon"
            },
            {
              "url": "daysOfWeek",
              "valueCode": "tue"
            },
            {
              "url": "daysOfWeek",
              "valueCode": "wed"
            },
            {
              "url": "daysOfWeek",
              "valueCode": "thu"
            },
            {
              "url": "daysOfWeek",
              "valueCode": "fri"
            },
            {
              "url": "availableStartTime",
              "valueTime": "08:00:00"
            },
            {
              "url": "availableEndTime",
              "valueTime": "17:00:00"
            }
          ],
          "url": "http://hl7.org/fhir/us/davinci-pdex-plan-net/StructureDefinition/contactpoint-availabletime"
        }
      ],
      "system": "phone",
      "value": "(111)-222-3333",
      "rank": 2
    },
    {
      "system": "url",
      "value": "https://www.acmeofct.com",
      "rank": 1
    }
  ],
  "address": [
    {
      "line": [
        "456 Main Street"
      ],
      "city": "Norwalk",
      "state": "CT",
      "postalCode": "00014-1234"
    }
  ]
}