{
  "resourceType": "PractitionerRole",
  "id": "HansSoloRole1",
  "meta": {
    "lastUpdated": "2020-07-07T13:26:22.0314215+00:00",
    "profile": [
      "http://hl7.org/fhir/us/davinci-pdex-plan-net/StructureDefinition/plannet-PractitionerRole"
    ]
  },
  "language": "en-US",
  "text": {
    "status": "extensions",
    "div": "<div xmlns=\"http://www.w3.org/1999/xhtml\" xml:lang=\"en-US\" lang=\"en-US\"><p><b>Generated Narrative</b></p><div style=\"display: inline-block; background-color: #d9e0e7; padding: 6px; margin: 4px; border: 1px solid #8da1b4; border-radius: 5px; line-height: 60%\"><p style=\"margin-bottom: 0px\">Resource \"HansSoloRole1\" Updated \"2020-07-07 01:26:22+0000\"  (Language \"en-US\") </p><p style=\"margin-bottom: 0px\">Profile: <a href=\"StructureDefinition-plannet-PractitionerRole.html\">Plan-Net PractitionerRole</a></p></div><p><b>Network Reference</b>: <a href=\"Organization-AcmeofCTStdNet.html\">Organization/AcmeofCTStdNet</a> \"ACME CT Preferred Provider Network\"</p><blockquote><p><b>Qualification</b></p><p><b>value</b>: Internal Medicine Physician <span style=\"background: LightGoldenRodYellow; margin: 4px; border: 1px solid khaki\"> (provider-taxonomy#207R00000X)</span></p><p><b>value</b>: active</p><p><b>value</b>: <span>: American Board of Internal Medicine</span></p></blockquote><p><b>active</b>: true</p><p><b>practitioner</b>: <a href=\"Practitioner-HansSolo.html\">Practitioner/HansSolo</a> \" SOLO\"</p><p><b>code</b>: Physician <span style=\"background: LightGoldenRodYellow; margin: 4px; border: 1px solid khaki\"> (<a href=\"CodeSystem-ProviderRoleCS.html\">Provider Role Codes</a>#ph)</span></p><p><b>specialty</b>: Internal Medicine Physician <span style=\"background: LightGoldenRodYellow; margin: 4px; border: 1px solid khaki\"> (provider-taxonomy#207R00000X)</span></p><p><b>location</b>: <a href=\"Location-HansSoloClinic.html\">Location/HansSoloClinic</a> \"OrgA CT Location 1\"</p><p><b>healthcareService</b>: <a href=\"HealthcareService-HansSoloService.html\">HealthcareService/HansSoloService</a></p></div>"
  },
  "extension": [
    {
      "url": "http://hl7.org/fhir/us/davinci-pdex-plan-net/StructureDefinition/network-reference",
      "valueReference": {
        "reference": "Organization/AcmeofCTStdNet"
      }
    },
    {
      "extension": [
        {
          "url": "code",
          "valueCodeableConcept": {
            "coding": [
              {
                "system": "http://nucc.org/provider-taxonomy",
                "code": "207R00000X"
              }
            ]
          }
        },
        {
          "url": "status",
          "valueCode": "active"
        },
        {
          "url": "issuer",
          "valueReference": {
            "display": "American Board of Internal Medicine"
          }
        }
      ],
      "url": "http://hl7.org/fhir/us/davinci-pdex-plan-net/StructureDefinition/qualification"
    }
  ],
  "active": true,
  "practitioner": {
    "reference": "Practitioner/HansSolo"
  },
  "code": [
    {
      "coding": [
        {
          "system": "http://hl7.org/fhir/us/davinci-pdex-plan-net/CodeSystem/ProviderRoleCS",
          "code": "ph"
        }
      ]
    }
  ],
  "specialty": [
    {
      "coding": [
        {
          "system": "http://nucc.org/provider-taxonomy",
          "code": "207R00000X",
          "display": "Internal Medicine Physician"
        }
      ]
    }
  ],
  "location": [
    {
      "reference": "Location/HansSoloClinic"
    }
  ],
  "healthcareService": [
    {
      "reference": "HealthcareService/HansSoloService"
    }
  ]
}