{
  "resourceType": "Practitioner",
  "id": "Counselor",
  "meta": {
    "lastUpdated": "2020-07-07T13:26:22.0314215+00:00",
    "profile": [
      "http://hl7.org/fhir/us/davinci-pdex-plan-net/StructureDefinition/plannet-Practitioner"
    ]
  },
  "language": "en-US",
  "text": {
    "status": "extensions",
    "div": "<div xmlns=\"http://www.w3.org/1999/xhtml\" xml:lang=\"en-US\" lang=\"en-US\"><p><b>Generated Narrative</b></p><div style=\"display: inline-block; background-color: #d9e0e7; padding: 6px; margin: 4px; border: 1px solid #8da1b4; border-radius: 5px; line-height: 60%\"><p style=\"margin-bottom: 0px\">Resource \"Counselor\" Updated \"2020-07-07 01:26:22+0000\"  (Language \"en-US\") </p><p style=\"margin-bottom: 0px\">Profile: <a href=\"StructureDefinition-plannet-Practitioner.html\">Plan-Net Practitioner</a></p></div><p><b>Communication Proficiency</b>: General professional proficiency <span style=\"background: LightGoldenRodYellow; margin: 4px; border: 1px solid khaki\"> (<a href=\"CodeSystem-LanguageProficiencyCS.html\">Language Proficiency CS</a>#30)</span></p><p><b>identifier</b>: id: NPI3238</p><p><b>active</b>: true</p><p><b>name</b>: Susie Smith, LPC</p><h3>Qualifications</h3><table class=\"grid\"><tr><td>-</td><td><b>Extension</b></td><td><b>Code</b></td><td><b>Issuer</b></td></tr><tr><td>*</td><td></td><td>IL <span style=\"background: LightGoldenRodYellow; margin: 4px; border: 1px solid khaki\"> ([not stated] \"LPC\")</span></td><td><span>: State of Illinois</span></td></tr></table><p><b>communication</b>: Russian <span style=\"background: LightGoldenRodYellow; margin: 4px; border: 1px solid khaki\"> (<a href=\"http://terminology.hl7.org/3.1.0/CodeSystem-v3-ietf3066.html\">Tags for the Identification of Languages</a>#ru)</span></p></div>"
  },
  "extension": [
    {
      "url": "http://hl7.org/fhir/us/davinci-pdex-plan-net/StructureDefinition/communication-proficiency",
      "valueCodeableConcept": {
        "coding": [
          {
            "system": "http://hl7.org/fhir/us/davinci-pdex-plan-net/CodeSystem/LanguageProficiencyCS",
            "code": "30"
          }
        ]
      }
    }
  ],
  "identifier": [
    {
      "system": "http://hl7.org/fhir/sid/us-npi",
      "value": "NPI3238"
    }
  ],
  "active": true,
  "name": [
    {
      "text": "Susie Smith, LPC",
      "family": "Smith",
      "given": [
        "Susie"
      ]
    }
  ],
  "qualification": [
    {
      "extension": [
        {
          "extension": [
            {
              "url": "status",
              "valueCode": "active"
            },
            {
              "url": "whereValid",
              "valueCodeableConcept": {
                "coding": [
                  {
                    "system": "https://www.usps.com/",
                    "code": "IL"
                  }
                ]
              }
            }
          ],
          "url": "http://hl7.org/fhir/us/davinci-pdex-plan-net/StructureDefinition/practitioner-qualification"
        }
      ],
      "code": {
        "coding": [
          {
            "display": "LPC"
          }
        ],
        "text": "IL"
      },
      "issuer": {
        "display": "State of Illinois"
      }
    }
  ],
  "communication": [
    {
      "coding": [
        {
          "system": "urn:ietf:bcp:47",
          "code": "ru"
        }
      ]
    }
  ]
}