{
  "resourceType": "PractitionerRole",
  "id": "CounselorRole1",
  "meta": {
    "lastUpdated": "2020-07-07T13:26:22.0314215+00:00",
    "profile": [
      "http://hl7.org/fhir/us/davinci-pdex-plan-net/StructureDefinition/plannet-PractitionerRole"
    ]
  },
  "language": "en-US",
  "text": {
    "status": "extensions",
    "div": "<div xmlns=\"http://www.w3.org/1999/xhtml\" xml:lang=\"en-US\" lang=\"en-US\"><p><b>Generated Narrative</b></p><div style=\"display: inline-block; background-color: #d9e0e7; padding: 6px; margin: 4px; border: 1px solid #8da1b4; border-radius: 5px; line-height: 60%\"><p style=\"margin-bottom: 0px\">Resource \"CounselorRole1\" Updated \"2020-07-07 01:26:22+0000\"  (Language \"en-US\") </p><p style=\"margin-bottom: 0px\">Profile: <a href=\"StructureDefinition-plannet-PractitionerRole.html\">Plan-Net PractitionerRole</a></p></div><p><b>Network Reference</b>: <a href=\"Organization-AcmeofCTStdNet.html\">Organization/AcmeofCTStdNet</a> \"ACME CT Preferred Provider Network\"</p><p><b>active</b>: true</p><p><b>practitioner</b>: <a href=\"Practitioner-Counselor.html\">Practitioner/Counselor</a> \" SMITH\"</p><p><b>code</b>: Counselor <span style=\"background: LightGoldenRodYellow; margin: 4px; border: 1px solid khaki\"> (<a href=\"CodeSystem-ProviderRoleCS.html\">Provider Role Codes</a>#co)</span></p><p><b>specialty</b>: Professional Counselor <span style=\"background: LightGoldenRodYellow; margin: 4px; border: 1px solid khaki\"> (provider-taxonomy#101YP2500X)</span></p><p><b>healthcareService</b>: <a href=\"HealthcareService-VirtualCounselService.html\">HealthcareService/VirtualCounselService</a></p></div>"
  },
  "extension": [
    {
      "url": "http://hl7.org/fhir/us/davinci-pdex-plan-net/StructureDefinition/network-reference",
      "valueReference": {
        "reference": "Organization/AcmeofCTStdNet"
      }
    }
  ],
  "active": true,
  "practitioner": {
    "reference": "Practitioner/Counselor"
  },
  "code": [
    {
      "coding": [
        {
          "system": "http://hl7.org/fhir/us/davinci-pdex-plan-net/CodeSystem/ProviderRoleCS",
          "code": "co",
          "display": "Counselor"
        }
      ]
    }
  ],
  "specialty": [
    {
      "coding": [
        {
          "system": "http://nucc.org/provider-taxonomy",
          "code": "101YP2500X",
          "display": "Professional Counselor"
        }
      ]
    }
  ],
  "healthcareService": [
    {
      "reference": "HealthcareService/VirtualCounselService"
    }
  ]
}