{
  "resourceType": "SearchParameter",
  "id": "organizationaffiliation-service",
  "text": {
    "status": "generated",
    "div": "<div xmlns=\"http://www.w3.org/1999/xhtml\"><p><b>Generated Narrative</b></p><div style=\"display: inline-block; background-color: #d9e0e7; padding: 6px; margin: 4px; border: 1px solid #8da1b4; border-radius: 5px; line-height: 60%\"><p style=\"margin-bottom: 0px\">Resource \"organizationaffiliation-service\" </p></div><p><b>url</b>: <code>http://hl7.org/fhir/us/davinci-pdex-plan-net/SearchParameter/organizationaffiliation-service</code></p><p><b>version</b>: 1.1.0</p><p><b>name</b>: Plannet_sp_organizationaffiliation_service</p><p><b>derivedFrom</b>: <a href=\"http://hl7.org/fhir/SearchParameter/OrganizationAffiliation-service\">http://hl7.org/fhir/SearchParameter/OrganizationAffiliation-service</a></p><p><b>status</b>: active</p><p><b>date</b>: 2018-05-23 12:00:00+0000</p><p><b>publisher</b>: HL7 Financial Management Working Group</p><p><b>contact</b>: HL7 Financial Management Working Group: <a href=\"http://www.hl7.org/Special/committees/fm\">http://www.hl7.org/Special/committees/fm</a>,<a href=\"mailto:fm@lists.HL7.org\">fm@lists.HL7.org</a></p><p><b>description</b>: Select OrganizationAffiliations providing the specified service</p><p><b>jurisdiction</b>: United States of America <span style=\"background: LightGoldenRodYellow; margin: 4px; border: 1px solid khaki\"> (unknown#US)</span></p><p><b>code</b>: service</p><p><b>base</b>: OrganizationAffiliation</p><p><b>type</b>: reference</p><p><b>expression</b>: OrganizationAffiliation.healthcareService</p><p><b>target</b>: HealthcareService</p><p><b>multipleOr</b>: true</p><p><b>multipleAnd</b>: true</p><p><b>chain</b>: service-category, organization, location</p></div>"
  },
  "url": "http://hl7.org/fhir/us/davinci-pdex-plan-net/SearchParameter/organizationaffiliation-service",
  "version": "1.1.0",
  "name": "Plannet_sp_organizationaffiliation_service",
  "derivedFrom": "http://hl7.org/fhir/SearchParameter/OrganizationAffiliation-service",
  "status": "active",
  "date": "2018-05-23T00:00:00+00:00",
  "publisher": "HL7 Financial Management Working Group",
  "contact": [
    {
      "name": "HL7 Financial Management Working Group",
      "telecom": [
        {
          "system": "url",
          "value": "http://www.hl7.org/Special/committees/fm"
        },
        {
          "system": "email",
          "value": "fm@lists.HL7.org"
        }
      ]
    }
  ],
  "description": "Select OrganizationAffiliations providing the specified service",
  "jurisdiction": [
    {
      "coding": [
        {
          "system": "urn:iso:std:iso:3166",
          "code": "US"
        }
      ]
    }
  ],
  "code": "service",
  "base": [
    "OrganizationAffiliation"
  ],
  "type": "reference",
  "expression": "OrganizationAffiliation.healthcareService",
  "target": [
    "HealthcareService"
  ],
  "multipleOr": true,
  "multipleAnd": true,
  "chain": [
    "service-category",
    "organization",
    "location"
  ]
}