{
  "resourceType": "SearchParameter",
  "id": "insuranceplan-owned-by",
  "text": {
    "status": "generated",
    "div": "<div xmlns=\"http://www.w3.org/1999/xhtml\"><p><b>Generated Narrative</b></p><div style=\"display: inline-block; background-color: #d9e0e7; padding: 6px; margin: 4px; border: 1px solid #8da1b4; border-radius: 5px; line-height: 60%\"><p style=\"margin-bottom: 0px\">Resource \"insuranceplan-owned-by\" </p></div><p><b>url</b>: <code>http://hl7.org/fhir/us/davinci-pdex-plan-net/SearchParameter/insuranceplan-owned-by</code></p><p><b>version</b>: 1.1.0</p><p><b>name</b>: Plannet_sp_insuranceplan_owned_by</p><p><b>derivedFrom</b>: <a href=\"http://hl7.org/fhir/SearchParameter/InsurancePlan-owned-by\">http://hl7.org/fhir/SearchParameter/InsurancePlan-owned-by</a></p><p><b>status</b>: active</p><p><b>date</b>: 2018-05-23 12:00:00+0000</p><p><b>publisher</b>: HL7 Financial Management Working Group</p><p><b>contact</b>: HL7 Financial Management Working Group: <a href=\"http://www.hl7.org/Special/committees/fm\">http://www.hl7.org/Special/committees/fm</a>,<a href=\"mailto:fm@lists.HL7.org\">fm@lists.HL7.org</a></p><p><b>description</b>: Select products that are owned by the specified organization</p><p><b>jurisdiction</b>: United States of America <span style=\"background: LightGoldenRodYellow; margin: 4px; border: 1px solid khaki\"> (unknown#US)</span></p><p><b>code</b>: owned-by</p><p><b>base</b>: InsurancePlan</p><p><b>type</b>: reference</p><p><b>expression</b>: InsurancePlan.ownedBy</p><p><b>target</b>: Organization</p><p><b>multipleOr</b>: true</p><p><b>multipleAnd</b>: true</p><p><b>chain</b>: name, partof</p></div>"
  },
  "url": "http://hl7.org/fhir/us/davinci-pdex-plan-net/SearchParameter/insuranceplan-owned-by",
  "version": "1.1.0",
  "name": "Plannet_sp_insuranceplan_owned_by",
  "derivedFrom": "http://hl7.org/fhir/SearchParameter/InsurancePlan-owned-by",
  "status": "active",
  "date": "2018-05-23T00:00:00+00:00",
  "publisher": "HL7 Financial Management Working Group",
  "contact": [
    {
      "name": "HL7 Financial Management Working Group",
      "telecom": [
        {
          "system": "url",
          "value": "http://www.hl7.org/Special/committees/fm"
        },
        {
          "system": "email",
          "value": "fm@lists.HL7.org"
        }
      ]
    }
  ],
  "description": "Select products that are owned by the specified organization",
  "jurisdiction": [
    {
      "coding": [
        {
          "system": "urn:iso:std:iso:3166",
          "code": "US"
        }
      ]
    }
  ],
  "code": "owned-by",
  "base": [
    "InsurancePlan"
  ],
  "type": "reference",
  "expression": "InsurancePlan.ownedBy",
  "target": [
    "Organization"
  ],
  "multipleOr": true,
  "multipleAnd": true,
  "chain": [
    "name",
    "partof"
  ]
}