{
  "resourceType": "ValueSet",
  "id": "SpecialtiesVS",
  "text": {
    "status": "generated",
    "div": "<div xmlns=\"http://www.w3.org/1999/xhtml\"><p>This value set includes codes based on the following rules:</p><ul><li>Import all the codes that are contained in <a href=\"ValueSet-IndividualAndGroupSpecialtiesVS.html\">http://hl7.org/fhir/us/davinci-pdex-plan-net/ValueSet/IndividualAndGroupSpecialtiesVS</a></li><li>Import all the codes that are contained in <a href=\"ValueSet-NonIndividualSpecialtiesVS.html\">http://hl7.org/fhir/us/davinci-pdex-plan-net/ValueSet/NonIndividualSpecialtiesVS</a></li></ul></div>"
  },
  "url": "http://hl7.org/fhir/us/davinci-pdex-plan-net/ValueSet/SpecialtiesVS",
  "version": "1.1.0",
  "name": "SpecialtiesVS",
  "title": "Specialties VS",
  "status": "active",
  "date": "2022-04-04T14:04:34+00:00",
  "publisher": "HL7 Financial Management Working Group",
  "contact": [
    {
      "name": "HL7 Financial Management Working Group",
      "telecom": [
        {
          "system": "url",
          "value": "http://www.hl7.org/Special/committees/fm"
        },
        {
          "system": "email",
          "value": "fm@lists.HL7.org"
        }
      ]
    }
  ],
  "description": "Specialties value set based on National Uniform Claim Committee (NUCC) Health Care Provider Taxonomy code set.",
  "jurisdiction": [
    {
      "coding": [
        {
          "system": "urn:iso:std:iso:3166",
          "code": "US"
        }
      ]
    }
  ],
  "compose": {
    "include": [
      {
        "valueSet": [
          "http://hl7.org/fhir/us/davinci-pdex-plan-net/ValueSet/IndividualAndGroupSpecialtiesVS"
        ]
      },
      {
        "valueSet": [
          "http://hl7.org/fhir/us/davinci-pdex-plan-net/ValueSet/NonIndividualSpecialtiesVS"
        ]
      }
    ]
  }
}