<?xml version="1.0" encoding="UTF-8"?><CodeSystem xmlns="http://hl7.org/fhir"><id value="QualificationStatusCS"/><text><status value="generated"/><div xmlns="http://www.w3.org/1999/xhtml"><p>This code system http://hl7.org/fhir/us/davinci-pdex-plan-net/CodeSystem/QualificationStatusCS defines the following codes:</p><table class="codes"><tr><td style="white-space:nowrap"><b>Code</b></td><td><b>Display</b></td><td><b>Definition</b></td></tr><tr><td style="white-space:nowrap">active<a name="QualificationStatusCS-active"> </a></td><td>active</td><td>The credential may be considered valid for use.</td></tr><tr><td style="white-space:nowrap">inactive<a name="QualificationStatusCS-inactive"> </a></td><td>inactive</td><td>The credential may not be considered valid for use.</td></tr><tr><td style="white-space:nowrap">issiner<a name="QualificationStatusCS-issiner"> </a></td><td>issued in error</td><td>The credential was mistakenly assigned and should not be considered valid for use.</td></tr><tr><td style="white-space:nowrap">revoked<a name="QualificationStatusCS-revoked"> </a></td><td>revoked</td><td>The credential was revoked by the issuing organization and should not be considered valid for use.</td></tr><tr><td style="white-space:nowrap">pending<a name="QualificationStatusCS-pending"> </a></td><td>pending</td><td>The credential has not been officially assigned. It may or may not be considered valid for use.</td></tr><tr><td style="white-space:nowrap">unknown<a name="QualificationStatusCS-unknown"> </a></td><td>unknown</td><td>The status of this credential is unknown. It may or may not be considered valid for use.</td></tr></table></div></text><url value="http://hl7.org/fhir/us/davinci-pdex-plan-net/CodeSystem/QualificationStatusCS"/><version value="1.1.0"/><name value="QualificationStatusCS"/><title value="Qualification Status"/><status value="active"/><date value="2022-04-04T14:04:34+00:00"/><publisher value="HL7 Financial Management Working Group"/><contact><name value="HL7 Financial Management Working Group"/><telecom><system value="url"/><value value="http://www.hl7.org/Special/committees/fm"/></telecom><telecom><system value="email"/><value value="fm@lists.HL7.org"/></telecom></contact><description value="The state indicating if a qualification is currently valid."/><jurisdiction><coding><system value="urn:iso:std:iso:3166"/><code value="US"/></coding></jurisdiction><caseSensitive value="true"/><content value="complete"/><count value="6"/><concept><code value="active"/><display value="active"/><definition value="The credential may be considered valid for use."/></concept><concept><code value="inactive"/><display value="inactive"/><definition value="The credential may not be considered valid for use."/></concept><concept><code value="issiner"/><display value="issued in error"/><definition value="The credential was mistakenly assigned and should not be considered valid for use."/></concept><concept><code value="revoked"/><display value="revoked"/><definition value="The credential was revoked by the issuing organization and should not be considered valid for use."/></concept><concept><code value="pending"/><display value="pending"/><definition value="The credential has not been officially assigned. It may or may not be considered valid for use."/></concept><concept><code value="unknown"/><display value="unknown"/><definition value="The status of this credential is unknown. It may or may not be considered valid for use."/></concept></CodeSystem>