<?xml version="1.0" encoding="UTF-8"?><CodeSystem xmlns="http://hl7.org/fhir"><id value="VirtualModalitiesCS"/><text><status value="generated"/><div xmlns="http://www.w3.org/1999/xhtml"><p>This code system http://hl7.org/fhir/us/davinci-pdex-plan-net/CodeSystem/VirtualModalitiesCS defines the following codes:</p><table class="codes"><tr><td style="white-space:nowrap"><b>Code</b></td><td><b>Display</b></td><td><b>Definition</b></td></tr><tr><td style="white-space:nowrap">phone<a name="VirtualModalitiesCS-phone"> </a></td><td>phone</td><td>Voice Telephone</td></tr><tr><td style="white-space:nowrap">video<a name="VirtualModalitiesCS-video"> </a></td><td>video chat</td><td>Video Chat</td></tr><tr><td style="white-space:nowrap">tdd<a name="VirtualModalitiesCS-tdd"> </a></td><td>TDD</td><td>Telecommunications Device for the Deaf</td></tr><tr><td style="white-space:nowrap">sms<a name="VirtualModalitiesCS-sms"> </a></td><td>SMS</td><td>SMS Text Messaging</td></tr><tr><td style="white-space:nowrap">app<a name="VirtualModalitiesCS-app"> </a></td><td>App</td><td>Mobile Application</td></tr><tr><td style="white-space:nowrap">web<a name="VirtualModalitiesCS-web"> </a></td><td>Website</td><td>Website accessed through browser</td></tr></table></div></text><url value="http://hl7.org/fhir/us/davinci-pdex-plan-net/CodeSystem/VirtualModalitiesCS"/><version value="1.1.0"/><name value="VirtualModalitiesCS"/><title value="Virtual Modalities"/><status value="active"/><date value="2022-04-04T14:04:34+00:00"/><publisher value="HL7 Financial Management Working Group"/><contact><name value="HL7 Financial Management Working Group"/><telecom><system value="url"/><value value="http://www.hl7.org/Special/committees/fm"/></telecom><telecom><system value="email"/><value value="fm@lists.HL7.org"/></telecom></contact><description value="Categories of virtual service delivery modalities."/><jurisdiction><coding><system value="urn:iso:std:iso:3166"/><code value="US"/></coding></jurisdiction><caseSensitive value="true"/><content value="complete"/><count value="6"/><concept><code value="phone"/><display value="phone"/><definition value="Voice Telephone"/></concept><concept><code value="video"/><display value="video chat"/><definition value="Video Chat"/></concept><concept><code value="tdd"/><display value="TDD"/><definition value="Telecommunications Device for the Deaf"/></concept><concept><code value="sms"/><display value="SMS"/><definition value="SMS Text Messaging"/></concept><concept><code value="app"/><display value="App"/><definition value="Mobile Application"/></concept><concept><code value="web"/><display value="Website"/><definition value="Website accessed through browser"/></concept></CodeSystem>