<?xml version="1.0" encoding="UTF-8"?><CodeSystem xmlns="http://hl7.org/fhir"><id value="EndpointPayloadTypeCS"/><text><status value="generated"/><div xmlns="http://www.w3.org/1999/xhtml"><p>This code system http://hl7.org/fhir/us/davinci-pdex-plan-net/CodeSystem/EndpointPayloadTypeCS defines the following codes:</p><table class="codes"><tr><td style="white-space:nowrap"><b>Code</b></td><td><b>Display</b></td><td><b>Definition</b></td></tr><tr><td style="white-space:nowrap">NA<a name="EndpointPayloadTypeCS-NA"> </a></td><td>Not Applicable</td><td>Not Applicable</td></tr></table></div></text><url value="http://hl7.org/fhir/us/davinci-pdex-plan-net/CodeSystem/EndpointPayloadTypeCS"/><version value="1.1.0"/><name value="EndpointPayloadTypeCS"/><title value="Endpoint Payload Types"/><status value="active"/><date value="2022-04-04T14:04:34+00:00"/><publisher value="HL7 Financial Management Working Group"/><contact><name value="HL7 Financial Management Working Group"/><telecom><system value="url"/><value value="http://www.hl7.org/Special/committees/fm"/></telecom><telecom><system value="email"/><value value="fm@lists.HL7.org"/></telecom></contact><description value="Endpoint Payload Types are constrained to NA (Not Applicable) as part of this IG"/><jurisdiction><coding><system value="urn:iso:std:iso:3166"/><code value="US"/></coding></jurisdiction><caseSensitive value="true"/><content value="complete"/><count value="1"/><concept><code value="NA"/><display value="Not Applicable"/><definition value="Not Applicable"/></concept></CodeSystem>