<?xml version="1.0" encoding="UTF-8"?><SearchParameter xmlns="http://hl7.org/fhir"><id value="location-type"/><url value="http://hl7.org/fhir/us/davinci-pdex-plan-net/SearchParameter/location-type"/><version value="1.1.0"/><name value="Plannet_sp_location_type"/><derivedFrom value="http://hl7.org/fhir/SearchParameter/Location-type"/><status value="active"/><date value="2018-05-23T00:00:00+00:00"/><publisher value="HL7 Financial Management Working Group"/><contact><name value="HL7 Financial Management Working Group"/><telecom><system value="url"/><value value="http://www.hl7.org/Special/committees/fm"/></telecom><telecom><system value="email"/><value value="fm@lists.HL7.org"/></telecom></contact><description value="Select Locations of the specified type"/><jurisdiction><coding><system value="urn:iso:std:iso:3166"/><code value="US"/></coding></jurisdiction><code value="type"/><base value="Location"/><type value="token"/><expression value="Location.type"/><multipleOr value="true"/><multipleAnd value="true"/><modifier value="text"/></SearchParameter>