<?xml version="1.0" encoding="UTF-8"?><SearchParameter xmlns="http://hl7.org/fhir"><id value="organization-coverage-area"/><url value="http://hl7.org/fhir/us/davinci-pdex-plan-net/SearchParameter/organization-coverage-area"/><version value="1.1.0"/><name value="Plannet_sp_network_coverage_area"/><status value="active"/><date value="2018-05-23T00:00:00+00:00"/><publisher value="HL7 Financial Management Working Group"/><contact><name value="HL7 Financial Management Working Group"/><telecom><system value="url"/><value value="http://www.hl7.org/Special/committees/fm"/></telecom><telecom><system value="email"/><value value="fm@lists.HL7.org"/></telecom></contact><description value="Select health insurance provider networks available in a region described by the specified location"/><jurisdiction><coding><system value="urn:iso:std:iso:3166"/><code value="US"/></coding></jurisdiction><code value="coverage-area"/><base value="Organization"/><type value="reference"/><expression value="Organization.extension.where(url='http://hl7.org/fhir/us/davinci-pdex-plan-net/StructureDefinition/location-reference')"/><target value="Location"/><multipleOr value="true"/><multipleAnd value="true"/></SearchParameter>