<?xml version="1.0" encoding="UTF-8"?><SearchParameter xmlns="http://hl7.org/fhir"><id value="organizationaffiliation-endpoint"/><url value="http://hl7.org/fhir/us/davinci-pdex-plan-net/SearchParameter/organizationaffiliation-endpoint"/><version value="1.1.0"/><name value="Plannet_sp_organizationaffiliation_endpoint"/><derivedFrom value="http://hl7.org/fhir/SearchParameter/OrganizationAffiliation-endpoint"/><status value="draft"/><date value="2018-05-23T00:00:00+00:00"/><publisher value="HL7 Financial Management Working Group"/><contact><name value="HL7 Financial Management Working Group"/><telecom><system value="url"/><value value="http://www.hl7.org/Special/committees/fm"/></telecom><telecom><system value="email"/><value value="fm@lists.HL7.org"/></telecom></contact><description value="Select OrganizationAffiliations with the specified endpoint"/><jurisdiction><coding><system value="urn:iso:std:iso:3166"/><code value="US"/></coding></jurisdiction><code value="endpoint"/><base value="OrganizationAffiliation"/><type value="reference"/><expression value="OrganizationAffiliation.endpoint"/><target value="Endpoint"/><multipleOr value="true"/><multipleAnd value="true"/><chain value="organization"/></SearchParameter>