<?xml version="1.0" encoding="UTF-8"?><SearchParameter xmlns="http://hl7.org/fhir"><id value="location-organization"/><url value="http://hl7.org/fhir/us/davinci-pdex-plan-net/SearchParameter/location-organization"/><version value="1.1.0"/><name value="Plannet_sp_location_organization"/><derivedFrom value="http://hl7.org/fhir/SearchParameter/Location-organization"/><status value="active"/><date value="2018-05-23T00:00:00+00:00"/><publisher value="HL7 Financial Management Working Group"/><contact><name value="HL7 Financial Management Working Group"/><telecom><system value="url"/><value value="http://www.hl7.org/Special/committees/fm"/></telecom><telecom><system value="email"/><value value="fm@lists.HL7.org"/></telecom></contact><description value="Select Locations managed by the specified organization"/><jurisdiction><coding><system value="urn:iso:std:iso:3166"/><code value="US"/></coding></jurisdiction><code value="organization"/><base value="Location"/><type value="reference"/><expression value="Location.managingOrganization"/><target value="Organization"/><multipleOr value="true"/><multipleAnd value="true"/><chain value="name"/><chain value="address"/><chain value="partof"/><chain value="type"/></SearchParameter>