<?xml version="1.0" encoding="UTF-8"?><SearchParameter xmlns="http://hl7.org/fhir"><id value="organization-address"/><url value="http://hl7.org/fhir/us/davinci-pdex-plan-net/SearchParameter/organization-address"/><version value="1.1.0"/><name value="Plannet_sp_organization_address"/><derivedFrom value="http://hl7.org/fhir/SearchParameter/Organization-address"/><status value="active"/><date value="2018-05-23T00:00:00+00:00"/><publisher value="HL7 Financial Management Working Group"/><contact><name value="HL7 Financial Management Working Group"/><telecom><system value="url"/><value value="http://www.hl7.org/Special/committees/fm"/></telecom><telecom><system value="email"/><value value="fm@lists.HL7.org"/></telecom></contact><description value="Select organizations with the specified address (matches any of the string elements of an address)"/><jurisdiction><coding><system value="urn:iso:std:iso:3166"/><code value="US"/></coding></jurisdiction><code value="address"/><base value="Organization"/><type value="string"/><expression value="Organization.address"/><multipleOr value="true"/><multipleAnd value="true"/><modifier value="exact"/><modifier value="contains"/></SearchParameter>