<?xml version="1.0" encoding="UTF-8"?><SearchParameter xmlns="http://hl7.org/fhir"><id value="organizationaffiliation-specialty"/><url value="http://hl7.org/fhir/us/davinci-pdex-plan-net/SearchParameter/organizationaffiliation-specialty"/><version value="1.1.0"/><name value="Plannet_sp_organizationaffiliation_specialty"/><derivedFrom value="http://hl7.org/fhir/SearchParameter/OrganizationAffiliation-specialty"/><status value="active"/><date value="2018-05-23T00:00:00+00:00"/><publisher value="HL7 Financial Management Working Group"/><contact><name value="HL7 Financial Management Working Group"/><telecom><system value="url"/><value value="http://www.hl7.org/Special/committees/fm"/></telecom><telecom><system value="email"/><value value="fm@lists.HL7.org"/></telecom></contact><description value="Select OrganizationAffiliations associated with the specified specialty"/><jurisdiction><coding><system value="urn:iso:std:iso:3166"/><code value="US"/></coding></jurisdiction><code value="specialty"/><base value="OrganizationAffiliation"/><type value="token"/><expression value="OrganizationAffiliation.specialty"/><multipleOr value="true"/><multipleAnd value="true"/><modifier value="text"/></SearchParameter>