<?xml version="1.0" encoding="UTF-8"?><SearchParameter xmlns="http://hl7.org/fhir"><id value="practitioner-family-name"/><url value="http://hl7.org/fhir/us/davinci-pdex-plan-net/SearchParameter/practitioner-family-name"/><version value="1.1.0"/><name value="Plannet_sp_practitioner_family_name"/><derivedFrom value="http://hl7.org/fhir/SearchParameter/individual-family"/><status value="active"/><date value="2018-05-23T00:00:00+00:00"/><publisher value="HL7 Financial Management Working Group"/><contact><name value="HL7 Financial Management Working Group"/><telecom><system value="url"/><value value="http://www.hl7.org/Special/committees/fm"/></telecom><telecom><system value="email"/><value value="fm@lists.HL7.org"/></telecom></contact><description value="Select Practitioners with the specified family name"/><jurisdiction><coding><system value="urn:iso:std:iso:3166"/><code value="US"/></coding></jurisdiction><code value="family"/><base value="Practitioner"/><type value="string"/><expression value="Practitioner.name.family"/><multipleOr value="true"/><multipleAnd value="true"/><modifier value="exact"/></SearchParameter>