<?xml version="1.0" encoding="UTF-8"?><ValueSet xmlns="http://hl7.org/fhir"><id value="PractitionerRoleVS"/><text><status value="generated"/><div xmlns="http://www.w3.org/1999/xhtml"><p>This value set includes codes based on the following rules:</p><ul><li>Include all codes defined in <a href="CodeSystem-ProviderRoleCS.html"><code>http://hl7.org/fhir/us/davinci-pdex-plan-net/CodeSystem/ProviderRoleCS</code></a></li><li>Include all codes defined in <a href="http://terminology.hl7.org/3.1.0/CodeSystem-practitioner-role.html"><code>http://terminology.hl7.org/CodeSystem/practitioner-role</code></a></li></ul></div></text><url value="http://hl7.org/fhir/us/davinci-pdex-plan-net/ValueSet/PractitionerRoleVS"/><version value="1.1.0"/><name value="PractitionerRoleVS"/><title value="PractitionerRole Code VS"/><status value="active"/><date value="2022-04-04T14:04:34+00:00"/><publisher value="HL7 Financial Management Working Group"/><contact><name value="HL7 Financial Management Working Group"/><telecom><system value="url"/><value value="http://www.hl7.org/Special/committees/fm"/></telecom><telecom><system value="email"/><value value="fm@lists.HL7.org"/></telecom></contact><description value="Codes for the capabilities that an individual, group, or organization is acknowledged to have in a payer network, including general codes from the HL7 PractitionerRole Code System."/><jurisdiction><coding><system value="urn:iso:std:iso:3166"/><code value="US"/></coding></jurisdiction><compose><include><system value="http://hl7.org/fhir/us/davinci-pdex-plan-net/CodeSystem/ProviderRoleCS"/></include><include><system value="http://terminology.hl7.org/CodeSystem/practitioner-role"/></include></compose></ValueSet>