<?xml version="1.0" encoding="UTF-8"?><ValueSet xmlns="http://hl7.org/fhir"><id value="EndpointPayloadTypeVS"/><text><status value="extensions"/><div xmlns="http://www.w3.org/1999/xhtml"><ul><li>Include these codes as defined in <a href="CodeSystem-EndpointPayloadTypeCS.html"><code>http://hl7.org/fhir/us/davinci-pdex-plan-net/CodeSystem/EndpointPayloadTypeCS</code></a><table class="none"><tr><td style="white-space:nowrap"><b>Code</b></td><td><b>Display</b></td><td><b>Definition</b></td></tr><tr><td><a href="CodeSystem-EndpointPayloadTypeCS.html#EndpointPayloadTypeCS-NA">NA</a></td><td>Not Applicable</td><td>Not Applicable</td></tr></table></li></ul></div></text><url value="http://hl7.org/fhir/us/davinci-pdex-plan-net/ValueSet/EndpointPayloadTypeVS"/><version value="1.1.0"/><name value="EndpointPayloadTypeVS"/><title value="Endpoint Payload Types VS"/><status value="active"/><date value="2022-04-04T14:04:34+00:00"/><publisher value="HL7 Financial Management Working Group"/><contact><name value="HL7 Financial Management Working Group"/><telecom><system value="url"/><value value="http://www.hl7.org/Special/committees/fm"/></telecom><telecom><system value="email"/><value value="fm@lists.HL7.org"/></telecom></contact><description value="Endpoint Payload Types are constrained to NA (Not Applicable) as part of this IG"/><jurisdiction><coding><system value="urn:iso:std:iso:3166"/><code value="US"/></coding></jurisdiction><compose><include><system value="http://hl7.org/fhir/us/davinci-pdex-plan-net/CodeSystem/EndpointPayloadTypeCS"/><concept><code value="NA"/><display value="Not Applicable"/></concept></include></compose></ValueSet>