<?xml version="1.0" encoding="UTF-8"?><ValueSet xmlns="http://hl7.org/fhir"><id value="HealthcareServiceTypeVS"/><text><status value="extensions"/><div xmlns="http://www.w3.org/1999/xhtml"><ul><li>Include these codes as defined in <a href="http://terminology.hl7.org/3.1.0/CodeSystem-service-type.html"><code>http://terminology.hl7.org/CodeSystem/service-type</code></a><table class="none"><tr><td style="white-space:nowrap"><b>Code</b></td><td><b>Display</b></td><td><b>Definition</b></td></tr><tr><td>1</td><td>Adoption/Permanent Care Info/Support</td><td>Adoption &amp; permanent care information/support</td></tr><tr><td>3</td><td>Aged Care Information/Referral</td><td>Aged Care information/referral</td></tr><tr><td>8</td><td>Home Care/Housekeeping Assistance</td><td>Home care/housekeeping assistance</td></tr><tr><td>9</td><td>Home Maintenance and Repair</td><td>Home maintenance and repair</td></tr><tr><td>10</td><td>Personal Alarms/Alerts</td><td>Personal alarms/alerts</td></tr><tr><td>11</td><td>Personal Care for Older Persons</td><td>Personal care for older persons</td></tr><tr><td>21</td><td>Hydrotherapy</td><td>Hydrotherapy</td></tr><tr><td>26</td><td>Meditation</td><td>Meditation</td></tr><tr><td>31</td><td>Relaxation Therapy</td><td>Relaxation therapy</td></tr><tr><td>33</td><td>Western Herbal Medicine</td><td>Western herbal medicine</td></tr><tr><td>34</td><td>Family Day care</td><td>Family day care</td></tr><tr><td>36</td><td>Kindergarten Inclusion Support</td><td>Kindergarten inclusion support for children with a disability</td></tr><tr><td>42</td><td>Parenting/Family Support/Education</td><td>Parenting &amp; family management support/education</td></tr><tr><td>51</td><td>Blood Donation</td><td>Blood donation</td></tr><tr><td>55</td><td>Health Advocacy/Liaison Service</td><td>Health advocacy/Liaison service</td></tr><tr><td>67</td><td>Sexual Health</td><td>Sexual health</td></tr><tr><td>68</td><td>Speech Pathology/Therapy</td><td>Speech pathology/therapy</td></tr><tr><td>69</td><td>Bereavement Counselling</td><td>Bereavement counselling</td></tr><tr><td>70</td><td>Crisis Counselling</td><td>Crisis counselling</td></tr><tr><td>71</td><td>Family Counselling/Therapy</td><td>Family counselling and/or family therapy</td></tr><tr><td>72</td><td>Family Violence Counselling</td><td>Family violence counselling</td></tr><tr><td>75</td><td>Genetic Counselling</td><td>Genetic counselling</td></tr><tr><td>76</td><td>Health Counselling</td><td>Health counselling</td></tr><tr><td>78</td><td>Problem Gambling Counselling</td><td>Problem gambling counselling</td></tr><tr><td>79</td><td>Relationship Counselling</td><td>Relationship counselling</td></tr><tr><td>80</td><td>Sexual Assault Counselling</td><td>Sexual assault counselling</td></tr><tr><td>81</td><td>Trauma Counselling</td><td>Trauma counselling</td></tr><tr><td>82</td><td>Victims of Crime Counselling</td><td>Victims of crime counselling</td></tr><tr><td>96</td><td>Disability Advocacy</td><td>Disability advocacy</td></tr><tr><td>97</td><td>Disability Aids &amp; Equipment</td><td>Disability aids &amp; equipment</td></tr><tr><td>99</td><td>Disability Day Programs/Activities</td><td>Disability day programs &amp; activities</td></tr><tr><td>102</td><td>Disability Supported Accommodation</td><td>Disability supported accommodation</td></tr><tr><td>103</td><td>Early Childhood Intervention</td><td>Early childhood intervention</td></tr><tr><td>105</td><td>Drug and/or Alcohol Counselling</td><td>Drug and/or alcohol counselling</td></tr><tr><td>106</td><td>Drug/Alcohol Information/Referral</td><td>Drug and/or alcohol information/referral</td></tr><tr><td>107</td><td>Needle &amp; Syringe Exchange</td><td>Needle &amp; Syringe exchange</td></tr><tr><td>108</td><td>Non-resid. Alcohol/Drug Treatment</td><td>Non-residential alcohol and/or drug dependence treatment</td></tr><tr><td>111</td><td>Residential Alcohol/Drug Treatment</td><td>Residential alcohol and/or drug dependence treatment</td></tr><tr><td>118</td><td>Employment Placement and/or Support</td><td>Employment placement and/or support</td></tr><tr><td>119</td><td>Vocational Rehabilitation</td><td>Vocational Rehabilitation</td></tr><tr><td>126</td><td>Crisis/Emergency Accommodation</td><td>Crisis/emergency accommodation</td></tr><tr><td>127</td><td>Homelessness Support</td><td>Homelessness support</td></tr><tr><td>128</td><td>Housing Information/Referral</td><td>Housing information/referral</td></tr><tr><td>130</td><td>Interpreting/Multilingual Service</td><td>Interpreting/Multilingual/Language service</td></tr><tr><td>134</td><td>Mental Health Advocacy</td><td>Mental health advocacy</td></tr><tr><td>146</td><td>Physical Activity Programs</td><td>Physical activity programs</td></tr><tr><td>147</td><td>Physical Fitness Testing</td><td>Physical fitness testing</td></tr><tr><td>224</td><td>Support Groups</td><td>Support groups</td></tr><tr><td>230</td><td>Patient Transport</td><td>Patient transport</td></tr><tr><td>233</td><td>Abuse</td><td>Abuse</td></tr><tr><td>238</td><td>Adult Day Programs</td><td>Adult Day Programs</td></tr><tr><td>245</td><td>Aids</td><td>Aids</td></tr><tr><td>275</td><td>Cancer Support</td><td>Cancer Support</td></tr><tr><td>284</td><td>Child Care</td><td>Child Care</td></tr><tr><td>296</td><td>Companion Visiting</td><td>Companion Visiting</td></tr><tr><td>301</td><td>Contraception Inform</td><td>Contraception Information</td></tr><tr><td>308</td><td>Crisis Assessment An</td><td>Crisis Assessment And Treatment Services (Cats)</td></tr><tr><td>309</td><td>Crisis Assistance</td><td>Crisis Assistance</td></tr><tr><td>310</td><td>Crisis Refuge</td><td>Crisis Refuge</td></tr><tr><td>316</td><td>Depression</td><td>Depression</td></tr><tr><td>317</td><td>Detoxification</td><td>Detoxification</td></tr><tr><td>323</td><td>Divorce</td><td>Divorce</td></tr><tr><td>328</td><td>Eating Disorder</td><td>Eating Disorder</td></tr><tr><td>331</td><td>Employment And Train</td><td>Employment And Training</td></tr><tr><td>344</td><td>Food</td><td>Food</td></tr><tr><td>345</td><td>Food Vouchers</td><td>Food Vouchers</td></tr><tr><td>352</td><td>Grief Counselling</td><td>Grief Counselling</td></tr><tr><td>366</td><td>Household Items</td><td>Household Items</td></tr><tr><td>400</td><td>Pain</td><td>Pain</td></tr><tr><td>409</td><td>Postnatal</td><td>Postnatal</td></tr><tr><td>411</td><td>Pregnancy Tests</td><td>Pregnancy Tests</td></tr><tr><td>427</td><td>Rent Assistance</td><td>Rent Assistance</td></tr><tr><td>429</td><td>Residential Respite</td><td>Residential Respite</td></tr><tr><td>440</td><td>Sexual Issues</td><td>Sexual Issues</td></tr><tr><td>446</td><td>Speech Therapist</td><td>Speech Therapist</td></tr><tr><td>459</td><td>Tenancy Advice</td><td>Tenancy Advice</td></tr><tr><td>468</td><td>Vocational Guidance</td><td>Vocational Guidance</td></tr><tr><td>470</td><td>Welfare Assistance</td><td>Welfare Assistance</td></tr><tr><td>488</td><td>Diabetes Educator</td><td>Diabetes Educator</td></tr><tr><td>494</td><td>Youth Services</td><td>Youth Services</td></tr><tr><td>495</td><td>Youth Health</td><td>Youth Health</td></tr><tr><td>501</td><td>Cancer Services</td><td>Cancer Services</td></tr><tr><td>513</td><td>Cancer Support Groups</td><td>Cancer Support Groups</td></tr><tr><td>530</td><td>Disability Care Transport</td><td>Disability Care Transport</td></tr><tr><td>531</td><td>Aged Care Transport</td><td>Aged Care Transport</td></tr><tr><td>532</td><td>Diabetes Education s</td><td>Diabetes Education service</td></tr><tr><td>534</td><td>Young Adult Diabetes</td><td>Young Adult Diabetes services (YADS)</td></tr><tr><td>535</td><td>Pulmonary Rehabilita</td><td>Pulmonary Rehabilitation Service</td></tr><tr><td>537</td><td>Medication Reviews</td><td>Medication Reviews</td></tr><tr><td>539</td><td>Telephone Help Line</td><td>Telephone Help Line</td></tr><tr><td>546</td><td>Veterans Services</td><td>Veterans Services</td></tr><tr><td>548</td><td>Food Relief/Food/Meals</td><td>Food Relief/food/meals</td></tr><tr><td>552</td><td>Drug and/or Alcohol Support Groups</td><td>Drug and/or alcohol support groups</td></tr><tr><td>554</td><td>Chronic Disease Management</td><td>Chronic Disease Management</td></tr><tr><td>559</td><td>Women's Health</td><td>Women's Health</td></tr><tr><td>560</td><td>Men's Health</td><td>Men's Health</td></tr><tr><td>565</td><td>Youth Drop In/Assistance/Support</td><td>Youth drop in/assistance/support</td></tr><tr><td>569</td><td>Migrant Health Clinic</td><td>Migrant Health Clinic</td></tr><tr><td>570</td><td>Refugee Health Clinic</td><td>Refugee Health Clinic</td></tr><tr><td>571</td><td>Aboriginal Health Clinic</td><td>Aboriginal Health Clinic</td></tr><tr><td>614</td><td>Development-Life Skills</td><td>Development-Life Skills</td></tr><tr><td>628</td><td>Vehicle modifications</td><td>Vehicle modifications</td></tr></table></li></ul></div></text><url value="http://hl7.org/fhir/us/davinci-pdex-plan-net/ValueSet/HealthcareServiceTypeVS"/><version value="1.1.0"/><name value="HealthcareServiceTypeVS"/><title value="HealthcareService Types VS"/><status value="active"/><date value="2022-04-04T14:04:34+00:00"/><publisher value="HL7 Financial Management Working Group"/><contact><name value="HL7 Financial Management Working Group"/><telecom><system value="url"/><value value="http://www.hl7.org/Special/committees/fm"/></telecom><telecom><system value="email"/><value value="fm@lists.HL7.org"/></telecom></contact><description value="Valueset for HealthCareService type"/><jurisdiction><coding><system value="urn:iso:std:iso:3166"/><code value="US"/></coding></jurisdiction><compose><include><system value="http://terminology.hl7.org/CodeSystem/service-type"/><concept><code value="1"/><display value="Adoption/Permanent Care Info/Support"/></concept><concept><code value="3"/><display value="Aged Care Information/Referral"/></concept><concept><code value="8"/><display value="Home Care/Housekeeping Assistance"/></concept><concept><code value="9"/><display value="Home Maintenance and Repair"/></concept><concept><code value="10"/><display value="Personal Alarms/Alerts"/></concept><concept><code value="11"/><display value="Personal Care for Older Persons"/></concept><concept><code value="21"/><display value="Hydrotherapy"/></concept><concept><code value="26"/><display value="Meditation"/></concept><concept><code value="31"/><display value="Relaxation Therapy"/></concept><concept><code value="33"/><display value="Western Herbal Medicine"/></concept><concept><code value="34"/><display value="Family Day care"/></concept><concept><code value="36"/><display value="Kindergarten Inclusion Support"/></concept><concept><code value="42"/><display value="Parenting/Family Support/Education"/></concept><concept><code value="51"/><display value="Blood Donation"/></concept><concept><code value="55"/><display value="Health Advocacy/Liaison Service"/></concept><concept><code value="67"/><display value="Sexual Health"/></concept><concept><code value="68"/><display value="Speech Pathology/Therapy"/></concept><concept><code value="69"/><display value="Bereavement Counselling"/></concept><concept><code value="70"/><display value="Crisis Counselling"/></concept><concept><code value="71"/><display value="Family Counselling/Therapy"/></concept><concept><code value="72"/><display value="Family Violence Counselling"/></concept><concept><code value="75"/><display value="Genetic Counselling"/></concept><concept><code value="76"/><display value="Health Counselling"/></concept><concept><code value="78"/><display value="Problem Gambling Counselling"/></concept><concept><code value="79"/><display value="Relationship Counselling"/></concept><concept><code value="80"/><display value="Sexual Assault Counselling"/></concept><concept><code value="81"/><display value="Trauma Counselling"/></concept><concept><code value="82"/><display value="Victims of Crime Counselling"/></concept><concept><code value="96"/><display value="Disability Advocacy"/></concept><concept><code value="97"/><display value="Disability Aids &amp; Equipment"/></concept><concept><code value="99"/><display value="Disability Day Programs/Activities"/></concept><concept><code value="102"/><display value="Disability Supported Accommodation"/></concept><concept><code value="103"/><display value="Early Childhood Intervention"/></concept><concept><code value="105"/><display value="Drug and/or Alcohol Counselling"/></concept><concept><code value="106"/><display value="Drug/Alcohol Information/Referral"/></concept><concept><code value="107"/><display value="Needle &amp; Syringe Exchange"/></concept><concept><code value="108"/><display value="Non-resid. Alcohol/Drug Treatment"/></concept><concept><code value="111"/><display value="Residential Alcohol/Drug Treatment"/></concept><concept><code value="118"/><display value="Employment Placement and/or Support"/></concept><concept><code value="119"/><display value="Vocational Rehabilitation"/></concept><concept><code value="126"/><display value="Crisis/Emergency Accommodation"/></concept><concept><code value="127"/><display value="Homelessness Support"/></concept><concept><code value="128"/><display value="Housing Information/Referral"/></concept><concept><code value="130"/><display value="Interpreting/Multilingual Service"/></concept><concept><code value="134"/><display value="Mental Health Advocacy"/></concept><concept><code value="146"/><display value="Physical Activity Programs"/></concept><concept><code value="147"/><display value="Physical Fitness Testing"/></concept><concept><code value="224"/><display value="Support Groups"/></concept><concept><code value="230"/><display value="Patient Transport"/></concept><concept><code value="233"/><display value="Abuse"/></concept><concept><code value="238"/><display value="Adult Day Programs"/></concept><concept><code value="245"/><display value="Aids"/></concept><concept><code value="275"/><display value="Cancer Support"/></concept><concept><code value="284"/><display value="Child Care"/></concept><concept><code value="296"/><display value="Companion Visiting"/></concept><concept><code value="301"/><display value="Contraception Inform"/></concept><concept><code value="308"/><display value="Crisis Assessment An"/></concept><concept><code value="309"/><display value="Crisis Assistance"/></concept><concept><code value="310"/><display value="Crisis Refuge"/></concept><concept><code value="316"/><display value="Depression"/></concept><concept><code value="317"/><display value="Detoxification"/></concept><concept><code value="323"/><display value="Divorce"/></concept><concept><code value="328"/><display value="Eating Disorder"/></concept><concept><code value="331"/><display value="Employment And Train"/></concept><concept><code value="344"/><display value="Food"/></concept><concept><code value="345"/><display value="Food Vouchers"/></concept><concept><code value="352"/><display value="Grief Counselling"/></concept><concept><code value="366"/><display value="Household Items"/></concept><concept><code value="400"/><display value="Pain"/></concept><concept><code value="409"/><display value="Postnatal"/></concept><concept><code value="411"/><display value="Pregnancy Tests"/></concept><concept><code value="427"/><display value="Rent Assistance"/></concept><concept><code value="429"/><display value="Residential Respite"/></concept><concept><code value="440"/><display value="Sexual Issues"/></concept><concept><code value="446"/><display value="Speech Therapist"/></concept><concept><code value="459"/><display value="Tenancy Advice"/></concept><concept><code value="468"/><display value="Vocational Guidance"/></concept><concept><code value="470"/><display value="Welfare Assistance"/></concept><concept><code value="488"/><display value="Diabetes Educator"/></concept><concept><code value="494"/><display value="Youth Services"/></concept><concept><code value="495"/><display value="Youth Health"/></concept><concept><code value="501"/><display value="Cancer Services"/></concept><concept><code value="513"/><display value="Cancer Support Groups"/></concept><concept><code value="530"/><display value="Disability Care Transport"/></concept><concept><code value="531"/><display value="Aged Care Transport"/></concept><concept><code value="532"/><display value="Diabetes Education s"/></concept><concept><code value="534"/><display value="Young Adult Diabetes"/></concept><concept><code value="535"/><display value="Pulmonary Rehabilita"/></concept><concept><code value="537"/><display value="Medication Reviews"/></concept><concept><code value="539"/><display value="Telephone Help Line"/></concept><concept><code value="546"/><display value="Veterans Services"/></concept><concept><code value="548"/><display value="Food Relief/Food/Meals"/></concept><concept><code value="552"/><display value="Drug and/or Alcohol Support Groups"/></concept><concept><code value="554"/><display value="Chronic Disease Management"/></concept><concept><code value="559"/><display value="Women's Health"/></concept><concept><code value="560"/><display value="Men's Health"/></concept><concept><code value="565"/><display value="Youth Drop In/Assistance/Support"/></concept><concept><code value="569"/><display value="Migrant Health Clinic"/></concept><concept><code value="570"/><display value="Refugee Health Clinic"/></concept><concept><code value="571"/><display value="Aboriginal Health Clinic"/></concept><concept><code value="614"/><display value="Development-Life Skills"/></concept><concept><code value="628"/><display value="Vehicle modifications"/></concept></include></compose></ValueSet>