<?xml version="1.0" encoding="UTF-8"?>

<Endpoint xmlns="http://hl7.org/fhir">
  <id value="AcmeOfCTPortalEndpoint"/>
  <meta>
    <lastUpdated value="2020-07-07T13:26:22.0314215+00:00"/>
    <profile value="http://hl7.org/fhir/us/davinci-pdex-plan-net/StructureDefinition/plannet-Endpoint"/>
  </meta>
  <language value="en-US"/>
  <text>
    <status value="extensions"/><div xmlns="http://www.w3.org/1999/xhtml" xml:lang="en-US" lang="en-US"><p><b>Generated Narrative</b></p><div style="display: inline-block; background-color: #d9e0e7; padding: 6px; margin: 4px; border: 1px solid #8da1b4; border-radius: 5px; line-height: 60%"><p style="margin-bottom: 0px">Resource "AcmeOfCTPortalEndpoint" Updated "2020-07-07 01:26:22+0000"  (Language "en-US") </p><p style="margin-bottom: 0px">Profile: <a href="StructureDefinition-plannet-Endpoint.html">Plan-Net Endpoint</a></p></div><blockquote><p><b>Endpoint Usecase</b></p><p><b>value</b>: healthcare operations <span style="background: LightGoldenRodYellow; margin: 4px; border: 1px solid khaki"> (<a href="http://terminology.hl7.org/3.1.0/CodeSystem-v3-ActReason.html">ActReason</a>#HOPERAT)</span></p></blockquote><p><b>status</b>: active</p><p><b>connectionType</b>: REST (not FHIR) (Details: http://hl7.org/fhir/us/davinci-pdex-plan-net/CodeSystem/EndpointConnectionTypeCS code rest-non-fhir = 'REST (not FHIR)', stated as 'null')</p><p><b>name</b>: Endpoint for Acme of CT Portal</p><p><b>payloadType</b>: Not Applicable <span style="background: LightGoldenRodYellow; margin: 4px; border: 1px solid khaki"> (<a href="CodeSystem-EndpointPayloadTypeCS.html">Endpoint Payload Types</a>#NA)</span></p><p><b>address</b>: <a href="https://urlofportal.acmect.com">https://urlofportal.acmect.com</a></p></div>
  </text>
  <extension url="http://hl7.org/fhir/us/davinci-pdex-plan-net/StructureDefinition/endpoint-usecase">
    <extension url="type">
      <valueCodeableConcept>
        <coding>
          <system value="http://terminology.hl7.org/CodeSystem/v3-ActReason"/>
          <code value="HOPERAT"/>
        </coding>
      </valueCodeableConcept>
    </extension>
  </extension>
  <status value="active"/>
  <connectionType>
    <system value="http://hl7.org/fhir/us/davinci-pdex-plan-net/CodeSystem/EndpointConnectionTypeCS"/>
    <code value="rest-non-fhir"/>
  </connectionType>
  <name value="Endpoint for Acme of CT Portal"/>
  <payloadType>
    <coding>
      <system value="http://hl7.org/fhir/us/davinci-pdex-plan-net/CodeSystem/EndpointPayloadTypeCS"/>
      <code value="NA"/>
    </coding>
  </payloadType>
  <address value="https://urlofportal.acmect.com"/>
</Endpoint>