<?xml version="1.0" encoding="UTF-8"?>

<HealthcareService xmlns="http://hl7.org/fhir">
  <id value="PharmChainMailService"/>
  <meta>
    <lastUpdated value="2020-07-07T13:26:22.0314215+00:00"/>
    <profile value="http://hl7.org/fhir/us/davinci-pdex-plan-net/StructureDefinition/plannet-HealthcareService"/>
  </meta>
  <language value="en-US"/>
  <text>
    <status value="extensions"/><div xmlns="http://www.w3.org/1999/xhtml" xml:lang="en-US" lang="en-US"><p><b>Generated Narrative</b></p><div style="display: inline-block; background-color: #d9e0e7; padding: 6px; margin: 4px; border: 1px solid #8da1b4; border-radius: 5px; line-height: 60%"><p style="margin-bottom: 0px">Resource "PharmChainMailService" Updated "2020-07-07 01:26:22+0000"  (Language "en-US") </p><p style="margin-bottom: 0px">Profile: <a href="StructureDefinition-plannet-HealthcareService.html">Plan-Net HealthcareService</a></p></div><blockquote><p><b>Delivery Method</b></p><p><b>value</b>: Virtual <span style="background: LightGoldenRodYellow; margin: 4px; border: 1px solid khaki"> (<a href="CodeSystem-DeliveryMethodCS.html">Delivery Methods</a>#virtual)</span></p><p><b>value</b>: Website <span style="background: LightGoldenRodYellow; margin: 4px; border: 1px solid khaki"> (<a href="CodeSystem-VirtualModalitiesCS.html">Virtual Modalities</a>#web)</span></p><p><b>value</b>: App <span style="background: LightGoldenRodYellow; margin: 4px; border: 1px solid khaki"> (<a href="CodeSystem-VirtualModalitiesCS.html">Virtual Modalities</a>#app)</span></p><p><b>value</b>: TDD <span style="background: LightGoldenRodYellow; margin: 4px; border: 1px solid khaki"> (<a href="CodeSystem-VirtualModalitiesCS.html">Virtual Modalities</a>#tdd)</span></p><p><b>value</b>: phone <span style="background: LightGoldenRodYellow; margin: 4px; border: 1px solid khaki"> (<a href="CodeSystem-VirtualModalitiesCS.html">Virtual Modalities</a>#phone)</span></p></blockquote><p><b>active</b>: true</p><p><b>providedBy</b>: <a href="Organization-PharmChain.html">Organization/PharmChain</a> "Pharm Chain"</p><p><b>category</b>: Pharmacy <span style="background: LightGoldenRodYellow; margin: 4px; border: 1px solid khaki"> (<a href="CodeSystem-HealthcareServiceCategoryCS.html">Healthcare Service Category</a>#pharm)</span></p><p><b>specialty</b>: Mail Order Pharmacy <span style="background: LightGoldenRodYellow; margin: 4px; border: 1px solid khaki"> (provider-taxonomy#3336M0002X)</span></p><p><b>name</b>: Mail Order Pharmacy by OrgA</p><p><b>telecom</b>: ph: (111)-222-3333, <a href="https://mailorderrx.com">https://mailorderrx.com</a></p></div>
  </text>
  <extension url="http://hl7.org/fhir/us/davinci-pdex-plan-net/StructureDefinition/delivery-method">
    <extension url="type">
      <valueCodeableConcept>
        <coding>
          <system value="http://hl7.org/fhir/us/davinci-pdex-plan-net/CodeSystem/DeliveryMethodCS"/>
          <code value="virtual"/>
        </coding>
      </valueCodeableConcept>
    </extension>
    <extension url="virtualModalities">
      <valueCodeableConcept>
        <coding>
          <system value="http://hl7.org/fhir/us/davinci-pdex-plan-net/CodeSystem/VirtualModalitiesCS"/>
          <code value="web"/>
        </coding>
      </valueCodeableConcept>
    </extension>
    <extension url="virtualModalities">
      <valueCodeableConcept>
        <coding>
          <system value="http://hl7.org/fhir/us/davinci-pdex-plan-net/CodeSystem/VirtualModalitiesCS"/>
          <code value="app"/>
        </coding>
      </valueCodeableConcept>
    </extension>
    <extension url="virtualModalities">
      <valueCodeableConcept>
        <coding>
          <system value="http://hl7.org/fhir/us/davinci-pdex-plan-net/CodeSystem/VirtualModalitiesCS"/>
          <code value="tdd"/>
        </coding>
      </valueCodeableConcept>
    </extension>
    <extension url="virtualModalities">
      <valueCodeableConcept>
        <coding>
          <system value="http://hl7.org/fhir/us/davinci-pdex-plan-net/CodeSystem/VirtualModalitiesCS"/>
          <code value="phone"/>
        </coding>
      </valueCodeableConcept>
    </extension>
  </extension>
  <active value="true"/>
  <providedBy>
    <reference value="Organization/PharmChain"/>
  </providedBy>
  <category>
    <coding>
      <system value="http://hl7.org/fhir/us/davinci-pdex-plan-net/CodeSystem/HealthcareServiceCategoryCS"/>
      <code value="pharm"/>
      <display value="Pharmacy"/>
    </coding>
  </category>
  <specialty>
    <coding>
      <system value="http://nucc.org/provider-taxonomy"/>
      <code value="3336M0002X"/>
      <display value="Mail Order Pharmacy"/>
    </coding>
  </specialty>
  <name value="Mail Order Pharmacy by OrgA"/>
  <telecom>
    <system value="phone"/>
    <value value="(111)-222-3333"/>
    <rank value="2"/>
  </telecom>
  <telecom>
    <system value="url"/>
    <value value="https://mailorderrx.com"/>
    <rank value="1"/>
  </telecom>
</HealthcareService>