<?xml version="1.0" encoding="UTF-8"?>

<ImplementationGuide xmlns="http://hl7.org/fhir">
  <id value="hl7.fhir.us.davinci-pdex-plan-net"/>
  <text>
    <status value="extensions"/><div xmlns="http://www.w3.org/1999/xhtml"><h2>DaVinciPDEXPlanNet</h2><p>The official URL for this implementation guide is: </p><pre>http://hl7.org/fhir/us/davinci-pdex-plan-net/ImplementationGuide/hl7.fhir.us.davinci-pdex-plan-net</pre><div><p>Davinci PDEX Plan Net</p>
</div></div>
  </text>
  <url value="http://hl7.org/fhir/us/davinci-pdex-plan-net/ImplementationGuide/hl7.fhir.us.davinci-pdex-plan-net"/>
  <version value="1.1.0"/>
  <name value="DaVinciPDEXPlanNet"/>
  <title value="DaVinci PDEX Plan Net"/>
  <status value="active"/>
  <date value="2022-04-04T14:04:34+00:00"/>
  <publisher value="HL7 Financial Management Working Group"/>
  <contact>
    <name value="HL7 Financial Management Working Group"/>
    <telecom>
      <system value="url"/>
      <value value="http://www.hl7.org/Special/committees/fm"/>
    </telecom>
    <telecom>
      <system value="email"/>
      <value value="fm@lists.HL7.org"/>
    </telecom>
  </contact>
  <description value="Davinci PDEX Plan Net"/>
  <jurisdiction>
    <coding>
      <system value="urn:iso:std:iso:3166"/>
      <code value="US"/>
    </coding>
  </jurisdiction>
  <packageId value="hl7.fhir.us.davinci-pdex-plan-net"/>
  <license value="CC0-1.0"/>
  <fhirVersion value="4.0.1"/>
  <dependsOn id="hl7_fhir_us_core">
    <uri value="http://hl7.org/fhir/us/core/ImplementationGuide/hl7.fhir.us.core"/>
    <packageId value="hl7.fhir.us.core"/>
    <version value="3.1.1"/>
  </dependsOn>
  <definition>
    <extension url="http://hl7.org/fhir/tools/StructureDefinition/ig-parameter">
      <extension url="code">
        <valueString value="copyrightyear"/>
      </extension>
      <extension url="value">
        <valueString value="2022+"/>
      </extension>
    </extension>
    <extension url="http://hl7.org/fhir/tools/StructureDefinition/ig-parameter">
      <extension url="code">
        <valueString value="releaselabel"/>
      </extension>
      <extension url="value">
        <valueString value="STU 1.1"/>
      </extension>
    </extension>
    <extension url="http://hl7.org/fhir/tools/StructureDefinition/ig-parameter">
      <extension url="code">
        <valueString value="show-inherited-invariants"/>
      </extension>
      <extension url="value">
        <valueString value="false"/>
      </extension>
    </extension>
    <extension url="http://hl7.org/fhir/tools/StructureDefinition/ig-parameter">
      <extension url="code">
        <valueString value="jira-code"/>
      </extension>
      <extension url="value">
        <valueString value="davinci-plannet"/>
      </extension>
    </extension>
    <extension url="http://hl7.org/fhir/tools/StructureDefinition/ig-parameter">
      <extension url="code">
        <valueString value="path-history"/>
      </extension>
      <extension url="value">
        <valueString value="http://hl7.org/fhir/us/davinci-pdex-plan-net/history.html"/>
      </extension>
    </extension>
    <extension url="http://hl7.org/fhir/tools/StructureDefinition/ig-parameter">
      <extension url="code">
        <valueString value="path-liquid"/>
      </extension>
      <extension url="value">
        <valueString value="template/liquid"/>
      </extension>
    </extension>
    <extension url="http://hl7.org/fhir/tools/StructureDefinition/ig-parameter">
      <extension url="code">
        <valueString value="path-liquid"/>
      </extension>
      <extension url="value">
        <valueString value="input/liquid"/>
      </extension>
    </extension>
    <extension url="http://hl7.org/fhir/tools/StructureDefinition/ig-parameter">
      <extension url="code">
        <valueString value="path-qa"/>
      </extension>
      <extension url="value">
        <valueString value="temp/qa"/>
      </extension>
    </extension>
    <extension url="http://hl7.org/fhir/tools/StructureDefinition/ig-parameter">
      <extension url="code">
        <valueString value="path-temp"/>
      </extension>
      <extension url="value">
        <valueString value="temp/pages"/>
      </extension>
    </extension>
    <extension url="http://hl7.org/fhir/tools/StructureDefinition/ig-parameter">
      <extension url="code">
        <valueString value="path-output"/>
      </extension>
      <extension url="value">
        <valueString value="output"/>
      </extension>
    </extension>
    <extension url="http://hl7.org/fhir/tools/StructureDefinition/ig-parameter">
      <extension url="code">
        <valueString value="path-suppressed-warnings"/>
      </extension>
      <extension url="value">
        <valueString value="input/ignoreWarnings.txt"/>
      </extension>
    </extension>
    <extension url="http://hl7.org/fhir/tools/StructureDefinition/ig-parameter">
      <extension url="code">
        <valueString value="template-html"/>
      </extension>
      <extension url="value">
        <valueString value="template-page.html"/>
      </extension>
    </extension>
    <extension url="http://hl7.org/fhir/tools/StructureDefinition/ig-parameter">
      <extension url="code">
        <valueString value="template-md"/>
      </extension>
      <extension url="value">
        <valueString value="template-page-md.html"/>
      </extension>
    </extension>
    <extension url="http://hl7.org/fhir/tools/StructureDefinition/ig-parameter">
      <extension url="code">
        <valueString value="apply-contact"/>
      </extension>
      <extension url="value">
        <valueString value="true"/>
      </extension>
    </extension>
    <extension url="http://hl7.org/fhir/tools/StructureDefinition/ig-parameter">
      <extension url="code">
        <valueString value="apply-context"/>
      </extension>
      <extension url="value">
        <valueString value="true"/>
      </extension>
    </extension>
    <extension url="http://hl7.org/fhir/tools/StructureDefinition/ig-parameter">
      <extension url="code">
        <valueString value="apply-copyright"/>
      </extension>
      <extension url="value">
        <valueString value="true"/>
      </extension>
    </extension>
    <extension url="http://hl7.org/fhir/tools/StructureDefinition/ig-parameter">
      <extension url="code">
        <valueString value="apply-jurisdiction"/>
      </extension>
      <extension url="value">
        <valueString value="true"/>
      </extension>
    </extension>
    <extension url="http://hl7.org/fhir/tools/StructureDefinition/ig-parameter">
      <extension url="code">
        <valueString value="apply-license"/>
      </extension>
      <extension url="value">
        <valueString value="true"/>
      </extension>
    </extension>
    <extension url="http://hl7.org/fhir/tools/StructureDefinition/ig-parameter">
      <extension url="code">
        <valueString value="apply-publisher"/>
      </extension>
      <extension url="value">
        <valueString value="true"/>
      </extension>
    </extension>
    <extension url="http://hl7.org/fhir/tools/StructureDefinition/ig-parameter">
      <extension url="code">
        <valueString value="apply-version"/>
      </extension>
      <extension url="value">
        <valueString value="true"/>
      </extension>
    </extension>
    <extension url="http://hl7.org/fhir/tools/StructureDefinition/ig-parameter">
      <extension url="code">
        <valueString value="active-tables"/>
      </extension>
      <extension url="value">
        <valueString value="true"/>
      </extension>
    </extension>
    <extension url="http://hl7.org/fhir/tools/StructureDefinition/ig-parameter">
      <extension url="code">
        <valueString value="fmm-definition"/>
      </extension>
      <extension url="value">
        <valueString value="http://hl7.org/fhir/versions.html#maturity"/>
      </extension>
    </extension>
    <extension url="http://hl7.org/fhir/tools/StructureDefinition/ig-parameter">
      <extension url="code">
        <valueString value="propagate-status"/>
      </extension>
      <extension url="value">
        <valueString value="true"/>
      </extension>
    </extension>
    <extension url="http://hl7.org/fhir/tools/StructureDefinition/ig-parameter">
      <extension url="code">
        <valueString value="excludelogbinaryformat"/>
      </extension>
      <extension url="value">
        <valueString value="true"/>
      </extension>
    </extension>
    <resource>
      <extension url="http://hl7.org/fhir/tools/StructureDefinition/resource-information">
        <valueString value="StructureDefinition:resource"/>
      </extension>
      <reference>
        <reference value="StructureDefinition/plannet-Endpoint"/>
      </reference>
      <name value="Plan-Net Endpoint"/>
      <description value="The technical details of an endpoint that can be used for electronic services, such as a portal or FHIR REST services, messaging or operations, or DIRECT messaging."/>
      <exampleBoolean value="false"/>
    </resource>
    <resource>
      <extension url="http://hl7.org/fhir/tools/StructureDefinition/resource-information">
        <valueString value="StructureDefinition:resource"/>
      </extension>
      <reference>
        <reference value="StructureDefinition/plannet-HealthcareService"/>
      </reference>
      <name value="Plan-Net HealthcareService"/>
      <description value="The HealthCareService resource typically describes services offered by an organization/practitioner at a location. The resource may be used to encompass a variety of services covering the entire healthcare spectrum, including promotion, prevention, diagnostics, pharmacy, hospital and ambulatory care, home care, long-term care, and other health-related and community services."/>
      <exampleBoolean value="false"/>
    </resource>
    <resource>
      <extension url="http://hl7.org/fhir/tools/StructureDefinition/resource-information">
        <valueString value="StructureDefinition:resource"/>
      </extension>
      <reference>
        <reference value="StructureDefinition/plannet-InsurancePlan"/>
      </reference>
      <name value="Plan-Net InsurancePlan"/>
      <description value="An InsurancePlan is a discrete package of health insurance coverage benefits that are offered under a particular network type. A given payer’s products typically differ by network type and/or covered benefits. A plan pairs a product’s covered benefits with the particular cost sharing structure offered to a consumer. A given product may comprise multiple plans (i.e. each plan offers different cost sharing requirements for the same set of covered benefits).&#xA;&#xA;InsurancePlan describes a health insurance offering comprised of a list of covered benefits (i.e. the product), costs associated with those benefits (i.e. the plan), and additional information about the offering, such as who it is owned and administered by, a coverage area, contact information, etc."/>
      <exampleBoolean value="false"/>
    </resource>
    <resource>
      <extension url="http://hl7.org/fhir/tools/StructureDefinition/resource-information">
        <valueString value="StructureDefinition:resource"/>
      </extension>
      <reference>
        <reference value="StructureDefinition/plannet-Location"/>
      </reference>
      <name value="Plan-Net Location"/>
      <description value="A Location is the physical place where healthcare services are provided, practitioners are employed, &#xA;                 organizations are based, etc. Locations can range in scope from a room in a building to a geographic region/area."/>
      <exampleBoolean value="false"/>
    </resource>
    <resource>
      <extension url="http://hl7.org/fhir/tools/StructureDefinition/resource-information">
        <valueString value="StructureDefinition:resource"/>
      </extension>
      <reference>
        <reference value="StructureDefinition/plannet-Network"/>
      </reference>
      <name value="Plan-Net Network"/>
      <description value="A Network refers to a healthcare provider insurance network. A healthcare provider insurance network is an aggregation of organizations and individuals that deliver a set of services across a geography through health insurance products/plans. A network is typically owned by a payer.&#xA;&#xA;In the PlanNet IG, individuals and organizations are represented as participants in a PLan-Net Network through the practitionerRole and Plan-Net-organizationAffiliation resources, respectively."/>
      <exampleBoolean value="false"/>
    </resource>
    <resource>
      <extension url="http://hl7.org/fhir/tools/StructureDefinition/resource-information">
        <valueString value="StructureDefinition:resource"/>
      </extension>
      <reference>
        <reference value="StructureDefinition/plannet-Organization"/>
      </reference>
      <name value="Plan-Net Organization"/>
      <description value="An organization is a formal or informal grouping of people or organizations with a common purpose, such as a company, institution, corporation, community group, or healthcare practice.&#xA;Guidance:   When the contact is a department name, rather than a human (e.g., patient help line), include a blank family and given name, and provide the department name in contact.name.text"/>
      <exampleBoolean value="false"/>
    </resource>
    <resource>
      <extension url="http://hl7.org/fhir/tools/StructureDefinition/resource-information">
        <valueString value="StructureDefinition:resource"/>
      </extension>
      <reference>
        <reference value="StructureDefinition/plannet-OrganizationAffiliation"/>
      </reference>
      <name value="Plan-Net OrganizationAffiliation"/>
      <description value="The OrganizationAffiliation resource describes relationships between two or more organizations, including the services one organization provides another, the location(s) where they provide services, the availability of those services, electronic endpoints, and other relevant information."/>
      <exampleBoolean value="false"/>
    </resource>
    <resource>
      <extension url="http://hl7.org/fhir/tools/StructureDefinition/resource-information">
        <valueString value="StructureDefinition:resource"/>
      </extension>
      <reference>
        <reference value="StructureDefinition/plannet-Practitioner"/>
      </reference>
      <name value="Plan-Net Practitioner"/>
      <description value="Practitioner is a person who is directly or indirectly involved in the provisioning of healthcare."/>
      <exampleBoolean value="false"/>
    </resource>
    <resource>
      <extension url="http://hl7.org/fhir/tools/StructureDefinition/resource-information">
        <valueString value="StructureDefinition:resource"/>
      </extension>
      <reference>
        <reference value="StructureDefinition/plannet-PractitionerRole"/>
      </reference>
      <name value="Plan-Net PractitionerRole"/>
      <description value="PractionerRole describes details about a provider, which can be a practitioner or an organization. When the provider is a practitioner, &#xA;there may be a relationship to an organization. A provider renders services to patients at a location. When the provider is a practitioner, there may also &#xA;be a relationship to an organization. Practitioner participation in healthcare provider insurance networks may be direct or through their role at an organization."/>
      <exampleBoolean value="false"/>
    </resource>
    <resource>
      <extension url="http://hl7.org/fhir/tools/StructureDefinition/resource-information">
        <valueString value="StructureDefinition:extension"/>
      </extension>
      <reference>
        <reference value="StructureDefinition/accessibility"/>
      </reference>
      <name value="Accessibility"/>
      <description value="An extension to describe accessibility options offered by a practitioner or at a location."/>
      <exampleBoolean value="false"/>
    </resource>
    <resource>
      <extension url="http://hl7.org/fhir/tools/StructureDefinition/resource-information">
        <valueString value="StructureDefinition:extension"/>
      </extension>
      <reference>
        <reference value="StructureDefinition/communication-proficiency"/>
      </reference>
      <name value="Communication Proficiency"/>
      <description value="An extension to express a practitioner’s spoken proficiency with the language indicated in practitioner.communication."/>
      <exampleBoolean value="false"/>
    </resource>
    <resource>
      <extension url="http://hl7.org/fhir/tools/StructureDefinition/resource-information">
        <valueString value="StructureDefinition:extension"/>
      </extension>
      <reference>
        <reference value="StructureDefinition/contactpoint-availabletime"/>
      </reference>
      <name value="Contactpoint Availabletime"/>
      <description value="An extension representing the days and times a contact point is available"/>
      <exampleBoolean value="false"/>
    </resource>
    <resource>
      <extension url="http://hl7.org/fhir/tools/StructureDefinition/resource-information">
        <valueString value="StructureDefinition:extension"/>
      </extension>
      <reference>
        <reference value="StructureDefinition/delivery-method"/>
      </reference>
      <name value="Delivery Method"/>
      <description value="An extension describing the service delivery method.   If service delivery is virtual, one or more delivery modalities should be specified."/>
      <exampleBoolean value="false"/>
    </resource>
    <resource>
      <extension url="http://hl7.org/fhir/tools/StructureDefinition/resource-information">
        <valueString value="StructureDefinition:extension"/>
      </extension>
      <reference>
        <reference value="StructureDefinition/endpoint-usecase"/>
      </reference>
      <name value="Endpoint Usecase"/>
      <description value="EndpointUseCase is an enumeration of the specific use cases (service descriptions) supported by the endpoint"/>
      <exampleBoolean value="false"/>
    </resource>
    <resource>
      <extension url="http://hl7.org/fhir/tools/StructureDefinition/resource-information">
        <valueString value="StructureDefinition:extension"/>
      </extension>
      <reference>
        <reference value="StructureDefinition/location-reference"/>
      </reference>
      <name value="Location Reference"/>
      <description value="A reference to a Location resource (plannet-Location) defining the coverage area of a health insurance provider network"/>
      <exampleBoolean value="false"/>
    </resource>
    <resource>
      <extension url="http://hl7.org/fhir/tools/StructureDefinition/resource-information">
        <valueString value="StructureDefinition:extension"/>
      </extension>
      <reference>
        <reference value="StructureDefinition/network-reference"/>
      </reference>
      <name value="Network Reference"/>
      <description value="A reference to the healthcare provider insurance networks (plannet-Network) the practitioner participates in through their role"/>
      <exampleBoolean value="false"/>
    </resource>
    <resource>
      <extension url="http://hl7.org/fhir/tools/StructureDefinition/resource-information">
        <valueString value="StructureDefinition:extension"/>
      </extension>
      <reference>
        <reference value="StructureDefinition/newpatients"/>
      </reference>
      <name value="New Patients"/>
      <description value="New Patients indicates whether new patients are being accepted in general, or from a specific network.   &#xA;              This extension is included in the PractitionerRole, HealthcareService, and Location profiles.  &#xA;              This provides needed flexibility for specifying whether a provider accepts new patients by location and network."/>
      <exampleBoolean value="false"/>
    </resource>
    <resource>
      <extension url="http://hl7.org/fhir/tools/StructureDefinition/resource-information">
        <valueString value="StructureDefinition:extension"/>
      </extension>
      <reference>
        <reference value="StructureDefinition/org-description"/>
      </reference>
      <name value="Org Description"/>
      <description value="An extension to provide a human-readable description of an organization."/>
      <exampleBoolean value="false"/>
    </resource>
    <resource>
      <extension url="http://hl7.org/fhir/tools/StructureDefinition/resource-information">
        <valueString value="StructureDefinition:extension"/>
      </extension>
      <reference>
        <reference value="StructureDefinition/practitioner-qualification"/>
      </reference>
      <name value="Practitioner Qualification"/>
      <description value="An extension to add status and whereValid elements to a practitioner’s qualifications."/>
      <exampleBoolean value="false"/>
    </resource>
    <resource>
      <extension url="http://hl7.org/fhir/tools/StructureDefinition/resource-information">
        <valueString value="StructureDefinition:extension"/>
      </extension>
      <reference>
        <reference value="StructureDefinition/qualification"/>
      </reference>
      <name value="Qualification"/>
      <description value="An extension to add qualifications for an organization (e.g. accreditation) or practitionerRole (e.g. registered to prescribe controlled substances)."/>
      <exampleBoolean value="false"/>
    </resource>
    <resource>
      <extension url="http://hl7.org/fhir/tools/StructureDefinition/resource-information">
        <valueString value="StructureDefinition:extension"/>
      </extension>
      <reference>
        <reference value="StructureDefinition/via-intermediary"/>
      </reference>
      <name value="Via Intermediary"/>
      <description value="A reference to an alternative point of contact (plannet-PractitionerRole, plannet-Organization, plannet-OrganizationAffiliation, or plannet-Location) for this organization"/>
      <exampleBoolean value="false"/>
    </resource>
    <resource>
      <extension url="http://hl7.org/fhir/tools/StructureDefinition/resource-information">
        <valueString value="ValueSet"/>
      </extension>
      <reference>
        <reference value="ValueSet/AcceptingPatientsVS"/>
      </reference>
      <name value="Accepting Patients Codes VS"/>
      <description value="Codes to identify if the practice is accepting new patients"/>
      <exampleBoolean value="false"/>
    </resource>
    <resource>
      <extension url="http://hl7.org/fhir/tools/StructureDefinition/resource-information">
        <valueString value="ValueSet"/>
      </extension>
      <reference>
        <reference value="ValueSet/AccessibilityVS"/>
      </reference>
      <name value="Accessibility VS"/>
      <description value="Codes for documenting general categories of accommodations available."/>
      <exampleBoolean value="false"/>
    </resource>
    <resource>
      <extension url="http://hl7.org/fhir/tools/StructureDefinition/resource-information">
        <valueString value="ValueSet"/>
      </extension>
      <reference>
        <reference value="ValueSet/DeliveryMethodVS"/>
      </reference>
      <name value="Delivery Methods VS"/>
      <description value="Codes for documenting delivery methods."/>
      <exampleBoolean value="false"/>
    </resource>
    <resource>
      <extension url="http://hl7.org/fhir/tools/StructureDefinition/resource-information">
        <valueString value="ValueSet"/>
      </extension>
      <reference>
        <reference value="ValueSet/EndpointConnectionTypeVS"/>
      </reference>
      <name value="Endpoint Connection Types VS"/>
      <description value="Endpoint Connection Types"/>
      <exampleBoolean value="false"/>
    </resource>
    <resource>
      <extension url="http://hl7.org/fhir/tools/StructureDefinition/resource-information">
        <valueString value="ValueSet"/>
      </extension>
      <reference>
        <reference value="ValueSet/EndpointPayloadTypeVS"/>
      </reference>
      <name value="Endpoint Payload Types VS"/>
      <description value="Endpoint Payload Types are constrained to NA (Not Applicable) as part of this IG"/>
      <exampleBoolean value="false"/>
    </resource>
    <resource>
      <extension url="http://hl7.org/fhir/tools/StructureDefinition/resource-information">
        <valueString value="ValueSet"/>
      </extension>
      <reference>
        <reference value="ValueSet/EndpointUsecaseVS"/>
      </reference>
      <name value="Endpoint Usecases VS"/>
      <description value="Codes for documenting business use case by a general grouping by business area."/>
      <exampleBoolean value="false"/>
    </resource>
    <resource>
      <extension url="http://hl7.org/fhir/tools/StructureDefinition/resource-information">
        <valueString value="ValueSet"/>
      </extension>
      <reference>
        <reference value="ValueSet/HealthcareServiceCategoryVS"/>
      </reference>
      <name value="Healthcare Service CategoryVS"/>
      <description value="Broad categories of healthcare services being performed or delivered."/>
      <exampleBoolean value="false"/>
    </resource>
    <resource>
      <extension url="http://hl7.org/fhir/tools/StructureDefinition/resource-information">
        <valueString value="ValueSet"/>
      </extension>
      <reference>
        <reference value="ValueSet/HealthcareServiceTypeVS"/>
      </reference>
      <name value="HealthcareService Types VS"/>
      <description value="Valueset for HealthCareService type"/>
      <exampleBoolean value="false"/>
    </resource>
    <resource>
      <extension url="http://hl7.org/fhir/tools/StructureDefinition/resource-information">
        <valueString value="ValueSet"/>
      </extension>
      <reference>
        <reference value="ValueSet/IndividualAndGroupSpecialtiesVS"/>
      </reference>
      <name value="Individual and Group Specialties"/>
      <description value="Individual and Group Specialties from National Uniform Claim Committee (NUCC) Health Care Provider Taxonomy code set."/>
      <exampleBoolean value="false"/>
    </resource>
    <resource>
      <extension url="http://hl7.org/fhir/tools/StructureDefinition/resource-information">
        <valueString value="ValueSet"/>
      </extension>
      <reference>
        <reference value="ValueSet/IndividualSpecialtyAndDegreeLicenseCertificateVS"/>
      </reference>
      <name value="Individual Specialties, Degrees, Licenses, and Certificates VS"/>
      <description value="Individual Specialties, Degrees, Licenses, and Certificates"/>
      <exampleBoolean value="false"/>
    </resource>
    <resource>
      <extension url="http://hl7.org/fhir/tools/StructureDefinition/resource-information">
        <valueString value="ValueSet"/>
      </extension>
      <reference>
        <reference value="ValueSet/InsurancePlanTypeVS"/>
      </reference>
      <name value="Insurance Plan TypeVS"/>
      <description value="Categories of cost-sharing used by plans."/>
      <exampleBoolean value="false"/>
    </resource>
    <resource>
      <extension url="http://hl7.org/fhir/tools/StructureDefinition/resource-information">
        <valueString value="ValueSet"/>
      </extension>
      <reference>
        <reference value="ValueSet/InsuranceProductTypeVS"/>
      </reference>
      <name value="Insurance Product Type VS"/>
      <description value="A distinct package of health insurance coverage benefits that are offered using a particular product network type."/>
      <exampleBoolean value="false"/>
    </resource>
    <resource>
      <extension url="http://hl7.org/fhir/tools/StructureDefinition/resource-information">
        <valueString value="ValueSet"/>
      </extension>
      <reference>
        <reference value="ValueSet/LanguageProficiencyVS"/>
      </reference>
      <name value="Language Proficiency VS"/>
      <description value="Codes for documenting spoken language proficiency based on the Interagency Language Roundtable scale of abilities to communicate in a language."/>
      <exampleBoolean value="false"/>
    </resource>
    <resource>
      <extension url="http://hl7.org/fhir/tools/StructureDefinition/resource-information">
        <valueString value="ValueSet"/>
      </extension>
      <reference>
        <reference value="ValueSet/MinEndpointConnectionTypeVS"/>
      </reference>
      <name value="Minimum Endpoint Connection Types VS"/>
      <description value="Minimum Endpoint Connection Types"/>
      <exampleBoolean value="false"/>
    </resource>
    <resource>
      <extension url="http://hl7.org/fhir/tools/StructureDefinition/resource-information">
        <valueString value="ValueSet"/>
      </extension>
      <reference>
        <reference value="ValueSet/NetworkTypeVS"/>
      </reference>
      <name value="Network Type VS"/>
      <description value="Single value describing networks."/>
      <exampleBoolean value="false"/>
    </resource>
    <resource>
      <extension url="http://hl7.org/fhir/tools/StructureDefinition/resource-information">
        <valueString value="ValueSet"/>
      </extension>
      <reference>
        <reference value="ValueSet/NonIndividualSpecialtiesVS"/>
      </reference>
      <name value="Non-Individual Specialties"/>
      <description value="Non-Individual Specialties from National Uniform Claim Committee (NUCC) Health Care Provider Taxonomy code set."/>
      <exampleBoolean value="false"/>
    </resource>
    <resource>
      <extension url="http://hl7.org/fhir/tools/StructureDefinition/resource-information">
        <valueString value="ValueSet"/>
      </extension>
      <reference>
        <reference value="ValueSet/NonIndividualSpecialtyAndDegreeLicenseCertificateVS"/>
      </reference>
      <name value="Non-Individual Specialties, Degrees, Licenses, and Certificates VS"/>
      <description value="Non-Individual Specialties, Degrees, Licenses, and Certificates"/>
      <exampleBoolean value="false"/>
    </resource>
    <resource>
      <extension url="http://hl7.org/fhir/tools/StructureDefinition/resource-information">
        <valueString value="ValueSet"/>
      </extension>
      <reference>
        <reference value="ValueSet/OrgTypeVS"/>
      </reference>
      <name value="Organization Type VS"/>
      <description value="Categories of organizations based on criteria in provider directories."/>
      <exampleBoolean value="false"/>
    </resource>
    <resource>
      <extension url="http://hl7.org/fhir/tools/StructureDefinition/resource-information">
        <valueString value="ValueSet"/>
      </extension>
      <reference>
        <reference value="ValueSet/OrganizationAffiliationRoleVS"/>
      </reference>
      <name value="OrganizationAffiliation Roles"/>
      <description value="Value Set for Organization Affiliation Roles"/>
      <exampleBoolean value="false"/>
    </resource>
    <resource>
      <extension url="http://hl7.org/fhir/tools/StructureDefinition/resource-information">
        <valueString value="ValueSet"/>
      </extension>
      <reference>
        <reference value="ValueSet/PractitionerRoleVS"/>
      </reference>
      <name value="PractitionerRole Code VS"/>
      <description value="Codes for the capabilities that an individual, group, or organization is acknowledged to have in a payer network, including general codes from the HL7 PractitionerRole Code System."/>
      <exampleBoolean value="false"/>
    </resource>
    <resource>
      <extension url="http://hl7.org/fhir/tools/StructureDefinition/resource-information">
        <valueString value="ValueSet"/>
      </extension>
      <reference>
        <reference value="ValueSet/QualificationStatusVS"/>
      </reference>
      <name value="Qualification Status VS"/>
      <description value="The state indicating if a qualification is currently valid."/>
      <exampleBoolean value="false"/>
    </resource>
    <resource>
      <extension url="http://hl7.org/fhir/tools/StructureDefinition/resource-information">
        <valueString value="ValueSet"/>
      </extension>
      <reference>
        <reference value="ValueSet/SpecialtiesVS"/>
      </reference>
      <name value="Specialties VS"/>
      <description value="Specialties value set based on National Uniform Claim Committee (NUCC) Health Care Provider Taxonomy code set."/>
      <exampleBoolean value="false"/>
    </resource>
    <resource>
      <extension url="http://hl7.org/fhir/tools/StructureDefinition/resource-information">
        <valueString value="ValueSet"/>
      </extension>
      <reference>
        <reference value="ValueSet/SpecialtyAndDegreeLicenseCertificateVS"/>
      </reference>
      <name value="Specialties, Degrees, Licenses, and Certificates VS"/>
      <description value="Specialties and Degree License and Certificates"/>
      <exampleBoolean value="false"/>
    </resource>
    <resource>
      <extension url="http://hl7.org/fhir/tools/StructureDefinition/resource-information">
        <valueString value="ValueSet"/>
      </extension>
      <reference>
        <reference value="ValueSet/VirtualModalitiesVS"/>
      </reference>
      <name value="Virtual Modalities VS"/>
      <description value="Codes for virtual service delivery modalities ."/>
      <exampleBoolean value="false"/>
    </resource>
    <resource>
      <extension url="http://hl7.org/fhir/tools/StructureDefinition/resource-information">
        <valueString value="CodeSystem"/>
      </extension>
      <reference>
        <reference value="CodeSystem/AcceptingPatientsCS"/>
      </reference>
      <name value="Accepting Patients Codes"/>
      <description value="Codes to identify if the practice is accepting new patients"/>
      <exampleBoolean value="false"/>
    </resource>
    <resource>
      <extension url="http://hl7.org/fhir/tools/StructureDefinition/resource-information">
        <valueString value="CodeSystem"/>
      </extension>
      <reference>
        <reference value="CodeSystem/AccessibilityCS"/>
      </reference>
      <name value="Accessibility CS"/>
      <description value="General categories of accommodations available."/>
      <exampleBoolean value="false"/>
    </resource>
    <resource>
      <extension url="http://hl7.org/fhir/tools/StructureDefinition/resource-information">
        <valueString value="CodeSystem"/>
      </extension>
      <reference>
        <reference value="CodeSystem/DeliveryMethodCS"/>
      </reference>
      <name value="Delivery Methods"/>
      <description value="Categories of healthcare service delivery methods."/>
      <exampleBoolean value="false"/>
    </resource>
    <resource>
      <extension url="http://hl7.org/fhir/tools/StructureDefinition/resource-information">
        <valueString value="CodeSystem"/>
      </extension>
      <reference>
        <reference value="CodeSystem/EndpointConnectionTypeCS"/>
      </reference>
      <name value="Endpoint Connection Types (additional)"/>
      <description value="Extension codes for http://terminology.hl7.org/CodeSystem/endpoint-connection-type"/>
      <exampleBoolean value="false"/>
    </resource>
    <resource>
      <extension url="http://hl7.org/fhir/tools/StructureDefinition/resource-information">
        <valueString value="CodeSystem"/>
      </extension>
      <reference>
        <reference value="CodeSystem/EndpointPayloadTypeCS"/>
      </reference>
      <name value="Endpoint Payload Types"/>
      <description value="Endpoint Payload Types are constrained to NA (Not Applicable) as part of this IG"/>
      <exampleBoolean value="false"/>
    </resource>
    <resource>
      <extension url="http://hl7.org/fhir/tools/StructureDefinition/resource-information">
        <valueString value="CodeSystem"/>
      </extension>
      <reference>
        <reference value="CodeSystem/HealthcareServiceCategoryCS"/>
      </reference>
      <name value="Healthcare Service Category"/>
      <description value="Broad categories of healthcare services being performed or delivered"/>
      <exampleBoolean value="false"/>
    </resource>
    <resource>
      <extension url="http://hl7.org/fhir/tools/StructureDefinition/resource-information">
        <valueString value="CodeSystem"/>
      </extension>
      <reference>
        <reference value="CodeSystem/InsurancePlanTypeCS"/>
      </reference>
      <name value="Insurance Plan Type"/>
      <description value="Categories of cost-sharing used by plans"/>
      <exampleBoolean value="false"/>
    </resource>
    <resource>
      <extension url="http://hl7.org/fhir/tools/StructureDefinition/resource-information">
        <valueString value="CodeSystem"/>
      </extension>
      <reference>
        <reference value="CodeSystem/InsuranceProductTypeCS"/>
      </reference>
      <name value="Insurance Product Type"/>
      <description value="A distinct package of health insurance coverage benefits that are offered using a particular product network type."/>
      <exampleBoolean value="false"/>
    </resource>
    <resource>
      <extension url="http://hl7.org/fhir/tools/StructureDefinition/resource-information">
        <valueString value="CodeSystem"/>
      </extension>
      <reference>
        <reference value="CodeSystem/LanguageProficiencyCS"/>
      </reference>
      <name value="Language Proficiency CS"/>
      <description value="Codes for documenting spoken language proficiency based on the Interagency Language Roundtable scale of abilities to communicate in a language."/>
      <exampleBoolean value="false"/>
    </resource>
    <resource>
      <extension url="http://hl7.org/fhir/tools/StructureDefinition/resource-information">
        <valueString value="CodeSystem"/>
      </extension>
      <reference>
        <reference value="CodeSystem/OrgTypeCS"/>
      </reference>
      <name value="Organization Type"/>
      <description value="Categories of organizations based on criteria in provider directories."/>
      <exampleBoolean value="false"/>
    </resource>
    <resource>
      <extension url="http://hl7.org/fhir/tools/StructureDefinition/resource-information">
        <valueString value="CodeSystem"/>
      </extension>
      <reference>
        <reference value="CodeSystem/OrganizationAffiliationRoleCS"/>
      </reference>
      <name value="Organization Affiliation Role"/>
      <description value="Codes For Organization Affiliation Role"/>
      <exampleBoolean value="false"/>
    </resource>
    <resource>
      <extension url="http://hl7.org/fhir/tools/StructureDefinition/resource-information">
        <valueString value="CodeSystem"/>
      </extension>
      <reference>
        <reference value="CodeSystem/ProviderRoleCS"/>
      </reference>
      <name value="Provider Role Codes"/>
      <description value="A capability that an individual, group, or organization is acknowledged to have in a payer network."/>
      <exampleBoolean value="false"/>
    </resource>
    <resource>
      <extension url="http://hl7.org/fhir/tools/StructureDefinition/resource-information">
        <valueString value="CodeSystem"/>
      </extension>
      <reference>
        <reference value="CodeSystem/QualificationStatusCS"/>
      </reference>
      <name value="Qualification Status"/>
      <description value="The state indicating if a qualification is currently valid."/>
      <exampleBoolean value="false"/>
    </resource>
    <resource>
      <extension url="http://hl7.org/fhir/tools/StructureDefinition/resource-information">
        <valueString value="CodeSystem"/>
      </extension>
      <reference>
        <reference value="CodeSystem/VirtualModalitiesCS"/>
      </reference>
      <name value="Virtual Modalities"/>
      <description value="Categories of virtual service delivery modalities."/>
      <exampleBoolean value="false"/>
    </resource>
    <resource>
      <extension url="http://hl7.org/fhir/tools/StructureDefinition/resource-information">
        <valueString value="Organization"/>
      </extension>
      <reference>
        <reference value="Organization/Acme"/>
      </reference>
      <name value="Acme"/>
      <description value="Payer Organization"/>
      <exampleCanonical value="http://hl7.org/fhir/us/davinci-pdex-plan-net/StructureDefinition/plannet-Organization"/>
    </resource>
    <resource>
      <extension url="http://hl7.org/fhir/tools/StructureDefinition/resource-information">
        <valueString value="Endpoint"/>
      </extension>
      <reference>
        <reference value="Endpoint/AcmeOfCTPortalEndpoint"/>
      </reference>
      <name value="AcmeOfCTPortalEndpoint"/>
      <description value="Endpoint for Acme of CT Portal"/>
      <exampleCanonical value="http://hl7.org/fhir/us/davinci-pdex-plan-net/StructureDefinition/plannet-Endpoint"/>
    </resource>
    <resource>
      <extension url="http://hl7.org/fhir/tools/StructureDefinition/resource-information">
        <valueString value="InsurancePlan"/>
      </extension>
      <reference>
        <reference value="InsurancePlan/AcmeQHPBronze"/>
      </reference>
      <name value="AcmeQHPBronze"/>
      <description value="Acme of CT QHP Bronze Plan"/>
      <exampleCanonical value="http://hl7.org/fhir/us/davinci-pdex-plan-net/StructureDefinition/plannet-InsurancePlan"/>
    </resource>
    <resource>
      <extension url="http://hl7.org/fhir/tools/StructureDefinition/resource-information">
        <valueString value="InsurancePlan"/>
      </extension>
      <reference>
        <reference value="InsurancePlan/AcmeQHPGold"/>
      </reference>
      <name value="AcmeQHPGold"/>
      <description value="Acme of CT QHP Gold Plan"/>
      <exampleCanonical value="http://hl7.org/fhir/us/davinci-pdex-plan-net/StructureDefinition/plannet-InsurancePlan"/>
    </resource>
    <resource>
      <extension url="http://hl7.org/fhir/tools/StructureDefinition/resource-information">
        <valueString value="Organization"/>
      </extension>
      <reference>
        <reference value="Organization/AcmeofCTPremNet"/>
      </reference>
      <name value="AcmeofCTPremNet"/>
      <description value="Acme of CT Premium Premium Network"/>
      <exampleCanonical value="http://hl7.org/fhir/us/davinci-pdex-plan-net/StructureDefinition/plannet-Network"/>
    </resource>
    <resource>
      <extension url="http://hl7.org/fhir/tools/StructureDefinition/resource-information">
        <valueString value="Organization"/>
      </extension>
      <reference>
        <reference value="Organization/AcmeofCTStdNet"/>
      </reference>
      <name value="AcmeofCTStdNet"/>
      <description value="Acme of CT Standard Network"/>
      <exampleCanonical value="http://hl7.org/fhir/us/davinci-pdex-plan-net/StructureDefinition/plannet-Network"/>
    </resource>
    <resource>
      <extension url="http://hl7.org/fhir/tools/StructureDefinition/resource-information">
        <valueString value="PractitionerRole"/>
      </extension>
      <reference>
        <reference value="PractitionerRole/AnonRole"/>
      </reference>
      <name value="AnonRole"/>
      <description value="Practitioner role that doesn't refer to a specific practitioner"/>
      <exampleCanonical value="http://hl7.org/fhir/us/davinci-pdex-plan-net/StructureDefinition/plannet-PractitionerRole"/>
    </resource>
    <resource>
      <extension url="http://hl7.org/fhir/tools/StructureDefinition/resource-information">
        <valueString value="Organization"/>
      </extension>
      <reference>
        <reference value="Organization/BigBox"/>
      </reference>
      <name value="BigBox"/>
      <description value="Organization that Manages 2 of PharmChain's pharmacies"/>
      <exampleCanonical value="http://hl7.org/fhir/us/davinci-pdex-plan-net/StructureDefinition/plannet-Organization"/>
    </resource>
    <resource>
      <extension url="http://hl7.org/fhir/tools/StructureDefinition/resource-information">
        <valueString value="Organization"/>
      </extension>
      <reference>
        <reference value="Organization/BurrClinic"/>
      </reference>
      <name value="BurrClinic"/>
      <description value="Burr Clinic provides service to Hartford Hospital"/>
      <exampleCanonical value="http://hl7.org/fhir/us/davinci-pdex-plan-net/StructureDefinition/plannet-Organization"/>
    </resource>
    <resource>
      <extension url="http://hl7.org/fhir/tools/StructureDefinition/resource-information">
        <valueString value="OrganizationAffiliation"/>
      </extension>
      <reference>
        <reference value="OrganizationAffiliation/BurrClinicAffil"/>
      </reference>
      <name value="BurrClinicAffil"/>
      <description value="Burr Clinic's affiliation with Acme of CT Provider Network and Hartford General Hospital"/>
      <exampleCanonical value="http://hl7.org/fhir/us/davinci-pdex-plan-net/StructureDefinition/plannet-OrganizationAffiliation"/>
    </resource>
    <resource>
      <extension url="http://hl7.org/fhir/tools/StructureDefinition/resource-information">
        <valueString value="HealthcareService"/>
      </extension>
      <reference>
        <reference value="HealthcareService/BurrClinicServices"/>
      </reference>
      <name value="BurrClinicServices"/>
      <description value="Burr Clinic Services"/>
      <exampleCanonical value="http://hl7.org/fhir/us/davinci-pdex-plan-net/StructureDefinition/plannet-HealthcareService"/>
    </resource>
    <resource>
      <extension url="http://hl7.org/fhir/tools/StructureDefinition/resource-information">
        <valueString value="Organization"/>
      </extension>
      <reference>
        <reference value="Organization/CancerClinic"/>
      </reference>
      <name value="CancerClinic"/>
      <description value="HartfordCancerClinicLLC"/>
      <exampleCanonical value="http://hl7.org/fhir/us/davinci-pdex-plan-net/StructureDefinition/plannet-Organization"/>
    </resource>
    <resource>
      <extension url="http://hl7.org/fhir/tools/StructureDefinition/resource-information">
        <valueString value="Location"/>
      </extension>
      <reference>
        <reference value="Location/CancerClinicLoc"/>
      </reference>
      <name value="CancerClinicLoc"/>
      <description value="Location1 of Cancer Clinic"/>
      <exampleCanonical value="http://hl7.org/fhir/us/davinci-pdex-plan-net/StructureDefinition/plannet-Location"/>
    </resource>
    <resource>
      <extension url="http://hl7.org/fhir/tools/StructureDefinition/resource-information">
        <valueString value="HealthcareService"/>
      </extension>
      <reference>
        <reference value="HealthcareService/CancerClinicService"/>
      </reference>
      <name value="CancerClinicService"/>
      <description value="Cancer Clinic Services"/>
      <exampleCanonical value="http://hl7.org/fhir/us/davinci-pdex-plan-net/StructureDefinition/plannet-HealthcareService"/>
    </resource>
    <resource>
      <extension url="http://hl7.org/fhir/tools/StructureDefinition/resource-information">
        <valueString value="Organization"/>
      </extension>
      <reference>
        <reference value="Organization/ConnHIE"/>
      </reference>
      <name value="ConnHIE"/>
      <description value="Connecticut HIE"/>
      <exampleCanonical value="http://hl7.org/fhir/us/davinci-pdex-plan-net/StructureDefinition/plannet-Organization"/>
    </resource>
    <resource>
      <extension url="http://hl7.org/fhir/tools/StructureDefinition/resource-information">
        <valueString value="OrganizationAffiliation"/>
      </extension>
      <reference>
        <reference value="OrganizationAffiliation/ConnHIEAffil"/>
      </reference>
      <name value="ConnHIEAffil"/>
      <description value="Burr Clinic's affiliation with Conn HIE"/>
      <exampleCanonical value="http://hl7.org/fhir/us/davinci-pdex-plan-net/StructureDefinition/plannet-OrganizationAffiliation"/>
    </resource>
    <resource>
      <extension url="http://hl7.org/fhir/tools/StructureDefinition/resource-information">
        <valueString value="Practitioner"/>
      </extension>
      <reference>
        <reference value="Practitioner/Counselor"/>
      </reference>
      <name value="Counselor"/>
      <description value="Counselor Susie Smith"/>
      <exampleCanonical value="http://hl7.org/fhir/us/davinci-pdex-plan-net/StructureDefinition/plannet-Practitioner"/>
    </resource>
    <resource>
      <extension url="http://hl7.org/fhir/tools/StructureDefinition/resource-information">
        <valueString value="PractitionerRole"/>
      </extension>
      <reference>
        <reference value="PractitionerRole/CounselorRole1"/>
      </reference>
      <name value="CounselorRole1"/>
      <description value="Susie  Smith is a counselor via Telemedicine"/>
      <exampleCanonical value="http://hl7.org/fhir/us/davinci-pdex-plan-net/StructureDefinition/plannet-PractitionerRole"/>
    </resource>
    <resource>
      <extension url="http://hl7.org/fhir/tools/StructureDefinition/resource-information">
        <valueString value="Organization"/>
      </extension>
      <reference>
        <reference value="Organization/HamiltonClinic"/>
      </reference>
      <name value="HamiltonClinic"/>
      <description value="Hamilton Clinic (a Division of Hartford Hospital)"/>
      <exampleCanonical value="http://hl7.org/fhir/us/davinci-pdex-plan-net/StructureDefinition/plannet-Organization"/>
    </resource>
    <resource>
      <extension url="http://hl7.org/fhir/tools/StructureDefinition/resource-information">
        <valueString value="OrganizationAffiliation"/>
      </extension>
      <reference>
        <reference value="OrganizationAffiliation/HamiltonClinicAffil"/>
      </reference>
      <name value="HamiltonClinicAffil"/>
      <description value="Hamilton Clinic's affiliation with Acme of CT Provider Network and Hartford General Hospital"/>
      <exampleCanonical value="http://hl7.org/fhir/us/davinci-pdex-plan-net/StructureDefinition/plannet-OrganizationAffiliation"/>
    </resource>
    <resource>
      <extension url="http://hl7.org/fhir/tools/StructureDefinition/resource-information">
        <valueString value="HealthcareService"/>
      </extension>
      <reference>
        <reference value="HealthcareService/HamiltonClinicServices"/>
      </reference>
      <name value="HamiltonClinicServices"/>
      <description value="Hamilton Clinic Services"/>
      <exampleCanonical value="http://hl7.org/fhir/us/davinci-pdex-plan-net/StructureDefinition/plannet-HealthcareService"/>
    </resource>
    <resource>
      <extension url="http://hl7.org/fhir/tools/StructureDefinition/resource-information">
        <valueString value="Practitioner"/>
      </extension>
      <reference>
        <reference value="Practitioner/HansSolo"/>
      </reference>
      <name value="HansSolo"/>
      <description value="Solo Practitioner Hans Solo"/>
      <exampleCanonical value="http://hl7.org/fhir/us/davinci-pdex-plan-net/StructureDefinition/plannet-Practitioner"/>
    </resource>
    <resource>
      <extension url="http://hl7.org/fhir/tools/StructureDefinition/resource-information">
        <valueString value="Location"/>
      </extension>
      <reference>
        <reference value="Location/HansSoloClinic"/>
      </reference>
      <name value="HansSoloClinic"/>
      <description value="Location of Hans Solo's clinic"/>
      <exampleCanonical value="http://hl7.org/fhir/us/davinci-pdex-plan-net/StructureDefinition/plannet-Location"/>
    </resource>
    <resource>
      <extension url="http://hl7.org/fhir/tools/StructureDefinition/resource-information">
        <valueString value="PractitionerRole"/>
      </extension>
      <reference>
        <reference value="PractitionerRole/HansSoloRole1"/>
      </reference>
      <name value="HansSoloRole1"/>
      <description value="Hans Solo is a solo practitioner"/>
      <exampleCanonical value="http://hl7.org/fhir/us/davinci-pdex-plan-net/StructureDefinition/plannet-PractitionerRole"/>
    </resource>
    <resource>
      <extension url="http://hl7.org/fhir/tools/StructureDefinition/resource-information">
        <valueString value="HealthcareService"/>
      </extension>
      <reference>
        <reference value="HealthcareService/HansSoloService"/>
      </reference>
      <name value="HansSoloService"/>
      <description value="Hans Solo Services"/>
      <exampleCanonical value="http://hl7.org/fhir/us/davinci-pdex-plan-net/StructureDefinition/plannet-HealthcareService"/>
    </resource>
    <resource>
      <extension url="http://hl7.org/fhir/tools/StructureDefinition/resource-information">
        <valueString value="OrganizationAffiliation"/>
      </extension>
      <reference>
        <reference value="OrganizationAffiliation/HartfordOrthopedicAffil"/>
      </reference>
      <name value="HartfordOrthopedicAffil"/>
      <description value="Hartford Orthopedic Services affiliation with Acme of CT Provider Network and Hartford General Hospital"/>
      <exampleCanonical value="http://hl7.org/fhir/us/davinci-pdex-plan-net/StructureDefinition/plannet-OrganizationAffiliation"/>
    </resource>
    <resource>
      <extension url="http://hl7.org/fhir/tools/StructureDefinition/resource-information">
        <valueString value="HealthcareService"/>
      </extension>
      <reference>
        <reference value="HealthcareService/HartfordOrthopedicServices"/>
      </reference>
      <name value="HartfordOrthopedicServices"/>
      <description value="Hartford Orthopedic Services"/>
      <exampleCanonical value="http://hl7.org/fhir/us/davinci-pdex-plan-net/StructureDefinition/plannet-HealthcareService"/>
    </resource>
    <resource>
      <extension url="http://hl7.org/fhir/tools/StructureDefinition/resource-information">
        <valueString value="Organization"/>
      </extension>
      <reference>
        <reference value="Organization/HartfordOrthopedics"/>
      </reference>
      <name value="HartfordOrthopedics"/>
      <description value="Hartford Orthpedic Services is a group providing Orthpods for Acme of CT at Hartford General Hospital"/>
      <exampleCanonical value="http://hl7.org/fhir/us/davinci-pdex-plan-net/StructureDefinition/plannet-Organization"/>
    </resource>
    <resource>
      <extension url="http://hl7.org/fhir/tools/StructureDefinition/resource-information">
        <valueString value="HealthcareService"/>
      </extension>
      <reference>
        <reference value="HealthcareService/HospERService"/>
      </reference>
      <name value="HospERService"/>
      <description value="Hartford General Hospital ER"/>
      <exampleCanonical value="http://hl7.org/fhir/us/davinci-pdex-plan-net/StructureDefinition/plannet-HealthcareService"/>
    </resource>
    <resource>
      <extension url="http://hl7.org/fhir/tools/StructureDefinition/resource-information">
        <valueString value="Location"/>
      </extension>
      <reference>
        <reference value="Location/HospLoc1"/>
      </reference>
      <name value="HospLoc1"/>
      <description value="Location1 of Hartford Hospital"/>
      <exampleCanonical value="http://hl7.org/fhir/us/davinci-pdex-plan-net/StructureDefinition/plannet-Location"/>
    </resource>
    <resource>
      <extension url="http://hl7.org/fhir/tools/StructureDefinition/resource-information">
        <valueString value="Location"/>
      </extension>
      <reference>
        <reference value="Location/HospLoc2"/>
      </reference>
      <name value="HospLoc2"/>
      <description value="Location2 of Hartford Hospital"/>
      <exampleCanonical value="http://hl7.org/fhir/us/davinci-pdex-plan-net/StructureDefinition/plannet-Location"/>
    </resource>
    <resource>
      <extension url="http://hl7.org/fhir/tools/StructureDefinition/resource-information">
        <valueString value="Organization"/>
      </extension>
      <reference>
        <reference value="Organization/Hospital"/>
      </reference>
      <name value="Hospital"/>
      <description value="Hartford General Hospital"/>
      <exampleCanonical value="http://hl7.org/fhir/us/davinci-pdex-plan-net/StructureDefinition/plannet-Organization"/>
    </resource>
    <resource>
      <extension url="http://hl7.org/fhir/tools/StructureDefinition/resource-information">
        <valueString value="Practitioner"/>
      </extension>
      <reference>
        <reference value="Practitioner/JoeSmith"/>
      </reference>
      <name value="JoeSmith"/>
      <description value="Practitioner Dr Joe Smith"/>
      <exampleCanonical value="http://hl7.org/fhir/us/davinci-pdex-plan-net/StructureDefinition/plannet-Practitioner"/>
    </resource>
    <resource>
      <extension url="http://hl7.org/fhir/tools/StructureDefinition/resource-information">
        <valueString value="PractitionerRole"/>
      </extension>
      <reference>
        <reference value="PractitionerRole/JoeSmithRole1"/>
      </reference>
      <name value="JoeSmithRole1"/>
      <description value="Dr Smith moonlighting as ER Doc at Hartford Hospital"/>
      <exampleCanonical value="http://hl7.org/fhir/us/davinci-pdex-plan-net/StructureDefinition/plannet-PractitionerRole"/>
    </resource>
    <resource>
      <extension url="http://hl7.org/fhir/tools/StructureDefinition/resource-information">
        <valueString value="PractitionerRole"/>
      </extension>
      <reference>
        <reference value="PractitionerRole/JoeSmithRole2"/>
      </reference>
      <name value="JoeSmithRole2"/>
      <description value="Dr Smith Internal Medicine at Burr Clinic"/>
      <exampleCanonical value="http://hl7.org/fhir/us/davinci-pdex-plan-net/StructureDefinition/plannet-PractitionerRole"/>
    </resource>
    <resource>
      <extension url="http://hl7.org/fhir/tools/StructureDefinition/resource-information">
        <valueString value="PractitionerRole"/>
      </extension>
      <reference>
        <reference value="PractitionerRole/JoeSmithRole3"/>
      </reference>
      <name value="JoeSmithRole3"/>
      <description value="Dr Smith Admitting Privileges at Hartford General"/>
      <exampleCanonical value="http://hl7.org/fhir/us/davinci-pdex-plan-net/StructureDefinition/plannet-PractitionerRole"/>
    </resource>
    <resource>
      <extension url="http://hl7.org/fhir/tools/StructureDefinition/resource-information">
        <valueString value="Organization"/>
      </extension>
      <reference>
        <reference value="Organization/PharmChain"/>
      </reference>
      <name value="PharmChain"/>
      <description value="Organization that Provides Pharmacy Services"/>
      <exampleCanonical value="http://hl7.org/fhir/us/davinci-pdex-plan-net/StructureDefinition/plannet-Organization"/>
    </resource>
    <resource>
      <extension url="http://hl7.org/fhir/tools/StructureDefinition/resource-information">
        <valueString value="OrganizationAffiliation"/>
      </extension>
      <reference>
        <reference value="OrganizationAffiliation/PharmChainAffil1"/>
      </reference>
      <name value="PharmChainAffil1"/>
      <description value="Organization Affiliation for PharmChain (Retail)"/>
      <exampleCanonical value="http://hl7.org/fhir/us/davinci-pdex-plan-net/StructureDefinition/plannet-OrganizationAffiliation"/>
    </resource>
    <resource>
      <extension url="http://hl7.org/fhir/tools/StructureDefinition/resource-information">
        <valueString value="OrganizationAffiliation"/>
      </extension>
      <reference>
        <reference value="OrganizationAffiliation/PharmChainAffil2"/>
      </reference>
      <name value="PharmChainAffil2"/>
      <description value="Organization Affiliation for PharmChain (Compounding)"/>
      <exampleCanonical value="http://hl7.org/fhir/us/davinci-pdex-plan-net/StructureDefinition/plannet-OrganizationAffiliation"/>
    </resource>
    <resource>
      <extension url="http://hl7.org/fhir/tools/StructureDefinition/resource-information">
        <valueString value="OrganizationAffiliation"/>
      </extension>
      <reference>
        <reference value="OrganizationAffiliation/PharmChainAffil3"/>
      </reference>
      <name value="PharmChainAffil3"/>
      <description value="Organization Affiliation for PharmChain (MailOrder)"/>
      <exampleCanonical value="http://hl7.org/fhir/us/davinci-pdex-plan-net/StructureDefinition/plannet-OrganizationAffiliation"/>
    </resource>
    <resource>
      <extension url="http://hl7.org/fhir/tools/StructureDefinition/resource-information">
        <valueString value="HealthcareService"/>
      </extension>
      <reference>
        <reference value="HealthcareService/PharmChainCompService"/>
      </reference>
      <name value="PharmChainCompService"/>
      <description value="Compound Pharmacy Service provided by PharmacyOrganization A"/>
      <exampleCanonical value="http://hl7.org/fhir/us/davinci-pdex-plan-net/StructureDefinition/plannet-HealthcareService"/>
    </resource>
    <resource>
      <extension url="http://hl7.org/fhir/tools/StructureDefinition/resource-information">
        <valueString value="HealthcareService"/>
      </extension>
      <reference>
        <reference value="HealthcareService/PharmChainMailService"/>
      </reference>
      <name value="PharmChainMailService"/>
      <description value="Mail Order Pharmacy Service provided by PharmacyOrganization A"/>
      <exampleCanonical value="http://hl7.org/fhir/us/davinci-pdex-plan-net/StructureDefinition/plannet-HealthcareService"/>
    </resource>
    <resource>
      <extension url="http://hl7.org/fhir/tools/StructureDefinition/resource-information">
        <valueString value="HealthcareService"/>
      </extension>
      <reference>
        <reference value="HealthcareService/PharmChainRetailService"/>
      </reference>
      <name value="PharmChainRetailService"/>
      <description value="Pharmacy Service provided by PharmChain"/>
      <exampleCanonical value="http://hl7.org/fhir/us/davinci-pdex-plan-net/StructureDefinition/plannet-HealthcareService"/>
    </resource>
    <resource>
      <extension url="http://hl7.org/fhir/tools/StructureDefinition/resource-information">
        <valueString value="Location"/>
      </extension>
      <reference>
        <reference value="Location/PharmLoc1"/>
      </reference>
      <name value="PharmLoc1"/>
      <description value="Location of Pharmacy1 in PharmChain's network"/>
      <exampleCanonical value="http://hl7.org/fhir/us/davinci-pdex-plan-net/StructureDefinition/plannet-Location"/>
    </resource>
    <resource>
      <extension url="http://hl7.org/fhir/tools/StructureDefinition/resource-information">
        <valueString value="Location"/>
      </extension>
      <reference>
        <reference value="Location/PharmLoc2"/>
      </reference>
      <name value="PharmLoc2"/>
      <description value="Location of Pharmacy2 in PharmChain's network"/>
      <exampleCanonical value="http://hl7.org/fhir/us/davinci-pdex-plan-net/StructureDefinition/plannet-Location"/>
    </resource>
    <resource>
      <extension url="http://hl7.org/fhir/tools/StructureDefinition/resource-information">
        <valueString value="Location"/>
      </extension>
      <reference>
        <reference value="Location/PharmLoc3"/>
      </reference>
      <name value="PharmLoc3"/>
      <description value="Location of Pharmacy3 in PharmChain's network"/>
      <exampleCanonical value="http://hl7.org/fhir/us/davinci-pdex-plan-net/StructureDefinition/plannet-Location"/>
    </resource>
    <resource>
      <extension url="http://hl7.org/fhir/tools/StructureDefinition/resource-information">
        <valueString value="Location"/>
      </extension>
      <reference>
        <reference value="Location/PharmLoc4"/>
      </reference>
      <name value="PharmLoc4"/>
      <description value="Location of Pharmacy4 in PharmChain's network"/>
      <exampleCanonical value="http://hl7.org/fhir/us/davinci-pdex-plan-net/StructureDefinition/plannet-Location"/>
    </resource>
    <resource>
      <extension url="http://hl7.org/fhir/tools/StructureDefinition/resource-information">
        <valueString value="Location"/>
      </extension>
      <reference>
        <reference value="Location/StateOfCTLocation"/>
      </reference>
      <name value="StateOfCTLocation"/>
      <description value="State of CT Area"/>
      <exampleCanonical value="http://hl7.org/fhir/us/davinci-pdex-plan-net/StructureDefinition/plannet-Location"/>
    </resource>
    <resource>
      <extension url="http://hl7.org/fhir/tools/StructureDefinition/resource-information">
        <valueString value="HealthcareService"/>
      </extension>
      <reference>
        <reference value="HealthcareService/VirtualCounselService"/>
      </reference>
      <name value="VirtualCounselService"/>
      <description value="Virtual Counseling Service"/>
      <exampleCanonical value="http://hl7.org/fhir/us/davinci-pdex-plan-net/StructureDefinition/plannet-HealthcareService"/>
    </resource>
    <resource>
      <extension url="http://hl7.org/fhir/tools/StructureDefinition/resource-information">
        <valueString value="CapabilityStatement"/>
      </extension>
      <reference>
        <reference value="CapabilityStatement/plan-net"/>
      </reference>
      <name value="Plan-Net CapabilityStatement"/>
      <description value="This Section describes the expected capabilities of the Plan-Net Server actor which is responsible for providing responses to the queries submitted by the Plan-Net Requestors. The complete list of FHIR profiles, RESTful operations, and search parameters supported by Plan-Net Servers are defined. Systems implementing this capability statement should meet the CMS FInal Rule requirement for provider directory access.  Plan-Net  Clients can use the required capabilities to access necessary data based on their local use cases and other contextual requirements."/>
      <exampleBoolean value="false"/>
    </resource>
    <resource>
      <extension url="http://hl7.org/fhir/tools/StructureDefinition/resource-information">
        <valueString value="SearchParameter"/>
      </extension>
      <reference>
        <reference value="SearchParameter/endpoint-organization"/>
      </reference>
      <name value="Plannet_sp_endpoint_organization"/>
      <description value="Select Endpoints managed by the specified organization"/>
      <exampleBoolean value="false"/>
    </resource>
    <resource>
      <extension url="http://hl7.org/fhir/tools/StructureDefinition/resource-information">
        <valueString value="SearchParameter"/>
      </extension>
      <reference>
        <reference value="SearchParameter/healthcareservice-coverage-area"/>
      </reference>
      <name value="Plannet_sp_healthcareservice_coverage_area"/>
      <description value="Select services available in a region described by the specified location"/>
      <exampleBoolean value="false"/>
    </resource>
    <resource>
      <extension url="http://hl7.org/fhir/tools/StructureDefinition/resource-information">
        <valueString value="SearchParameter"/>
      </extension>
      <reference>
        <reference value="SearchParameter/healthcareservice-organization"/>
      </reference>
      <name value="Plannet_sp_healthcareservice_organization"/>
      <description value="Select HealthcareServices provided by the specified organization"/>
      <exampleBoolean value="false"/>
    </resource>
    <resource>
      <extension url="http://hl7.org/fhir/tools/StructureDefinition/resource-information">
        <valueString value="SearchParameter"/>
      </extension>
      <reference>
        <reference value="SearchParameter/healthcareservice-endpoint"/>
      </reference>
      <name value="Plannet_sp_healthcareservice_endpoint"/>
      <description value="Select HealthcareServices with the specified endpoint"/>
      <exampleBoolean value="false"/>
    </resource>
    <resource>
      <extension url="http://hl7.org/fhir/tools/StructureDefinition/resource-information">
        <valueString value="SearchParameter"/>
      </extension>
      <reference>
        <reference value="SearchParameter/healthcareservice-location"/>
      </reference>
      <name value="Plannet_sp_healthcareservice_location"/>
      <description value="Select HealthcareServices available at the specified location"/>
      <exampleBoolean value="false"/>
    </resource>
    <resource>
      <extension url="http://hl7.org/fhir/tools/StructureDefinition/resource-information">
        <valueString value="SearchParameter"/>
      </extension>
      <reference>
        <reference value="SearchParameter/healthcareservice-name"/>
      </reference>
      <name value="Plannet_sp_healthcareservice_name"/>
      <description value="Select HealthcareServices with the specified name"/>
      <exampleBoolean value="false"/>
    </resource>
    <resource>
      <extension url="http://hl7.org/fhir/tools/StructureDefinition/resource-information">
        <valueString value="SearchParameter"/>
      </extension>
      <reference>
        <reference value="SearchParameter/healthcareservice-service-category"/>
      </reference>
      <name value="Plannet_sp_healthcareservice_category"/>
      <description value="Select HealthcareServices providing the specified category of services"/>
      <exampleBoolean value="false"/>
    </resource>
    <resource>
      <extension url="http://hl7.org/fhir/tools/StructureDefinition/resource-information">
        <valueString value="SearchParameter"/>
      </extension>
      <reference>
        <reference value="SearchParameter/healthcareservice-service-type"/>
      </reference>
      <name value="Plannet_sp_healthcareservice_type"/>
      <description value="Select HealthcareServices of the specified type"/>
      <exampleBoolean value="false"/>
    </resource>
    <resource>
      <extension url="http://hl7.org/fhir/tools/StructureDefinition/resource-information">
        <valueString value="SearchParameter"/>
      </extension>
      <reference>
        <reference value="SearchParameter/healthcareservice-specialty"/>
      </reference>
      <name value="Plannet_sp_healthcareservice_specialty"/>
      <description value="Select services associated with the specified specialty"/>
      <exampleBoolean value="false"/>
    </resource>
    <resource>
      <extension url="http://hl7.org/fhir/tools/StructureDefinition/resource-information">
        <valueString value="SearchParameter"/>
      </extension>
      <reference>
        <reference value="SearchParameter/insuranceplan-administered-by"/>
      </reference>
      <name value="Plannet_sp_insuranceplan_administered_by"/>
      <description value="Select products that are administered by the specified organization"/>
      <exampleBoolean value="false"/>
    </resource>
    <resource>
      <extension url="http://hl7.org/fhir/tools/StructureDefinition/resource-information">
        <valueString value="SearchParameter"/>
      </extension>
      <reference>
        <reference value="SearchParameter/insuranceplan-coverage-area"/>
      </reference>
      <name value="Plannet_sp_insuranceplan_coverage_area"/>
      <description value="Select products that are offered in the specified location"/>
      <exampleBoolean value="false"/>
    </resource>
    <resource>
      <extension url="http://hl7.org/fhir/tools/StructureDefinition/resource-information">
        <valueString value="SearchParameter"/>
      </extension>
      <reference>
        <reference value="SearchParameter/insuranceplan-identifier"/>
      </reference>
      <name value="Plannet_sp_insuranceplan_identifier"/>
      <description value="Select products with the specified identifier"/>
      <exampleBoolean value="false"/>
    </resource>
    <resource>
      <extension url="http://hl7.org/fhir/tools/StructureDefinition/resource-information">
        <valueString value="SearchParameter"/>
      </extension>
      <reference>
        <reference value="SearchParameter/insuranceplan-name"/>
      </reference>
      <name value="Plannet_sp_insuranceplan_name"/>
      <description value="Select products with the specified name"/>
      <exampleBoolean value="false"/>
    </resource>
    <resource>
      <extension url="http://hl7.org/fhir/tools/StructureDefinition/resource-information">
        <valueString value="SearchParameter"/>
      </extension>
      <reference>
        <reference value="SearchParameter/insuranceplan-owned-by"/>
      </reference>
      <name value="Plannet_sp_insuranceplan_owned_by"/>
      <description value="Select products that are owned by the specified organization"/>
      <exampleBoolean value="false"/>
    </resource>
    <resource>
      <extension url="http://hl7.org/fhir/tools/StructureDefinition/resource-information">
        <valueString value="SearchParameter"/>
      </extension>
      <reference>
        <reference value="SearchParameter/insuranceplan-plan-type"/>
      </reference>
      <name value="Plannet_sp_insuranceplan_plan_type"/>
      <description value="Select plans of the specified type"/>
      <exampleBoolean value="false"/>
    </resource>
    <resource>
      <extension url="http://hl7.org/fhir/tools/StructureDefinition/resource-information">
        <valueString value="SearchParameter"/>
      </extension>
      <reference>
        <reference value="SearchParameter/insuranceplan-type"/>
      </reference>
      <name value="Plannet_sp_insuranceplan_type"/>
      <description value="Select insurance plans of the specified type"/>
      <exampleBoolean value="false"/>
    </resource>
    <resource>
      <extension url="http://hl7.org/fhir/tools/StructureDefinition/resource-information">
        <valueString value="SearchParameter"/>
      </extension>
      <reference>
        <reference value="SearchParameter/location-address-city"/>
      </reference>
      <name value="Plannet_sp_location_address_city"/>
      <description value="Select Locations with the specified address.city"/>
      <exampleBoolean value="false"/>
    </resource>
    <resource>
      <extension url="http://hl7.org/fhir/tools/StructureDefinition/resource-information">
        <valueString value="SearchParameter"/>
      </extension>
      <reference>
        <reference value="SearchParameter/location-address-postalcode"/>
      </reference>
      <name value="Plannet_sp_location_address_postalcode"/>
      <description value="Select Locations with the specified address"/>
      <exampleBoolean value="false"/>
    </resource>
    <resource>
      <extension url="http://hl7.org/fhir/tools/StructureDefinition/resource-information">
        <valueString value="SearchParameter"/>
      </extension>
      <reference>
        <reference value="SearchParameter/location-address-state"/>
      </reference>
      <name value="Plannet_sp_location_address_state"/>
      <description value="Select Locations with the specified address.state"/>
      <exampleBoolean value="false"/>
    </resource>
    <resource>
      <extension url="http://hl7.org/fhir/tools/StructureDefinition/resource-information">
        <valueString value="SearchParameter"/>
      </extension>
      <reference>
        <reference value="SearchParameter/location-address"/>
      </reference>
      <name value="Plannet_sp_location_address"/>
      <description value="Select Locations with the specified address"/>
      <exampleBoolean value="false"/>
    </resource>
    <resource>
      <extension url="http://hl7.org/fhir/tools/StructureDefinition/resource-information">
        <valueString value="SearchParameter"/>
      </extension>
      <reference>
        <reference value="SearchParameter/location-endpoint"/>
      </reference>
      <name value="Plannet_sp_location_endpoint"/>
      <description value="Select Locations with the specified endpoint"/>
      <exampleBoolean value="false"/>
    </resource>
    <resource>
      <extension url="http://hl7.org/fhir/tools/StructureDefinition/resource-information">
        <valueString value="SearchParameter"/>
      </extension>
      <reference>
        <reference value="SearchParameter/location-organization"/>
      </reference>
      <name value="Plannet_sp_location_organization"/>
      <description value="Select Locations managed by the specified organization"/>
      <exampleBoolean value="false"/>
    </resource>
    <resource>
      <extension url="http://hl7.org/fhir/tools/StructureDefinition/resource-information">
        <valueString value="SearchParameter"/>
      </extension>
      <reference>
        <reference value="SearchParameter/location-partof"/>
      </reference>
      <name value="Plannet_sp_location_partof"/>
      <description value="Select Locations that are part of the specified location"/>
      <exampleBoolean value="false"/>
    </resource>
    <resource>
      <extension url="http://hl7.org/fhir/tools/StructureDefinition/resource-information">
        <valueString value="SearchParameter"/>
      </extension>
      <reference>
        <reference value="SearchParameter/location-type"/>
      </reference>
      <name value="Plannet_sp_location_type"/>
      <description value="Select Locations of the specified type"/>
      <exampleBoolean value="false"/>
    </resource>
    <resource>
      <extension url="http://hl7.org/fhir/tools/StructureDefinition/resource-information">
        <valueString value="SearchParameter"/>
      </extension>
      <reference>
        <reference value="SearchParameter/organization-address"/>
      </reference>
      <name value="Plannet_sp_organization_address"/>
      <description value="Select organizations with the specified address (matches any of the string elements of an address)"/>
      <exampleBoolean value="false"/>
    </resource>
    <resource>
      <extension url="http://hl7.org/fhir/tools/StructureDefinition/resource-information">
        <valueString value="SearchParameter"/>
      </extension>
      <reference>
        <reference value="SearchParameter/organization-coverage-area"/>
      </reference>
      <name value="Plannet_sp_network_coverage_area"/>
      <description value="Select health insurance provider networks available in a region described by the specified location"/>
      <exampleBoolean value="false"/>
    </resource>
    <resource>
      <extension url="http://hl7.org/fhir/tools/StructureDefinition/resource-information">
        <valueString value="SearchParameter"/>
      </extension>
      <reference>
        <reference value="SearchParameter/organization-endpoint"/>
      </reference>
      <name value="Plannet_sp_organization_endpoint"/>
      <description value="Select Organizations with the specified endpoint"/>
      <exampleBoolean value="false"/>
    </resource>
    <resource>
      <extension url="http://hl7.org/fhir/tools/StructureDefinition/resource-information">
        <valueString value="SearchParameter"/>
      </extension>
      <reference>
        <reference value="SearchParameter/organization-name"/>
      </reference>
      <name value="Plannet_sp_organization_name"/>
      <description value="Select Organizations with the specified name"/>
      <exampleBoolean value="false"/>
    </resource>
    <resource>
      <extension url="http://hl7.org/fhir/tools/StructureDefinition/resource-information">
        <valueString value="SearchParameter"/>
      </extension>
      <reference>
        <reference value="SearchParameter/organization-partof"/>
      </reference>
      <name value="Plannet_sp_organization_partof"/>
      <description value="Select Organizations that are part of the specified organization"/>
      <exampleBoolean value="false"/>
    </resource>
    <resource>
      <extension url="http://hl7.org/fhir/tools/StructureDefinition/resource-information">
        <valueString value="SearchParameter"/>
      </extension>
      <reference>
        <reference value="SearchParameter/organization-type"/>
      </reference>
      <name value="Plannet_sp_organization_type"/>
      <description value="Select Organizations of the specified type"/>
      <exampleBoolean value="false"/>
    </resource>
    <resource>
      <extension url="http://hl7.org/fhir/tools/StructureDefinition/resource-information">
        <valueString value="SearchParameter"/>
      </extension>
      <reference>
        <reference value="SearchParameter/organizationaffiliation-endpoint"/>
      </reference>
      <name value="Plannet_sp_organizationaffiliation_endpoint"/>
      <description value="Select OrganizationAffiliations with the specified endpoint"/>
      <exampleBoolean value="false"/>
    </resource>
    <resource>
      <extension url="http://hl7.org/fhir/tools/StructureDefinition/resource-information">
        <valueString value="SearchParameter"/>
      </extension>
      <reference>
        <reference value="SearchParameter/organizationaffiliation-location"/>
      </reference>
      <name value="Plannet_sp_organizationaffiliation_location"/>
      <description value="Select OrganizationAffiliations available at the specified location"/>
      <exampleBoolean value="false"/>
    </resource>
    <resource>
      <extension url="http://hl7.org/fhir/tools/StructureDefinition/resource-information">
        <valueString value="SearchParameter"/>
      </extension>
      <reference>
        <reference value="SearchParameter/organizationaffiliation-network"/>
      </reference>
      <name value="Plannet_sp_organizationaffiliation_network"/>
      <description value="Select roles where the organization is a member of the specified health insurance provider network"/>
      <exampleBoolean value="false"/>
    </resource>
    <resource>
      <extension url="http://hl7.org/fhir/tools/StructureDefinition/resource-information">
        <valueString value="SearchParameter"/>
      </extension>
      <reference>
        <reference value="SearchParameter/organizationaffiliation-participating-organization"/>
      </reference>
      <name value="Plannet_sp_organizationaffiliation_participating_organization"/>
      <description value="Select roles filled by the specified organization"/>
      <exampleBoolean value="false"/>
    </resource>
    <resource>
      <extension url="http://hl7.org/fhir/tools/StructureDefinition/resource-information">
        <valueString value="SearchParameter"/>
      </extension>
      <reference>
        <reference value="SearchParameter/organizationaffiliation-period"/>
      </reference>
      <name value="Plannet_sp_organizationaffiliation_period"/>
      <description value="Select Organization Affiliations available in the specified period"/>
      <exampleBoolean value="false"/>
    </resource>
    <resource>
      <extension url="http://hl7.org/fhir/tools/StructureDefinition/resource-information">
        <valueString value="SearchParameter"/>
      </extension>
      <reference>
        <reference value="SearchParameter/organizationaffiliation-primary-organization"/>
      </reference>
      <name value="Plannet_sp_organizationaffiliation_primary_organization"/>
      <description value="Select roles offered by the specified organization"/>
      <exampleBoolean value="false"/>
    </resource>
    <resource>
      <extension url="http://hl7.org/fhir/tools/StructureDefinition/resource-information">
        <valueString value="SearchParameter"/>
      </extension>
      <reference>
        <reference value="SearchParameter/organizationaffiliation-role"/>
      </reference>
      <name value="Plannet_sp_organizationaffiliation_role"/>
      <description value="Select OrganizationAffiliations with the specified role"/>
      <exampleBoolean value="false"/>
    </resource>
    <resource>
      <extension url="http://hl7.org/fhir/tools/StructureDefinition/resource-information">
        <valueString value="SearchParameter"/>
      </extension>
      <reference>
        <reference value="SearchParameter/organizationaffiliation-service"/>
      </reference>
      <name value="Plannet_sp_organizationaffiliation_service"/>
      <description value="Select OrganizationAffiliations providing the specified service"/>
      <exampleBoolean value="false"/>
    </resource>
    <resource>
      <extension url="http://hl7.org/fhir/tools/StructureDefinition/resource-information">
        <valueString value="SearchParameter"/>
      </extension>
      <reference>
        <reference value="SearchParameter/organizationaffiliation-specialty"/>
      </reference>
      <name value="Plannet_sp_organizationaffiliation_specialty"/>
      <description value="Select OrganizationAffiliations associated with the specified specialty"/>
      <exampleBoolean value="false"/>
    </resource>
    <resource>
      <extension url="http://hl7.org/fhir/tools/StructureDefinition/resource-information">
        <valueString value="SearchParameter"/>
      </extension>
      <reference>
        <reference value="SearchParameter/practitioner-family-name"/>
      </reference>
      <name value="Plannet_sp_practitioner_family_name"/>
      <description value="Select Practitioners with the specified family name"/>
      <exampleBoolean value="false"/>
    </resource>
    <resource>
      <extension url="http://hl7.org/fhir/tools/StructureDefinition/resource-information">
        <valueString value="SearchParameter"/>
      </extension>
      <reference>
        <reference value="SearchParameter/practitioner-given-name"/>
      </reference>
      <name value="Plannet_sp_practitioner_given_name"/>
      <description value="Select Practitioners with the specified given name"/>
      <exampleBoolean value="false"/>
    </resource>
    <resource>
      <extension url="http://hl7.org/fhir/tools/StructureDefinition/resource-information">
        <valueString value="SearchParameter"/>
      </extension>
      <reference>
        <reference value="SearchParameter/practitioner-name"/>
      </reference>
      <name value="Plannet_sp_practitioner_name"/>
      <description value="Select Practitioners with the specified name (matches against any of the elements in the HumanName data type)"/>
      <exampleBoolean value="false"/>
    </resource>
    <resource>
      <extension url="http://hl7.org/fhir/tools/StructureDefinition/resource-information">
        <valueString value="SearchParameter"/>
      </extension>
      <reference>
        <reference value="SearchParameter/practitionerrole-endpoint"/>
      </reference>
      <name value="Plannet_sp_practitionerrole_endpoint"/>
      <description value="Select PractitionerRoles with the specified endpoint"/>
      <exampleBoolean value="false"/>
    </resource>
    <resource>
      <extension url="http://hl7.org/fhir/tools/StructureDefinition/resource-information">
        <valueString value="SearchParameter"/>
      </extension>
      <reference>
        <reference value="SearchParameter/practitionerrole-location"/>
      </reference>
      <name value="Plannet_sp_practitionerrole_location"/>
      <description value="Select PractitionerRoles available at the specified location"/>
      <exampleBoolean value="false"/>
    </resource>
    <resource>
      <extension url="http://hl7.org/fhir/tools/StructureDefinition/resource-information">
        <valueString value="SearchParameter"/>
      </extension>
      <reference>
        <reference value="SearchParameter/practitionerrole-network"/>
      </reference>
      <name value="Plannet_sp_practitionerrole_network"/>
      <description value="Select roles where the practitioner is a member of the specified health insurance provider network"/>
      <exampleBoolean value="false"/>
    </resource>
    <resource>
      <extension url="http://hl7.org/fhir/tools/StructureDefinition/resource-information">
        <valueString value="SearchParameter"/>
      </extension>
      <reference>
        <reference value="SearchParameter/practitionerrole-organization"/>
      </reference>
      <name value="Plannet_sp_practitionerrole_organization"/>
      <description value="Select PractitionerRoles available at the specified organization"/>
      <exampleBoolean value="false"/>
    </resource>
    <resource>
      <extension url="http://hl7.org/fhir/tools/StructureDefinition/resource-information">
        <valueString value="SearchParameter"/>
      </extension>
      <reference>
        <reference value="SearchParameter/practitionerrole-period"/>
      </reference>
      <name value="Plannet_sp_practitionerrole_period"/>
      <description value="Select PractitionerRoles available in the specified period"/>
      <exampleBoolean value="false"/>
    </resource>
    <resource>
      <extension url="http://hl7.org/fhir/tools/StructureDefinition/resource-information">
        <valueString value="SearchParameter"/>
      </extension>
      <reference>
        <reference value="SearchParameter/practitionerrole-practitioner"/>
      </reference>
      <name value="Plannet_sp_practitionerrole_practitioner"/>
      <description value="Select roles filled by the specified practitioner"/>
      <exampleBoolean value="false"/>
    </resource>
    <resource>
      <extension url="http://hl7.org/fhir/tools/StructureDefinition/resource-information">
        <valueString value="SearchParameter"/>
      </extension>
      <reference>
        <reference value="SearchParameter/practitionerrole-role"/>
      </reference>
      <name value="Plannet_sp_practitionerrole_role"/>
      <description value="Select PractitionerRoles with the specified role"/>
      <exampleBoolean value="false"/>
    </resource>
    <resource>
      <extension url="http://hl7.org/fhir/tools/StructureDefinition/resource-information">
        <valueString value="SearchParameter"/>
      </extension>
      <reference>
        <reference value="SearchParameter/practitionerrole-service"/>
      </reference>
      <name value="Plannet_sp_practitionerrole_service"/>
      <description value="Select PractitionerRoles providing the specified service"/>
      <exampleBoolean value="false"/>
    </resource>
    <resource>
      <extension url="http://hl7.org/fhir/tools/StructureDefinition/resource-information">
        <valueString value="SearchParameter"/>
      </extension>
      <reference>
        <reference value="SearchParameter/practitionerrole-specialty"/>
      </reference>
      <name value="Plannet_sp_practitionerrole_specialty"/>
      <description value="Select PractitionerRoles associated with the specified specialty"/>
      <exampleBoolean value="false"/>
    </resource>
    <page>
      <nameUrl value="toc.html"/>
      <title value="Table of Contents"/>
      <generation value="html"/>
      <page>
        <nameUrl value="index.html"/>
        <title value="Home"/>
        <generation value="markdown"/>
      </page>
      <page>
        <nameUrl value="ChangeHistory.html"/>
        <title value="Change History"/>
        <generation value="markdown"/>
      </page>
      <page>
        <nameUrl value="downloads.html"/>
        <title value="Downloads"/>
        <generation value="markdown"/>
      </page>
      <page>
        <nameUrl value="examples.html"/>
        <title value="Examples"/>
        <generation value="html"/>
      </page>
      <page>
        <nameUrl value="implementation.html"/>
        <title value="Implementation"/>
        <generation value="markdown"/>
      </page>
      <page>
        <nameUrl value="profiles.html"/>
        <title value="Profiles"/>
        <generation value="markdown"/>
      </page>
    </page>
    <parameter>
      <code value="path-resource"/>
      <value value="input/capabilities"/>
    </parameter>
    <parameter>
      <code value="path-resource"/>
      <value value="input/examples"/>
    </parameter>
    <parameter>
      <code value="path-resource"/>
      <value value="input/extensions"/>
    </parameter>
    <parameter>
      <code value="path-resource"/>
      <value value="input/models"/>
    </parameter>
    <parameter>
      <code value="path-resource"/>
      <value value="input/operations"/>
    </parameter>
    <parameter>
      <code value="path-resource"/>
      <value value="input/profiles"/>
    </parameter>
    <parameter>
      <code value="path-resource"/>
      <value value="input/resources"/>
    </parameter>
    <parameter>
      <code value="path-resource"/>
      <value value="input/vocabulary"/>
    </parameter>
    <parameter>
      <code value="path-resource"/>
      <value value="input/maps"/>
    </parameter>
    <parameter>
      <code value="path-resource"/>
      <value value="input/testing"/>
    </parameter>
    <parameter>
      <code value="path-resource"/>
      <value value="input/history"/>
    </parameter>
    <parameter>
      <code value="path-resource"/>
      <value value="fsh-generated/resources"/>
    </parameter>
    <parameter>
      <code value="path-pages"/>
      <value value="template/config"/>
    </parameter>
    <parameter>
      <code value="path-pages"/>
      <value value="input/images"/>
    </parameter>
    <parameter>
      <code value="path-tx-cache"/>
      <value value="input-cache/txcache"/>
    </parameter>
  </definition>
</ImplementationGuide>