<?xml version="1.0" encoding="UTF-8"?>

<Organization xmlns="http://hl7.org/fhir">
  <id value="AcmeofCTPremNet"/>
  <meta>
    <lastUpdated value="2020-07-07T13:26:22.0314215+00:00"/>
    <profile value="http://hl7.org/fhir/us/davinci-pdex-plan-net/StructureDefinition/plannet-Network"/>
  </meta>
  <language value="en-US"/>
  <text>
    <status value="extensions"/><div xmlns="http://www.w3.org/1999/xhtml" xml:lang="en-US" lang="en-US"><p><b>Generated Narrative</b></p><div style="display: inline-block; background-color: #d9e0e7; padding: 6px; margin: 4px; border: 1px solid #8da1b4; border-radius: 5px; line-height: 60%"><p style="margin-bottom: 0px">Resource "AcmeofCTPremNet" Updated "2020-07-07 01:26:22+0000"  (Language "en-US") </p><p style="margin-bottom: 0px">Profile: <a href="StructureDefinition-plannet-Network.html">Plan-Net Network</a></p></div><p><b>Location Reference</b>: <a href="Location-StateOfCTLocation.html">Location/StateOfCTLocation</a> "State of CT Area"</p><p><b>active</b>: true</p><p><b>type</b>: Network <span style="background: LightGoldenRodYellow; margin: 4px; border: 1px solid khaki"> (<a href="CodeSystem-OrgTypeCS.html">Organization Type</a>#ntwk)</span></p><p><b>name</b>: ACME CT Premium Preferred Provider Network</p><p><b>partOf</b>: <a href="Organization-Acme.html">Organization/Acme</a> "Acme of CT"</p><h3>Contacts</h3><table class="grid"><tr><td>-</td><td><b>Name</b></td><td><b>Telecom</b></td></tr><tr><td>*</td><td>Jane Kawasaki </td><td>-unknown-</td></tr></table></div>
  </text>
  <extension url="http://hl7.org/fhir/us/davinci-pdex-plan-net/StructureDefinition/location-reference">
    <valueReference>
      <reference value="Location/StateOfCTLocation"/>
    </valueReference>
  </extension>
  <active value="true"/>
  <type>
    <coding>
      <system value="http://hl7.org/fhir/us/davinci-pdex-plan-net/CodeSystem/OrgTypeCS"/>
      <code value="ntwk"/>
      <display value="Network"/>
    </coding>
  </type>
  <name value="ACME CT Premium Preferred Provider Network"/>
  <partOf>
    <reference value="Organization/Acme"/>
  </partOf>
  <contact>
    <name>
      <family value="Kawasaki"/>
      <given value="Jane"/>
    </name>
    <telecom>
      <extension url="http://hl7.org/fhir/us/davinci-pdex-plan-net/StructureDefinition/via-intermediary">
        <valueReference>
          <reference value="Organization/Acme"/>
        </valueReference>
      </extension>
    </telecom>
  </contact>
</Organization>