<?xml version="1.0" encoding="UTF-8"?>

<OrganizationAffiliation xmlns="http://hl7.org/fhir">
  <id value="BurrClinicAffil"/>
  <meta>
    <lastUpdated value="2020-07-07T13:26:22.0314215+00:00"/>
    <profile value="http://hl7.org/fhir/us/davinci-pdex-plan-net/StructureDefinition/plannet-OrganizationAffiliation"/>
  </meta>
  <language value="en-US"/>
  <text>
    <status value="generated"/><div xmlns="http://www.w3.org/1999/xhtml" xml:lang="en-US" lang="en-US"><p><b>Generated Narrative</b></p><div style="display: inline-block; background-color: #d9e0e7; padding: 6px; margin: 4px; border: 1px solid #8da1b4; border-radius: 5px; line-height: 60%"><p style="margin-bottom: 0px">Resource "BurrClinicAffil" Updated "2020-07-07 01:26:22+0000"  (Language "en-US") </p><p style="margin-bottom: 0px">Profile: <a href="StructureDefinition-plannet-OrganizationAffiliation.html">Plan-Net OrganizationAffiliation</a></p></div><p><b>active</b>: true</p><p><b>organization</b>: <a href="Organization-Hospital.html">Organization/Hospital</a> "Hartford General Hospital"</p><p><b>participatingOrganization</b>: <a href="Organization-BurrClinic.html">Organization/BurrClinic</a> "Burr Clinic"</p><p><b>network</b>: <a href="Organization-AcmeofCTStdNet.html">Organization/AcmeofCTStdNet</a> "ACME CT Preferred Provider Network"</p><p><b>code</b>: Clinic or Outpatient Facility <span style="background: LightGoldenRodYellow; margin: 4px; border: 1px solid khaki"> (<a href="CodeSystem-OrganizationAffiliationRoleCS.html">Organization Affiliation Role</a>#outpatient)</span></p><p><b>location</b>: <a href="Location-HospLoc2.html">Location/HospLoc2</a> "Hartford Hospital Location 2"</p><p><b>healthcareService</b>: <a href="HealthcareService-BurrClinicServices.html">HealthcareService/BurrClinicServices</a></p></div>
  </text>
  <active value="true"/>
  <organization>
    <reference value="Organization/Hospital"/>
  </organization>
  <participatingOrganization>
    <reference value="Organization/BurrClinic"/>
  </participatingOrganization>
  <network>
    <reference value="Organization/AcmeofCTStdNet"/>
  </network>
  <code>
    <coding>
      <system value="http://hl7.org/fhir/us/davinci-pdex-plan-net/CodeSystem/OrganizationAffiliationRoleCS"/>
      <code value="outpatient"/>
    </coding>
  </code>
  <location>
    <reference value="Location/HospLoc2"/>
  </location>
  <healthcareService>
    <reference value="HealthcareService/BurrClinicServices"/>
  </healthcareService>
</OrganizationAffiliation>