<?xml version="1.0" encoding="UTF-8"?>

<OrganizationAffiliation xmlns="http://hl7.org/fhir">
  <id value="ConnHIEAffil"/>
  <meta>
    <lastUpdated value="2020-07-07T13:26:22.0314215+00:00"/>
    <profile value="http://hl7.org/fhir/us/davinci-pdex-plan-net/StructureDefinition/plannet-OrganizationAffiliation"/>
  </meta>
  <language value="en-US"/>
  <text>
    <status value="generated"/><div xmlns="http://www.w3.org/1999/xhtml" xml:lang="en-US" lang="en-US"><p><b>Generated Narrative</b></p><div style="display: inline-block; background-color: #d9e0e7; padding: 6px; margin: 4px; border: 1px solid #8da1b4; border-radius: 5px; line-height: 60%"><p style="margin-bottom: 0px">Resource "ConnHIEAffil" Updated "2020-07-07 01:26:22+0000"  (Language "en-US") </p><p style="margin-bottom: 0px">Profile: <a href="StructureDefinition-plannet-OrganizationAffiliation.html">Plan-Net OrganizationAffiliation</a></p></div><p><b>active</b>: true</p><p><b>organization</b>: <a href="Organization-ConnHIE.html">Organization/ConnHIE</a> "Connecticut HIE"</p><p><b>participatingOrganization</b>: <a href="Organization-BurrClinic.html">Organization/BurrClinic</a> "Burr Clinic"</p><p><b>code</b>: Member Of <span style="background: LightGoldenRodYellow; margin: 4px; border: 1px solid khaki"> (<a href="CodeSystem-OrganizationAffiliationRoleCS.html">Organization Affiliation Role</a>#bt)</span></p></div>
  </text>
  <active value="true"/>
  <organization>
    <reference value="Organization/ConnHIE"/>
  </organization>
  <participatingOrganization>
    <reference value="Organization/BurrClinic"/>
  </participatingOrganization>
  <code>
    <coding>
      <system value="http://hl7.org/fhir/us/davinci-pdex-plan-net/CodeSystem/OrganizationAffiliationRoleCS"/>
      <code value="bt"/>
    </coding>
  </code>
</OrganizationAffiliation>