<?xml version="1.0" encoding="UTF-8"?>

<OrganizationAffiliation xmlns="http://hl7.org/fhir">
  <id value="PharmChainAffil1"/>
  <meta>
    <lastUpdated value="2020-07-07T13:26:22.0314215+00:00"/>
    <profile value="http://hl7.org/fhir/us/davinci-pdex-plan-net/StructureDefinition/plannet-OrganizationAffiliation"/>
  </meta>
  <language value="en-US"/>
  <text>
    <status value="generated"/><div xmlns="http://www.w3.org/1999/xhtml" xml:lang="en-US" lang="en-US"><p><b>Generated Narrative</b></p><div style="display: inline-block; background-color: #d9e0e7; padding: 6px; margin: 4px; border: 1px solid #8da1b4; border-radius: 5px; line-height: 60%"><p style="margin-bottom: 0px">Resource "PharmChainAffil1" Updated "2020-07-07 01:26:22+0000"  (Language "en-US") </p><p style="margin-bottom: 0px">Profile: <a href="StructureDefinition-plannet-OrganizationAffiliation.html">Plan-Net OrganizationAffiliation</a></p></div><p><b>active</b>: true</p><p><b>participatingOrganization</b>: <a href="Organization-PharmChain.html">Organization/PharmChain</a> "Pharm Chain"</p><p><b>network</b>: <a href="Organization-AcmeofCTStdNet.html">Organization/AcmeofCTStdNet</a> "ACME CT Preferred Provider Network"</p><p><b>code</b>: Pharmacy <span style="background: LightGoldenRodYellow; margin: 4px; border: 1px solid khaki"> (<a href="CodeSystem-OrganizationAffiliationRoleCS.html">Organization Affiliation Role</a>#pharmacy)</span></p><p><b>specialty</b>: Community/Retail Pharmacy <span style="background: LightGoldenRodYellow; margin: 4px; border: 1px solid khaki"> (provider-taxonomy#3336C0003X)</span></p><p><b>location</b>: </p><ul><li><a href="Location-PharmLoc1.html">Location/PharmLoc1</a> "OrgA CT Location 1"</li><li><a href="Location-PharmLoc2.html">Location/PharmLoc2</a> "OrgA CT Location 2"</li></ul><p><b>healthcareService</b>: <a href="HealthcareService-PharmChainRetailService.html">HealthcareService/PharmChainRetailService</a> "Pharmacy by PharmChain"</p></div>
  </text>
  <active value="true"/>
  <participatingOrganization>
    <reference value="Organization/PharmChain"/>
  </participatingOrganization>
  <network>
    <reference value="Organization/AcmeofCTStdNet"/>
  </network>
  <code>
    <coding>
      <system value="http://hl7.org/fhir/us/davinci-pdex-plan-net/CodeSystem/OrganizationAffiliationRoleCS"/>
      <code value="pharmacy"/>
    </coding>
  </code>
  <specialty>
    <coding>
      <system value="http://nucc.org/provider-taxonomy"/>
      <code value="3336C0003X"/>
      <display value="Community/Retail Pharmacy"/>
    </coding>
  </specialty>
  <location>
    <reference value="Location/PharmLoc1"/>
  </location>
  <location>
    <reference value="Location/PharmLoc2"/>
  </location>
  <healthcareService>
    <reference value="HealthcareService/PharmChainRetailService"/>
  </healthcareService>
</OrganizationAffiliation>