<?xml version="1.0" encoding="UTF-8"?>

<PractitionerRole xmlns="http://hl7.org/fhir">
  <id value="JoeSmithRole1"/>
  <meta>
    <lastUpdated value="2020-07-07T13:26:22.0314215+00:00"/>
    <profile value="http://hl7.org/fhir/us/davinci-pdex-plan-net/StructureDefinition/plannet-PractitionerRole"/>
  </meta>
  <language value="en-US"/>
  <text>
    <status value="extensions"/><div xmlns="http://www.w3.org/1999/xhtml" xml:lang="en-US" lang="en-US"><p><b>Generated Narrative</b></p><div style="display: inline-block; background-color: #d9e0e7; padding: 6px; margin: 4px; border: 1px solid #8da1b4; border-radius: 5px; line-height: 60%"><p style="margin-bottom: 0px">Resource "JoeSmithRole1" Updated "2020-07-07 01:26:22+0000"  (Language "en-US") </p><p style="margin-bottom: 0px">Profile: <a href="StructureDefinition-plannet-PractitionerRole.html">Plan-Net PractitionerRole</a></p></div><p><b>Network Reference</b>: <a href="Organization-AcmeofCTStdNet.html">Organization/AcmeofCTStdNet</a> "ACME CT Preferred Provider Network"</p><p><b>active</b>: true</p><p><b>practitioner</b>: <a href="Practitioner-JoeSmith.html">Practitioner/JoeSmith</a> " SMITH"</p><p><b>organization</b>: <a href="Organization-Hospital.html">Organization/Hospital</a> "Hartford General Hospital"</p><p><b>code</b>: Physician <span style="background: LightGoldenRodYellow; margin: 4px; border: 1px solid khaki"> (<a href="CodeSystem-ProviderRoleCS.html">Provider Role Codes</a>#ph)</span></p><p><b>specialty</b>: Internal Medicine Physician <span style="background: LightGoldenRodYellow; margin: 4px; border: 1px solid khaki"> (provider-taxonomy#207R00000X)</span></p><p><b>location</b>: <a href="Location-HospLoc1.html">Location/HospLoc1</a> "Hartford Hospital Location 1"</p><p><b>healthcareService</b>: <a href="HealthcareService-HospERService.html">HealthcareService/HospERService</a></p></div>
  </text>
  <extension url="http://hl7.org/fhir/us/davinci-pdex-plan-net/StructureDefinition/network-reference">
    <valueReference>
      <reference value="Organization/AcmeofCTStdNet"/>
    </valueReference>
  </extension>
  <active value="true"/>
  <practitioner>
    <reference value="Practitioner/JoeSmith"/>
  </practitioner>
  <organization>
    <reference value="Organization/Hospital"/>
  </organization>
  <code>
    <coding>
      <system value="http://hl7.org/fhir/us/davinci-pdex-plan-net/CodeSystem/ProviderRoleCS"/>
      <code value="ph"/>
    </coding>
  </code>
  <specialty>
    <coding>
      <system value="http://nucc.org/provider-taxonomy"/>
      <code value="207R00000X"/>
      <display value="Internal Medicine Physician"/>
    </coding>
  </specialty>
  <location>
    <reference value="Location/HospLoc1"/>
  </location>
  <healthcareService>
    <reference value="HealthcareService/HospERService"/>
  </healthcareService>
</PractitionerRole>