<?xml version="1.0" encoding="UTF-8"?>

<PractitionerRole xmlns="http://hl7.org/fhir">
  <id value="CounselorRole1"/>
  <meta>
    <lastUpdated value="2020-07-07T13:26:22.0314215+00:00"/>
    <profile value="http://hl7.org/fhir/us/davinci-pdex-plan-net/StructureDefinition/plannet-PractitionerRole"/>
  </meta>
  <language value="en-US"/>
  <text>
    <status value="extensions"/><div xmlns="http://www.w3.org/1999/xhtml" xml:lang="en-US" lang="en-US"><p><b>Generated Narrative</b></p><div style="display: inline-block; background-color: #d9e0e7; padding: 6px; margin: 4px; border: 1px solid #8da1b4; border-radius: 5px; line-height: 60%"><p style="margin-bottom: 0px">Resource "CounselorRole1" Updated "2020-07-07 01:26:22+0000"  (Language "en-US") </p><p style="margin-bottom: 0px">Profile: <a href="StructureDefinition-plannet-PractitionerRole.html">Plan-Net PractitionerRole</a></p></div><p><b>Network Reference</b>: <a href="Organization-AcmeofCTStdNet.html">Organization/AcmeofCTStdNet</a> "ACME CT Preferred Provider Network"</p><p><b>active</b>: true</p><p><b>practitioner</b>: <a href="Practitioner-Counselor.html">Practitioner/Counselor</a> " SMITH"</p><p><b>code</b>: Counselor <span style="background: LightGoldenRodYellow; margin: 4px; border: 1px solid khaki"> (<a href="CodeSystem-ProviderRoleCS.html">Provider Role Codes</a>#co)</span></p><p><b>specialty</b>: Professional Counselor <span style="background: LightGoldenRodYellow; margin: 4px; border: 1px solid khaki"> (provider-taxonomy#101YP2500X)</span></p><p><b>healthcareService</b>: <a href="HealthcareService-VirtualCounselService.html">HealthcareService/VirtualCounselService</a></p></div>
  </text>
  <extension url="http://hl7.org/fhir/us/davinci-pdex-plan-net/StructureDefinition/network-reference">
    <valueReference>
      <reference value="Organization/AcmeofCTStdNet"/>
    </valueReference>
  </extension>
  <active value="true"/>
  <practitioner>
    <reference value="Practitioner/Counselor"/>
  </practitioner>
  <code>
    <coding>
      <system value="http://hl7.org/fhir/us/davinci-pdex-plan-net/CodeSystem/ProviderRoleCS"/>
      <code value="co"/>
      <display value="Counselor"/>
    </coding>
  </code>
  <specialty>
    <coding>
      <system value="http://nucc.org/provider-taxonomy"/>
      <code value="101YP2500X"/>
      <display value="Professional Counselor"/>
    </coding>
  </specialty>
  <healthcareService>
    <reference value="HealthcareService/VirtualCounselService"/>
  </healthcareService>
</PractitionerRole>