<?xml version="1.0" encoding="UTF-8"?>

<PractitionerRole xmlns="http://hl7.org/fhir">
  <id value="JoeSmithRole3"/>
  <meta>
    <lastUpdated value="2020-07-07T13:26:22.0314215+00:00"/>
    <profile value="http://hl7.org/fhir/us/davinci-pdex-plan-net/StructureDefinition/plannet-PractitionerRole"/>
  </meta>
  <language value="en-US"/>
  <text>
    <status value="extensions"/><div xmlns="http://www.w3.org/1999/xhtml" xml:lang="en-US" lang="en-US"><p><b>Generated Narrative</b></p><div style="display: inline-block; background-color: #d9e0e7; padding: 6px; margin: 4px; border: 1px solid #8da1b4; border-radius: 5px; line-height: 60%"><p style="margin-bottom: 0px">Resource "JoeSmithRole3" Updated "2020-07-07 01:26:22+0000"  (Language "en-US") </p><p style="margin-bottom: 0px">Profile: <a href="StructureDefinition-plannet-PractitionerRole.html">Plan-Net PractitionerRole</a></p></div><p><b>Network Reference</b>: <a href="Organization-AcmeofCTStdNet.html">Organization/AcmeofCTStdNet</a> "ACME CT Preferred Provider Network"</p><p><b>active</b>: true</p><p><b>organization</b>: <a href="Organization-Hospital.html">Organization/Hospital</a> "Hartford General Hospital"</p><p><b>code</b>: Admitting Privileges <span style="background: LightGoldenRodYellow; margin: 4px; border: 1px solid khaki"> (<a href="CodeSystem-ProviderRoleCS.html">Provider Role Codes</a>#ap)</span></p><p><b>specialty</b>: Internal Medicine Physician <span style="background: LightGoldenRodYellow; margin: 4px; border: 1px solid khaki"> (provider-taxonomy#207R00000X)</span>, Cardiovascular Disease Physician <span style="background: LightGoldenRodYellow; margin: 4px; border: 1px solid khaki"> (provider-taxonomy#207RC0000X)</span></p></div>
  </text>
  <extension url="http://hl7.org/fhir/us/davinci-pdex-plan-net/StructureDefinition/network-reference">
    <valueReference>
      <reference value="Organization/AcmeofCTStdNet"/>
    </valueReference>
  </extension>
  <active value="true"/>
  <organization>
    <reference value="Organization/Hospital"/>
  </organization>
  <code>
    <coding>
      <system value="http://hl7.org/fhir/us/davinci-pdex-plan-net/CodeSystem/ProviderRoleCS"/>
      <code value="ap"/>
    </coding>
  </code>
  <specialty>
    <coding>
      <system value="http://nucc.org/provider-taxonomy"/>
      <code value="207R00000X"/>
      <display value="Internal Medicine Physician"/>
    </coding>
  </specialty>
  <specialty>
    <coding>
      <system value="http://nucc.org/provider-taxonomy"/>
      <code value="207RC0000X"/>
      <display value="Cardiovascular Disease Physician"/>
    </coding>
  </specialty>
</PractitionerRole>