<?xml version="1.0" encoding="UTF-8"?>

<SearchParameter xmlns="http://hl7.org/fhir">
  <id value="organizationaffiliation-period"/>
  <text>
    <status value="generated"/><div xmlns="http://www.w3.org/1999/xhtml"><p><b>Generated Narrative</b></p><div style="display: inline-block; background-color: #d9e0e7; padding: 6px; margin: 4px; border: 1px solid #8da1b4; border-radius: 5px; line-height: 60%"><p style="margin-bottom: 0px">Resource "organizationaffiliation-period" </p></div><p><b>url</b>: <code>http://hl7.org/fhir/us/davinci-pdex-plan-net/SearchParameter/organizationaffiliation-period</code></p><p><b>version</b>: 1.1.0</p><p><b>name</b>: Plannet_sp_organizationaffiliation_period</p><p><b>derivedFrom</b>: <a href="http://hl7.org/fhir/SearchParameter/OrganizationAffiliation-date">http://hl7.org/fhir/SearchParameter/OrganizationAffiliation-date</a></p><p><b>status</b>: active</p><p><b>date</b>: 2018-05-23 12:00:00+0000</p><p><b>publisher</b>: HL7 Financial Management Working Group</p><p><b>contact</b>: HL7 Financial Management Working Group: <a href="http://www.hl7.org/Special/committees/fm">http://www.hl7.org/Special/committees/fm</a>,<a href="mailto:fm@lists.HL7.org">fm@lists.HL7.org</a></p><p><b>description</b>: Select Organization Affiliations available in the specified period</p><p><b>jurisdiction</b>: United States of America <span style="background: LightGoldenRodYellow; margin: 4px; border: 1px solid khaki"> (unknown#US)</span></p><p><b>code</b>: period</p><p><b>base</b>: OrganizationAffiliation</p><p><b>type</b>: date</p><p><b>expression</b>: OrganizationAffiliation.period</p><p><b>multipleOr</b>: true</p></div>
  </text>
  <url value="http://hl7.org/fhir/us/davinci-pdex-plan-net/SearchParameter/organizationaffiliation-period"/>
  <version value="1.1.0"/>
  <name value="Plannet_sp_organizationaffiliation_period"/>
  <derivedFrom value="http://hl7.org/fhir/SearchParameter/OrganizationAffiliation-date"/>
  <status value="active"/>
  <date value="2018-05-23T00:00:00+00:00"/>
  <publisher value="HL7 Financial Management Working Group"/>
  <contact>
    <name value="HL7 Financial Management Working Group"/>
    <telecom>
      <system value="url"/>
      <value value="http://www.hl7.org/Special/committees/fm"/>
    </telecom>
    <telecom>
      <system value="email"/>
      <value value="fm@lists.HL7.org"/>
    </telecom>
  </contact>
  <description value="Select Organization Affiliations available in the specified period"/>
  <jurisdiction>
    <coding>
      <system value="urn:iso:std:iso:3166"/>
      <code value="US"/>
    </coding>
  </jurisdiction>
  <code value="period"/>
  <base value="OrganizationAffiliation"/>
  <type value="date"/>
  <expression value="OrganizationAffiliation.period"/>
  <multipleOr value="true"/>
</SearchParameter>