<?xml version="1.0" encoding="UTF-8"?>

<ValueSet xmlns="http://hl7.org/fhir">
  <id value="NonIndividualSpecialtyAndDegreeLicenseCertificateVS"/>
  <text>
    <status value="generated"/><div xmlns="http://www.w3.org/1999/xhtml"><p>This value set includes codes based on the following rules:</p><ul><li>Import all the codes that are contained in <a href="ValueSet-NonIndividualSpecialtiesVS.html">http://hl7.org/fhir/us/davinci-pdex-plan-net/ValueSet/NonIndividualSpecialtiesVS</a></li><li>Include all codes defined in <a href="http://terminology.hl7.org/3.1.0/CodeSystem-v2-0360.html"><code>http://terminology.hl7.org/CodeSystem/v2-0360</code></a></li></ul></div>
  </text>
  <url value="http://hl7.org/fhir/us/davinci-pdex-plan-net/ValueSet/NonIndividualSpecialtyAndDegreeLicenseCertificateVS"/>
  <version value="1.1.0"/>
  <name value="NonIndividualSpecialtyAndDegreeLicenseCertificateVS"/>
  <title value="Non-Individual Specialties, Degrees, Licenses, and Certificates VS"/>
  <status value="active"/>
  <date value="2022-04-04T14:04:34+00:00"/>
  <publisher value="HL7 Financial Management Working Group"/>
  <contact>
    <name value="HL7 Financial Management Working Group"/>
    <telecom>
      <system value="url"/>
      <value value="http://www.hl7.org/Special/committees/fm"/>
    </telecom>
    <telecom>
      <system value="email"/>
      <value value="fm@lists.HL7.org"/>
    </telecom>
  </contact>
  <description value="Non-Individual Specialties, Degrees, Licenses, and Certificates"/>
  <jurisdiction>
    <coding>
      <system value="urn:iso:std:iso:3166"/>
      <code value="US"/>
    </coding>
  </jurisdiction>
  <compose>
    <include>
      <valueSet value="http://hl7.org/fhir/us/davinci-pdex-plan-net/ValueSet/NonIndividualSpecialtiesVS"/>
    </include>
    <include>
      <system value="http://terminology.hl7.org/CodeSystem/v2-0360"/>
    </include>
  </compose>
</ValueSet>