<?xml version="1.0" encoding="UTF-8"?>

<ValueSet xmlns="http://hl7.org/fhir">
  <id value="InsuranceProductTypeVS"/>
  <text>
    <status value="generated"/><div xmlns="http://www.w3.org/1999/xhtml"><ul><li>Include all codes defined in <a href="CodeSystem-InsuranceProductTypeCS.html"><code>http://hl7.org/fhir/us/davinci-pdex-plan-net/CodeSystem/InsuranceProductTypeCS</code></a></li></ul></div>
  </text>
  <url value="http://hl7.org/fhir/us/davinci-pdex-plan-net/ValueSet/InsuranceProductTypeVS"/>
  <version value="1.1.0"/>
  <name value="InsuranceProductTypeVS"/>
  <title value="Insurance Product Type VS"/>
  <status value="active"/>
  <date value="2022-04-04T14:04:34+00:00"/>
  <publisher value="HL7 Financial Management Working Group"/>
  <contact>
    <name value="HL7 Financial Management Working Group"/>
    <telecom>
      <system value="url"/>
      <value value="http://www.hl7.org/Special/committees/fm"/>
    </telecom>
    <telecom>
      <system value="email"/>
      <value value="fm@lists.HL7.org"/>
    </telecom>
  </contact>
  <description value="A distinct package of health insurance coverage benefits that are offered using a particular product network type."/>
  <jurisdiction>
    <coding>
      <system value="urn:iso:std:iso:3166"/>
      <code value="US"/>
    </coding>
  </jurisdiction>
  <compose>
    <include>
      <system value="http://hl7.org/fhir/us/davinci-pdex-plan-net/CodeSystem/InsuranceProductTypeCS"/>
    </include>
  </compose>
</ValueSet>