<?xml version="1.0" encoding="UTF-8"?>

<ValueSet xmlns="http://hl7.org/fhir">
  <id value="HealthcareServiceCategoryVS"/>
  <text>
    <status value="generated"/><div xmlns="http://www.w3.org/1999/xhtml"><ul><li>Include all codes defined in <a href="CodeSystem-HealthcareServiceCategoryCS.html"><code>http://hl7.org/fhir/us/davinci-pdex-plan-net/CodeSystem/HealthcareServiceCategoryCS</code></a></li></ul></div>
  </text>
  <url value="http://hl7.org/fhir/us/davinci-pdex-plan-net/ValueSet/HealthcareServiceCategoryVS"/>
  <version value="1.1.0"/>
  <name value="HealthcareServiceCategoryVS"/>
  <title value="Healthcare Service CategoryVS"/>
  <status value="active"/>
  <date value="2022-04-04T14:04:34+00:00"/>
  <publisher value="HL7 Financial Management Working Group"/>
  <contact>
    <name value="HL7 Financial Management Working Group"/>
    <telecom>
      <system value="url"/>
      <value value="http://www.hl7.org/Special/committees/fm"/>
    </telecom>
    <telecom>
      <system value="email"/>
      <value value="fm@lists.HL7.org"/>
    </telecom>
  </contact>
  <description value="Broad categories of healthcare services being performed or delivered."/>
  <jurisdiction>
    <coding>
      <system value="urn:iso:std:iso:3166"/>
      <code value="US"/>
    </coding>
  </jurisdiction>
  <compose>
    <include>
      <system value="http://hl7.org/fhir/us/davinci-pdex-plan-net/CodeSystem/HealthcareServiceCategoryCS"/>
    </include>
  </compose>
</ValueSet>